modelo,window_size,capas_ocultas,activacion,dropout,epocas,lr,lote,rmse_train,mae_train,rmse_test,mae_test,gap_rmse,gap_mae,ratio_rmse,ratio_mae
MLP_w6_h64x32_actleaky_relu_d0.0_e50_lr0.001_b16,6,"[64, 32]",leaky_relu,0.0,50,0.001,16,0.010861,0.008479,0.01175,0.008719,0.000888,0.000239,1.081761,1.028229
MLP_w6_h128x64x32_actrelu_d0.0_e50_lr0.0005_b8,6,"[128, 64, 32]",relu,0.0,50,0.0005,8,0.009631,0.007198,0.011813,0.008642,0.002182,0.001444,1.226547,1.200631
MLP_w6_h128x64x32_actleaky_relu_d0.0_e50_lr0.0005_b8,6,"[128, 64, 32]",leaky_relu,0.0,50,0.0005,8,0.009511,0.007113,0.011896,0.008745,0.002385,0.001632,1.250717,1.229378
MLP_w6_h32x16_actrelu_d0.0_e50_lr0.001_b16,6,"[32, 16]",relu,0.0,50,0.001,16,0.010897,0.008432,0.011928,0.008685,0.001032,0.000253,1.094686,1.030063
MLP_w6_h128x64x32_actrelu_d0.0_e50_lr0.0005_b16,6,"[128, 64, 32]",relu,0.0,50,0.0005,16,0.011001,0.00863,0.011968,0.008895,0.000967,0.000265,1.087872,1.030764
MLP_w6_h32x16_actrelu_d0.0_e50_lr0.0005_b8,6,"[32, 16]",relu,0.0,50,0.0005,8,0.009659,0.007222,0.012042,0.008725,0.002383,0.001503,1.246758,1.208081
MLP_w6_h128x64x32_actleaky_relu_d0.0_e50_lr0.0005_b16,6,"[128, 64, 32]",leaky_relu,0.0,50,0.0005,16,0.010847,0.00845,0.012053,0.008902,0.001206,0.000452,1.111187,1.05352
MLP_w6_h64x32_actleaky_relu_d0.0_e50_lr0.0005_b8,6,"[64, 32]",leaky_relu,0.0,50,0.0005,8,0.009604,0.007117,0.012128,0.008914,0.002524,0.001797,1.262832,1.252512
MLP_w6_h32x16_actleaky_relu_d0.0_e50_lr0.001_b16,6,"[32, 16]",leaky_relu,0.0,50,0.001,16,0.01049,0.008,0.012141,0.008942,0.001651,0.000942,1.157423,1.117758
MLP_w6_h32x16_actleaky_relu_d0.0_e50_lr0.0005_b8,6,"[32, 16]",leaky_relu,0.0,50,0.0005,8,0.009631,0.007199,0.012219,0.008972,0.002588,0.001773,1.268731,1.24629
MLP_w6_h64x32_actrelu_d0.0_e50_lr0.001_b16,6,"[64, 32]",relu,0.0,50,0.001,16,0.011411,0.008956,0.01222,0.008972,0.000809,1.6e-05,1.070891,1.001802
MLP_w6_h128x64x32_actleaky_relu_d0.0_e50_lr0.001_b16,6,"[128, 64, 32]",leaky_relu,0.0,50,0.001,16,0.012175,0.009678,0.012244,0.009256,6.9e-05,-0.000423,1.005666,0.956345
MLP_w6_h64x32_actrelu_d0.0_e50_lr0.001_b8,6,"[64, 32]",relu,0.0,50,0.001,8,0.009855,0.0074,0.012286,0.00899,0.00243,0.00159,1.246611,1.214879
MLP_w6_h32x16_actrelu_d0.0_e50_lr0.001_b8,6,"[32, 16]",relu,0.0,50,0.001,8,0.010138,0.00754,0.012335,0.009192,0.002197,0.001651,1.216706,1.218994
MLP_w6_h64x32_actleaky_relu_d0.0_e50_lr0.0005_b16,6,"[64, 32]",leaky_relu,0.0,50,0.0005,16,0.010593,0.008155,0.012342,0.009151,0.001749,0.000995,1.165072,1.122064
MLP_w6_h128x64x32_actrelu_d0.0_e50_lr0.001_b16,6,"[128, 64, 32]",relu,0.0,50,0.001,16,0.012147,0.009627,0.012383,0.009403,0.000236,-0.000224,1.019441,0.976743
MLP_w6_h64x32_actrelu_d0.0_e50_lr0.0005_b8,6,"[64, 32]",relu,0.0,50,0.0005,8,0.009658,0.007124,0.012386,0.009271,0.002728,0.002147,1.282475,1.301392
MLP_w4_h128x64x32_actleaky_relu_d0.1_e50_lr0.0005_b16,4,"[128, 64, 32]",leaky_relu,0.1,50,0.0005,16,0.011994,0.009343,0.012389,0.009053,0.000395,-0.00029,1.032912,0.968996
MLP_w6_h32x16_actleaky_relu_d0.0_e50_lr0.001_b8,6,"[32, 16]",leaky_relu,0.0,50,0.001,8,0.009817,0.007282,0.012391,0.009014,0.002573,0.001732,1.262139,1.237925
MLP_w5_h64x32_actrelu_d0.0_e50_lr0.0005_b16,5,"[64, 32]",relu,0.0,50,0.0005,16,0.009348,0.006775,0.012445,0.009246,0.003096,0.002471,1.331216,1.364689
MLP_w4_h128x64x32_actleaky_relu_d0.1_e50_lr0.001_b16,4,"[128, 64, 32]",leaky_relu,0.1,50,0.001,16,0.012038,0.009306,0.012455,0.009142,0.000417,-0.000163,1.034628,0.982438
MLP_w6_h128x64x32_actrelu_d0.0_e50_lr0.001_b8,6,"[128, 64, 32]",relu,0.0,50,0.001,8,0.010054,0.007689,0.012497,0.00935,0.002443,0.001661,1.243032,1.215962
MLP_w3_h64x32_actleaky_relu_d0.0_e50_lr0.001_b8,3,"[64, 32]",leaky_relu,0.0,50,0.001,8,0.010129,0.007453,0.012585,0.009398,0.002456,0.001946,1.242485,1.261051
MLP_w6_h64x32_actrelu_d0.0_e50_lr0.0005_b16,6,"[64, 32]",relu,0.0,50,0.0005,16,0.010033,0.007629,0.012605,0.009217,0.002572,0.001588,1.256337,1.208123
MLP_w6_h64x32_actleaky_relu_d0.0_e50_lr0.001_b8,6,"[64, 32]",leaky_relu,0.0,50,0.001,8,0.009951,0.007503,0.012657,0.00936,0.002706,0.001857,1.271882,1.247546
MLP_w6_h64x32_actrelu_d0.1_e50_lr0.0005_b8,6,"[64, 32]",relu,0.1,50,0.0005,8,0.011665,0.008889,0.012702,0.009316,0.001037,0.000427,1.088871,1.048017
MLP_w5_h64x32_actleaky_relu_d0.0_e50_lr0.0005_b16,5,"[64, 32]",leaky_relu,0.0,50,0.0005,16,0.009311,0.006707,0.01277,0.009578,0.00346,0.002871,1.37161,1.428032
MLP_w3_h64x32_actrelu_d0.0_e50_lr0.001_b16,3,"[64, 32]",relu,0.0,50,0.001,16,0.010136,0.007407,0.012816,0.009538,0.00268,0.002131,1.264396,1.287709
MLP_w3_h128x64x32_actleaky_relu_d0.0_e50_lr0.001_b8,3,"[128, 64, 32]",leaky_relu,0.0,50,0.001,8,0.01021,0.007498,0.012827,0.009657,0.002618,0.00216,1.256385,1.288043
MLP_w5_h32x16_actrelu_d0.0_e50_lr0.001_b16,5,"[32, 16]",relu,0.0,50,0.001,16,0.009597,0.006984,0.012863,0.009662,0.003265,0.002678,1.34021,1.383465
MLP_w6_h32x16_actrelu_d0.0_e50_lr0.0005_b16,6,"[32, 16]",relu,0.0,50,0.0005,16,0.0101,0.007616,0.012882,0.009488,0.002782,0.001872,1.275407,1.245871
MLP_w5_h64x32_actleaky_relu_d0.0_e50_lr0.001_b16,5,"[64, 32]",leaky_relu,0.0,50,0.001,16,0.00956,0.007,0.0129,0.009572,0.00334,0.002572,1.349421,1.367505
MLP_w5_h32x16_actleaky_relu_d0.0_e50_lr0.001_b16,5,"[32, 16]",leaky_relu,0.0,50,0.001,16,0.009476,0.006859,0.012909,0.009518,0.003434,0.002659,1.362365,1.387629
MLP_w3_h128x64x32_actleaky_relu_d0.0_e50_lr0.001_b16,3,"[128, 64, 32]",leaky_relu,0.0,50,0.001,16,0.009807,0.007221,0.012928,0.009516,0.003122,0.002295,1.31832,1.317835
MLP_w6_h128x64x32_actleaky_relu_d0.0_e50_lr0.001_b8,6,"[128, 64, 32]",leaky_relu,0.0,50,0.001,8,0.010208,0.00781,0.012934,0.009653,0.002726,0.001843,1.267058,1.236001
MLP_w3_h32x16_actleaky_relu_d0.0_e50_lr0.0005_b16,3,"[32, 16]",leaky_relu,0.0,50,0.0005,16,0.010305,0.007501,0.012942,0.009496,0.002637,0.001995,1.255934,1.265939
MLP_w6_h32x16_actleaky_relu_d0.0_e50_lr0.0005_b16,6,"[32, 16]",leaky_relu,0.0,50,0.0005,16,0.01015,0.007681,0.012946,0.009574,0.002796,0.001893,1.275424,1.246398
MLP_w5_h128x64x32_actleaky_relu_d0.0_e50_lr0.0005_b16,5,"[128, 64, 32]",leaky_relu,0.0,50,0.0005,16,0.009441,0.006867,0.01295,0.009719,0.003509,0.002851,1.371723,1.415209
MLP_w3_h32x16_actrelu_d0.0_e50_lr0.001_b16,3,"[32, 16]",relu,0.0,50,0.001,16,0.010427,0.007588,0.012956,0.009623,0.002529,0.002035,1.242549,1.268163
MLP_w3_h32x16_actrelu_d0.0_e50_lr0.0005_b16,3,"[32, 16]",relu,0.0,50,0.0005,16,0.010232,0.007436,0.01296,0.009582,0.002729,0.002145,1.266675,1.288497
MLP_w3_h64x32_actleaky_relu_d0.0_e50_lr0.0005_b8,3,"[64, 32]",leaky_relu,0.0,50,0.0005,8,0.010102,0.007404,0.01299,0.009842,0.002888,0.002437,1.285923,1.329207
MLP_w3_h32x16_actleaky_relu_d0.0_e50_lr0.001_b16,3,"[32, 16]",leaky_relu,0.0,50,0.001,16,0.010453,0.007649,0.012992,0.009617,0.002539,0.001968,1.242922,1.257229
MLP_w3_h128x64x32_actrelu_d0.0_e50_lr0.001_b8,3,"[128, 64, 32]",relu,0.0,50,0.001,8,0.010116,0.007478,0.013006,0.009756,0.00289,0.002278,1.285674,1.304649
MLP_w3_h128x64x32_actrelu_d0.0_e50_lr0.0005_b8,3,"[128, 64, 32]",relu,0.0,50,0.0005,8,0.010104,0.007446,0.01305,0.00985,0.002946,0.002404,1.291614,1.322876
MLP_w5_h32x16_actleaky_relu_d0.0_e50_lr0.001_b8,5,"[32, 16]",leaky_relu,0.0,50,0.001,8,0.009837,0.007228,0.013054,0.009719,0.003217,0.002492,1.327007,1.344719
MLP_w6_h32x16_actleaky_relu_d0.1_e50_lr0.001_b8,6,"[32, 16]",leaky_relu,0.1,50,0.001,8,0.011832,0.009124,0.013065,0.009397,0.001233,0.000273,1.104224,1.029914
MLP_w3_h32x16_actrelu_d0.0_e50_lr0.0005_b8,3,"[32, 16]",relu,0.0,50,0.0005,8,0.010057,0.007277,0.01307,0.009753,0.003013,0.002476,1.299584,1.340237
MLP_w3_h128x64x32_actleaky_relu_d0.0_e50_lr0.0005_b8,3,"[128, 64, 32]",leaky_relu,0.0,50,0.0005,8,0.009986,0.007406,0.013072,0.009922,0.003086,0.002516,1.309056,1.339764
MLP_w5_h64x32_actrelu_d0.0_e50_lr0.001_b16,5,"[64, 32]",relu,0.0,50,0.001,16,0.009518,0.006975,0.013079,0.009661,0.003561,0.002686,1.374147,1.385111
MLP_w3_h128x64x32_actrelu_d0.0_e50_lr0.001_b16,3,"[128, 64, 32]",relu,0.0,50,0.001,16,0.00989,0.007279,0.013096,0.009623,0.003206,0.002344,1.324215,1.322059
MLP_w3_h64x32_actrelu_d0.0_e50_lr0.0005_b8,3,"[64, 32]",relu,0.0,50,0.0005,8,0.010062,0.007354,0.013107,0.00997,0.003046,0.002616,1.30271,1.355731
MLP_w5_h32x16_actrelu_d0.0_e50_lr0.0005_b8,5,"[32, 16]",relu,0.0,50,0.0005,8,0.009581,0.00698,0.013113,0.009734,0.003533,0.002754,1.368746,1.394551
MLP_w5_h128x64x32_actrelu_d0.0_e50_lr0.0005_b16,5,"[128, 64, 32]",relu,0.0,50,0.0005,16,0.009612,0.007068,0.01313,0.009818,0.003517,0.00275,1.365902,1.389141
MLP_w3_h32x16_actleaky_relu_d0.0_e50_lr0.0005_b8,3,"[32, 16]",leaky_relu,0.0,50,0.0005,8,0.010006,0.007218,0.013133,0.009786,0.003127,0.002568,1.31248,1.355751
MLP_w3_h128x64x32_actrelu_d0.0_e50_lr0.0005_b16,3,"[128, 64, 32]",relu,0.0,50,0.0005,16,0.010079,0.007515,0.013136,0.009759,0.003057,0.002243,1.303319,1.298486
MLP_w4_h32x16_actrelu_d0.0_e50_lr0.0005_b16,4,"[32, 16]",relu,0.0,50,0.0005,16,0.010128,0.007365,0.013139,0.009732,0.003011,0.002367,1.297281,1.321402
MLP_w4_h32x16_actleaky_relu_d0.0_e50_lr0.0005_b16,4,"[32, 16]",leaky_relu,0.0,50,0.0005,16,0.01023,0.007412,0.013156,0.009722,0.002926,0.00231,1.286075,1.311692
MLP_w5_h32x16_actleaky_relu_d0.0_e50_lr0.0005_b8,5,"[32, 16]",leaky_relu,0.0,50,0.0005,8,0.009766,0.007135,0.013174,0.009768,0.003409,0.002633,1.349027,1.369048
MLP_w5_h64x32_actleaky_relu_d0.0_e50_lr0.0005_b8,5,"[64, 32]",leaky_relu,0.0,50,0.0005,8,0.009987,0.007401,0.013178,0.009803,0.003191,0.002402,1.319461,1.324507
MLP_w5_h64x32_actrelu_d0.0_e50_lr0.0005_b8,5,"[64, 32]",relu,0.0,50,0.0005,8,0.010093,0.00747,0.01318,0.009857,0.003087,0.002388,1.305829,1.319625
MLP_w5_h32x16_actrelu_d0.0_e50_lr0.001_b8,5,"[32, 16]",relu,0.0,50,0.001,8,0.010122,0.007476,0.013197,0.009737,0.003075,0.002261,1.303836,1.302396
MLP_w3_h32x16_actleaky_relu_d0.0_e50_lr0.001_b8,3,"[32, 16]",leaky_relu,0.0,50,0.001,8,0.01029,0.007497,0.013234,0.009963,0.002944,0.002466,1.2861,1.328905
MLP_w3_h64x32_actrelu_d0.1_e50_lr0.001_b16,3,"[64, 32]",relu,0.1,50,0.001,16,0.014086,0.011064,0.013253,0.009772,-0.000833,-0.001292,0.94087,0.883248
MLP_w3_h128x64x32_actrelu_d0.1_e50_lr0.001_b16,3,"[128, 64, 32]",relu,0.1,50,0.001,16,0.012938,0.010246,0.013293,0.009965,0.000355,-0.000281,1.027417,0.972585
MLP_w5_h128x64x32_actleaky_relu_d0.0_e50_lr0.001_b8,5,"[128, 64, 32]",leaky_relu,0.0,50,0.001,8,0.009914,0.007349,0.0133,0.009972,0.003386,0.002623,1.341577,1.356863
MLP_w5_h64x32_actrelu_d0.1_e50_lr0.0005_b8,5,"[64, 32]",relu,0.1,50,0.0005,8,0.011742,0.009216,0.013315,0.009847,0.001573,0.00063,1.133985,1.068389
MLP_w3_h64x32_actrelu_d0.0_e50_lr0.0005_b16,3,"[64, 32]",relu,0.0,50,0.0005,16,0.010248,0.007484,0.013345,0.00995,0.003097,0.002465,1.302202,1.329425
MLP_w3_h64x32_actrelu_d0.0_e50_lr0.001_b8,3,"[64, 32]",relu,0.0,50,0.001,8,0.010181,0.007512,0.01337,0.010246,0.003189,0.002734,1.313288,1.363935
MLP_w3_h128x64x32_actleaky_relu_d0.0_e50_lr0.0005_b16,3,"[128, 64, 32]",leaky_relu,0.0,50,0.0005,16,0.010169,0.007579,0.013385,0.00996,0.003216,0.002381,1.316254,1.314229
MLP_w4_h64x32_actleaky_relu_d0.0_e50_lr0.0005_b16,4,"[64, 32]",leaky_relu,0.0,50,0.0005,16,0.010033,0.007306,0.013391,0.009888,0.003358,0.002581,1.334721,1.353296
MLP_w5_h32x16_actleaky_relu_d0.0_e50_lr0.0005_b16,5,"[32, 16]",leaky_relu,0.0,50,0.0005,16,0.009768,0.00704,0.013397,0.010035,0.00363,0.002994,1.371577,1.425341
MLP_w3_h32x16_actrelu_d0.0_e50_lr0.001_b8,3,"[32, 16]",relu,0.0,50,0.001,8,0.010365,0.007501,0.013405,0.010085,0.00304,0.002585,1.293311,1.344596
MLP_w6_h64x32_actleaky_relu_d0.1_e50_lr0.0005_b8,6,"[64, 32]",leaky_relu,0.1,50,0.0005,8,0.011839,0.00903,0.013406,0.009893,0.001567,0.000863,1.132363,1.095614
MLP_w4_h128x64x32_actrelu_d0.1_e50_lr0.0005_b16,4,"[128, 64, 32]",relu,0.1,50,0.0005,16,0.014288,0.011204,0.013408,0.009727,-0.000879,-0.001477,0.938458,0.868153
MLP_w3_h128x64x32_actrelu_d0.1_e50_lr0.0005_b16,3,"[128, 64, 32]",relu,0.1,50,0.0005,16,0.011242,0.008663,0.013413,0.009924,0.002171,0.001261,1.193135,1.145559
MLP_w3_h64x32_actleaky_relu_d0.0_e50_lr0.0005_b16,3,"[64, 32]",leaky_relu,0.0,50,0.0005,16,0.010288,0.007526,0.013437,0.009904,0.003149,0.002378,1.306059,1.316038
MLP_w5_h64x32_actrelu_d0.1_e50_lr0.001_b16,5,"[64, 32]",relu,0.1,50,0.001,16,0.012124,0.009425,0.013445,0.009926,0.001321,0.000501,1.108941,1.053163
MLP_w5_h64x32_actleaky_relu_d0.1_e50_lr0.001_b8,5,"[64, 32]",leaky_relu,0.1,50,0.001,8,0.010896,0.008128,0.013447,0.009849,0.002552,0.001721,1.234199,1.211723
MLP_w3_h128x64x32_actleaky_relu_d0.1_e50_lr0.0005_b16,3,"[128, 64, 32]",leaky_relu,0.1,50,0.0005,16,0.011141,0.008529,0.013452,0.009922,0.00231,0.001393,1.207341,1.163332
MLP_w5_h128x64x32_actrelu_d0.0_e50_lr0.001_b8,5,"[128, 64, 32]",relu,0.0,50,0.001,8,0.010053,0.007481,0.013456,0.010098,0.003403,0.002617,1.338488,1.349839
MLP_w7_h32x16_actrelu_d0.0_e50_lr0.001_b8,7,"[32, 16]",relu,0.0,50,0.001,8,0.01105,0.008366,0.013488,0.009901,0.002438,0.001534,1.220595,1.183412
MLP_w5_h64x32_actleaky_relu_d0.1_e50_lr0.0005_b16,5,"[64, 32]",leaky_relu,0.1,50,0.0005,16,0.01063,0.007859,0.013514,0.010172,0.002883,0.002313,1.271241,1.294364
MLP_w5_h64x32_actleaky_relu_d0.0_e50_lr0.001_b8,5,"[64, 32]",leaky_relu,0.0,50,0.001,8,0.010206,0.007573,0.013563,0.010044,0.003357,0.00247,1.328915,1.326199
MLP_w5_h64x32_actrelu_d0.0_e50_lr0.001_b8,5,"[64, 32]",relu,0.0,50,0.001,8,0.010255,0.007601,0.013574,0.010035,0.003319,0.002434,1.323654,1.320202
MLP_w4_h64x32_actrelu_d0.0_e50_lr0.0005_b16,4,"[64, 32]",relu,0.0,50,0.0005,16,0.010087,0.007402,0.01358,0.010079,0.003493,0.002677,1.346257,1.361673
MLP_w3_h128x64x32_actleaky_relu_d0.1_e50_lr0.001_b16,3,"[128, 64, 32]",leaky_relu,0.1,50,0.001,16,0.0113,0.008622,0.013589,0.00993,0.002289,0.001308,1.202593,1.151767
MLP_w5_h64x32_actleaky_relu_d0.1_e50_lr0.0005_b8,5,"[64, 32]",leaky_relu,0.1,50,0.0005,8,0.011113,0.008198,0.013604,0.010231,0.002492,0.002032,1.224225,1.247883
MLP_w5_h64x32_actrelu_d0.1_e50_lr0.0005_b16,5,"[64, 32]",relu,0.1,50,0.0005,16,0.010829,0.008087,0.013627,0.01025,0.002797,0.002163,1.258305,1.267396
MLP_w5_h32x16_actrelu_d0.0_e50_lr0.0005_b16,5,"[32, 16]",relu,0.0,50,0.0005,16,0.009634,0.006893,0.013637,0.010235,0.004002,0.003342,1.415435,1.484939
MLP_w4_h32x16_actleaky_relu_d0.0_e50_lr0.001_b16,4,"[32, 16]",leaky_relu,0.0,50,0.001,16,0.010328,0.007501,0.013638,0.010247,0.003311,0.002745,1.320576,1.365985
MLP_w3_h64x32_actleaky_relu_d0.0_e50_lr0.001_b16,3,"[64, 32]",leaky_relu,0.0,50,0.001,16,0.010449,0.007747,0.013642,0.01025,0.003193,0.002503,1.305598,1.323026
MLP_w4_h128x64x32_actrelu_d0.0_e50_lr0.0005_b16,4,"[128, 64, 32]",relu,0.0,50,0.0005,16,0.010026,0.007254,0.013683,0.010273,0.003656,0.003019,1.364677,1.416175
MLP_w6_h64x32_actrelu_d0.1_e50_lr0.001_b8,6,"[64, 32]",relu,0.1,50,0.001,8,0.012477,0.009578,0.013724,0.010063,0.001248,0.000486,1.099989,1.050725
MLP_w7_h64x32_actleaky_relu_d0.0_e50_lr0.0005_b8,7,"[64, 32]",leaky_relu,0.0,50,0.0005,8,0.01075,0.008158,0.013737,0.010132,0.002987,0.001974,1.277906,1.241981
MLP_w5_h128x64x32_actrelu_d0.0_e50_lr0.0005_b8,5,"[128, 64, 32]",relu,0.0,50,0.0005,8,0.009662,0.007155,0.013763,0.010293,0.004101,0.003138,1.424485,1.438574
MLP_w5_h128x64x32_actleaky_relu_d0.0_e50_lr0.0005_b8,5,"[128, 64, 32]",leaky_relu,0.0,50,0.0005,8,0.009666,0.007174,0.01378,0.010237,0.004114,0.003063,1.425629,1.426977
MLP_w5_h128x64x32_actrelu_d0.0_e50_lr0.001_b16,5,"[128, 64, 32]",relu,0.0,50,0.001,16,0.01025,0.007767,0.013833,0.010396,0.003583,0.002629,1.349577,1.338432
MLP_w4_h128x64x32_actleaky_relu_d0.1_e50_lr0.0005_b8,4,"[128, 64, 32]",leaky_relu,0.1,50,0.0005,8,0.011181,0.008349,0.013862,0.010254,0.002682,0.001906,1.239847,1.22825
MLP_w4_h32x16_actrelu_d0.0_e50_lr0.0005_b8,4,"[32, 16]",relu,0.0,50,0.0005,8,0.010174,0.007303,0.013874,0.010447,0.003699,0.003144,1.363595,1.430589
MLP_w5_h128x64x32_actleaky_relu_d0.0_e50_lr0.001_b16,5,"[128, 64, 32]",leaky_relu,0.0,50,0.001,16,0.010486,0.007993,0.013883,0.010444,0.003398,0.002452,1.324034,1.306728
MLP_w4_h64x32_actrelu_d0.1_e50_lr0.001_b16,4,"[64, 32]",relu,0.1,50,0.001,16,0.010933,0.008202,0.013925,0.010229,0.002993,0.002027,1.273746,1.247145
MLP_w4_h128x64x32_actleaky_relu_d0.1_e50_lr0.001_b8,4,"[128, 64, 32]",leaky_relu,0.1,50,0.001,8,0.011939,0.009043,0.013987,0.010448,0.002049,0.001405,1.171596,1.155329
MLP_w7_h64x32_actleaky_relu_d0.0_e50_lr0.001_b8,7,"[64, 32]",leaky_relu,0.0,50,0.001,8,0.010536,0.00792,0.013988,0.010392,0.003452,0.002472,1.327674,1.312148
MLP_w7_h64x32_actrelu_d0.0_e50_lr0.0005_b8,7,"[64, 32]",relu,0.0,50,0.0005,8,0.011039,0.008356,0.01399,0.010278,0.002951,0.001922,1.267307,1.230015
MLP_w7_h32x16_actleaky_relu_d0.0_e50_lr0.0005_b8,7,"[32, 16]",leaky_relu,0.0,50,0.0005,8,0.011274,0.008512,0.014011,0.010198,0.002736,0.001686,1.242677,1.198135
MLP_w7_h64x32_actrelu_d0.0_e50_lr0.001_b16,7,"[64, 32]",relu,0.0,50,0.001,16,0.010313,0.007722,0.014011,0.010521,0.003698,0.002799,1.358525,1.362413
MLP_w6_h128x64x32_actrelu_d0.1_e50_lr0.0005_b8,6,"[128, 64, 32]",relu,0.1,50,0.0005,8,0.016009,0.012135,0.014014,0.010831,-0.001995,-0.001305,0.875359,0.892491
MLP_w3_h64x32_actrelu_d0.1_e50_lr0.0005_b16,3,"[64, 32]",relu,0.1,50,0.0005,16,0.011961,0.009176,0.014044,0.010366,0.002083,0.00119,1.174129,1.129638
MLP_w6_h64x32_actleaky_relu_d0.1_e50_lr0.0005_b16,6,"[64, 32]",leaky_relu,0.1,50,0.0005,16,0.012656,0.00976,0.014052,0.010459,0.001396,0.000699,1.110332,1.071633
MLP_w4_h128x64x32_actleaky_relu_d0.0_e50_lr0.001_b16,4,"[128, 64, 32]",leaky_relu,0.0,50,0.001,16,0.010237,0.007414,0.014062,0.01069,0.003825,0.003276,1.373683,1.441838
MLP_w3_h32x16_actleaky_relu_d0.1_e50_lr0.0005_b16,3,"[32, 16]",leaky_relu,0.1,50,0.0005,16,0.013108,0.010111,0.014071,0.010413,0.000963,0.000302,1.073432,1.029841
MLP_w3_h64x32_actleaky_relu_d0.1_e50_lr0.001_b8,3,"[64, 32]",leaky_relu,0.1,50,0.001,8,0.012282,0.009314,0.014082,0.010417,0.0018,0.001103,1.146559,1.11841
MLP_w4_h128x64x32_actleaky_relu_d0.0_e50_lr0.0005_b16,4,"[128, 64, 32]",leaky_relu,0.0,50,0.0005,16,0.010231,0.007454,0.014084,0.010699,0.003853,0.003245,1.376553,1.435285
MLP_w7_h32x16_actleaky_relu_d0.0_e50_lr0.001_b8,7,"[32, 16]",leaky_relu,0.0,50,0.001,8,0.011175,0.008475,0.014103,0.010247,0.002928,0.001772,1.262014,1.209146
MLP_w3_h64x32_actleaky_relu_d0.1_e50_lr0.0005_b8,3,"[64, 32]",leaky_relu,0.1,50,0.0005,8,0.01151,0.008646,0.014124,0.010389,0.002614,0.001743,1.227091,1.201586
MLP_w4_h64x32_actrelu_d0.0_e50_lr0.0005_b8,4,"[64, 32]",relu,0.0,50,0.0005,8,0.010417,0.007719,0.014139,0.010578,0.003722,0.002859,1.35729,1.370405
MLP_w4_h32x16_actrelu_d0.0_e50_lr0.001_b16,4,"[32, 16]",relu,0.0,50,0.001,16,0.010495,0.007684,0.014162,0.010789,0.003667,0.003104,1.349437,1.403983
MLP_w3_h32x16_actleaky_relu_d0.1_e50_lr0.0005_b8,3,"[32, 16]",leaky_relu,0.1,50,0.0005,8,0.013985,0.011047,0.014181,0.010555,0.000197,-0.000493,1.014062,0.955389
MLP_w6_h64x32_actleaky_relu_d0.1_e50_lr0.001_b8,6,"[64, 32]",leaky_relu,0.1,50,0.001,8,0.012248,0.009448,0.014182,0.010605,0.001934,0.001156,1.157881,1.1224
MLP_w4_h32x16_actleaky_relu_d0.0_e50_lr0.0005_b8,4,"[32, 16]",leaky_relu,0.0,50,0.0005,8,0.010389,0.007497,0.014221,0.010786,0.003832,0.003289,1.36882,1.438666
MLP_w3_h128x64x32_actrelu_d0.1_e50_lr0.0005_b8,3,"[128, 64, 32]",relu,0.1,50,0.0005,8,0.011587,0.008669,0.014257,0.010652,0.00267,0.001983,1.23042,1.22875
MLP_w3_h64x32_actleaky_relu_d0.1_e50_lr0.0005_b16,3,"[64, 32]",leaky_relu,0.1,50,0.0005,16,0.011553,0.008658,0.01427,0.010669,0.002717,0.002011,1.235199,1.232337
MLP_w7_h32x16_actrelu_d0.0_e50_lr0.0005_b8,7,"[32, 16]",relu,0.0,50,0.0005,8,0.011319,0.008572,0.014271,0.010415,0.002952,0.001843,1.260765,1.214989
MLP_w4_h32x16_actrelu_d0.0_e50_lr0.001_b8,4,"[32, 16]",relu,0.0,50,0.001,8,0.010699,0.0079,0.014277,0.01074,0.003578,0.00284,1.33444,1.359518
MLP_w4_h64x32_actrelu_d0.0_e50_lr0.001_b8,4,"[64, 32]",relu,0.0,50,0.001,8,0.010975,0.008366,0.014281,0.010672,0.003306,0.002307,1.301242,1.275705
MLP_w3_h64x32_actleaky_relu_d0.1_e50_lr0.001_b16,3,"[64, 32]",leaky_relu,0.1,50,0.001,16,0.013407,0.010592,0.014291,0.010635,0.000884,4.3e-05,1.065908,1.00404
MLP_w6_h128x64x32_actleaky_relu_d0.1_e50_lr0.0005_b8,6,"[128, 64, 32]",leaky_relu,0.1,50,0.0005,8,0.012366,0.009694,0.014294,0.010837,0.001928,0.001143,1.155927,1.117915
MLP_w7_h64x32_actrelu_d0.0_e50_lr0.001_b8,7,"[64, 32]",relu,0.0,50,0.001,8,0.010414,0.007792,0.014295,0.010738,0.003881,0.002946,1.372646,1.378044
MLP_w7_h32x16_actleaky_relu_d0.1_e50_lr0.0005_b8,7,"[32, 16]",leaky_relu,0.1,50,0.0005,8,0.012873,0.010049,0.014311,0.010684,0.001437,0.000636,1.111655,1.063246
MLP_w5_h64x32_actrelu_d0.1_e50_lr0.001_b8,5,"[64, 32]",relu,0.1,50,0.001,8,0.01228,0.009717,0.014347,0.010734,0.002066,0.001017,1.168266,1.104621
MLP_w4_h64x32_actleaky_relu_d0.0_e50_lr0.001_b16,4,"[64, 32]",leaky_relu,0.0,50,0.001,16,0.010258,0.007473,0.014355,0.010844,0.004097,0.003372,1.39938,1.451173
MLP_w6_h128x64x32_actleaky_relu_d0.1_e50_lr0.001_b8,6,"[128, 64, 32]",leaky_relu,0.1,50,0.001,8,0.014447,0.011462,0.014394,0.011206,-5.3e-05,-0.000256,0.996341,0.977653
MLP_w4_h128x64x32_actrelu_d0.0_e50_lr0.001_b16,4,"[128, 64, 32]",relu,0.0,50,0.001,16,0.010183,0.007395,0.014413,0.010998,0.00423,0.003603,1.415418,1.487223
MLP_w6_h64x32_actrelu_d0.1_e50_lr0.0005_b16,6,"[64, 32]",relu,0.1,50,0.0005,16,0.012431,0.009652,0.014435,0.010822,0.002004,0.00117,1.16123,1.121257
MLP_w4_h64x32_actrelu_d0.0_e50_lr0.001_b16,4,"[64, 32]",relu,0.0,50,0.001,16,0.010235,0.007478,0.014457,0.011055,0.004222,0.003577,1.412547,1.478401
MLP_w5_h64x32_actleaky_relu_d0.1_e50_lr0.001_b16,5,"[64, 32]",leaky_relu,0.1,50,0.001,16,0.011714,0.008862,0.014492,0.010979,0.002777,0.002118,1.237101,1.238958
MLP_w6_h32x16_actleaky_relu_d0.1_e50_lr0.001_b16,6,"[32, 16]",leaky_relu,0.1,50,0.001,16,0.01119,0.008314,0.014507,0.01087,0.003317,0.002556,1.296463,1.30737
MLP_w7_h64x32_actleaky_relu_d0.0_e50_lr0.001_b16,7,"[64, 32]",leaky_relu,0.0,50,0.001,16,0.010742,0.008105,0.014513,0.010754,0.003772,0.002649,1.351114,1.326828
MLP_w4_h64x32_actleaky_relu_d0.1_e50_lr0.0005_b8,4,"[64, 32]",leaky_relu,0.1,50,0.0005,8,0.011955,0.008778,0.014539,0.011002,0.002583,0.002224,1.216086,1.2534
MLP_w6_h128x64x32_actrelu_d0.1_e50_lr0.0005_b16,6,"[128, 64, 32]",relu,0.1,50,0.0005,16,0.011313,0.008589,0.014563,0.010977,0.00325,0.002387,1.28724,1.277907
MLP_w7_h64x32_actleaky_relu_d0.1_e50_lr0.001_b8,7,"[64, 32]",leaky_relu,0.1,50,0.001,8,0.013727,0.011024,0.014624,0.011147,0.000897,0.000123,1.065362,1.011194
MLP_w4_h64x32_actleaky_relu_d0.0_e50_lr0.0005_b8,4,"[64, 32]",leaky_relu,0.0,50,0.0005,8,0.010414,0.007704,0.014642,0.01093,0.004227,0.003226,1.405889,1.418813
MLP_w4_h128x64x32_actrelu_d0.1_e50_lr0.001_b16,4,"[128, 64, 32]",relu,0.1,50,0.001,16,0.012677,0.009843,0.014643,0.01122,0.001965,0.001377,1.155002,1.139931
MLP_w7_h128x64x32_actleaky_relu_d0.0_e50_lr0.001_b8,7,"[128, 64, 32]",leaky_relu,0.0,50,0.001,8,0.010169,0.007634,0.014658,0.010942,0.004489,0.003308,1.441441,1.433354
MLP_w7_h128x64x32_actrelu_d0.0_e50_lr0.001_b8,7,"[128, 64, 32]",relu,0.0,50,0.001,8,0.010302,0.007739,0.014744,0.011196,0.004442,0.003457,1.431149,1.446648
MLP_w4_h64x32_actleaky_relu_d0.0_e50_lr0.001_b8,4,"[64, 32]",leaky_relu,0.0,50,0.001,8,0.011259,0.008553,0.014753,0.011116,0.003494,0.002564,1.310338,1.299725
MLP_w5_h32x16_actrelu_d0.1_e50_lr0.001_b16,5,"[32, 16]",relu,0.1,50,0.001,16,0.012627,0.009473,0.014792,0.011092,0.002165,0.001619,1.171421,1.170879
MLP_w3_h128x64x32_actleaky_relu_d0.1_e50_lr0.0005_b8,3,"[128, 64, 32]",leaky_relu,0.1,50,0.0005,8,0.011414,0.008509,0.014848,0.011192,0.003434,0.002683,1.300875,1.315255
MLP_w3_h64x32_actrelu_d0.1_e50_lr0.001_b8,3,"[64, 32]",relu,0.1,50,0.001,8,0.01193,0.008988,0.01486,0.01124,0.002931,0.002252,1.24566,1.250609
MLP_w4_h64x32_actleaky_relu_d0.1_e50_lr0.001_b16,4,"[64, 32]",leaky_relu,0.1,50,0.001,16,0.012962,0.008969,0.014875,0.010123,0.001914,0.001154,1.147629,1.128708
MLP_w4_h32x16_actleaky_relu_d0.0_e50_lr0.001_b8,4,"[32, 16]",leaky_relu,0.0,50,0.001,8,0.011165,0.008316,0.014885,0.011135,0.00372,0.002819,1.333171,1.338927
MLP_w7_h128x64x32_actrelu_d0.0_e50_lr0.001_b16,7,"[128, 64, 32]",relu,0.0,50,0.001,16,0.012144,0.009002,0.014899,0.01095,0.002755,0.001949,1.226877,1.2165
MLP_w6_h128x64x32_actrelu_d0.1_e50_lr0.001_b8,6,"[128, 64, 32]",relu,0.1,50,0.001,8,0.017754,0.012943,0.01503,0.011511,-0.002724,-0.001433,0.846573,0.889318
MLP_w4_h64x32_actrelu_d0.1_e50_lr0.0005_b16,4,"[64, 32]",relu,0.1,50,0.0005,16,0.01122,0.008411,0.015032,0.01131,0.003812,0.002899,1.339767,1.344738
MLP_w4_h128x64x32_actrelu_d0.0_e50_lr0.0005_b8,4,"[128, 64, 32]",relu,0.0,50,0.0005,8,0.011148,0.008441,0.015054,0.011495,0.003907,0.003054,1.350449,1.361795
MLP_w7_h64x32_actrelu_d0.1_e50_lr0.0005_b8,7,"[64, 32]",relu,0.1,50,0.0005,8,0.014862,0.011341,0.015059,0.011381,0.000197,4e-05,1.013279,1.003533
MLP_w3_h128x64x32_actleaky_relu_d0.1_e50_lr0.001_b8,3,"[128, 64, 32]",leaky_relu,0.1,50,0.001,8,0.012099,0.009116,0.015059,0.011474,0.00296,0.002358,1.244608,1.258609
MLP_w5_h32x16_actleaky_relu_d0.1_e50_lr0.001_b8,5,"[32, 16]",leaky_relu,0.1,50,0.001,8,0.011928,0.009025,0.015089,0.011202,0.003162,0.002177,1.265084,1.241277
MLP_w5_h32x16_actleaky_relu_d0.1_e50_lr0.001_b16,5,"[32, 16]",leaky_relu,0.1,50,0.001,16,0.011609,0.008587,0.01511,0.011247,0.003501,0.002659,1.301591,1.309701
MLP_w7_h128x64x32_actleaky_relu_d0.0_e50_lr0.0005_b16,7,"[128, 64, 32]",leaky_relu,0.0,50,0.0005,16,0.009946,0.007422,0.015112,0.011433,0.005166,0.004011,1.519398,1.540429
MLP_w3_h32x16_actrelu_d0.1_e50_lr0.0005_b8,3,"[32, 16]",relu,0.1,50,0.0005,8,0.017268,0.01382,0.01512,0.011649,-0.002148,-0.002171,0.875623,0.842886
MLP_w7_h128x64x32_actrelu_d0.0_e50_lr0.0005_b8,7,"[128, 64, 32]",relu,0.0,50,0.0005,8,0.010498,0.00786,0.015126,0.011156,0.004628,0.003295,1.440835,1.419237
MLP_w3_h32x16_actrelu_d0.1_e50_lr0.0005_b16,3,"[32, 16]",relu,0.1,50,0.0005,16,0.014123,0.011118,0.015132,0.011413,0.001008,0.000294,1.071387,1.026482
MLP_w4_h64x32_actleaky_relu_d0.1_e50_lr0.0005_b16,4,"[64, 32]",leaky_relu,0.1,50,0.0005,16,0.011526,0.008557,0.015162,0.011534,0.003636,0.002977,1.315464,1.347917
MLP_w7_h32x16_actleaky_relu_d0.0_e50_lr0.001_b16,7,"[32, 16]",leaky_relu,0.0,50,0.001,16,0.010284,0.007807,0.015167,0.011884,0.004883,0.004078,1.474778,1.522316
MLP_w7_h128x64x32_actleaky_relu_d0.0_e50_lr0.0005_b8,7,"[128, 64, 32]",leaky_relu,0.0,50,0.0005,8,0.010486,0.007925,0.015188,0.011354,0.004703,0.003429,1.448475,1.432709
MLP_w7_h32x16_actrelu_d0.0_e50_lr0.001_b16,7,"[32, 16]",relu,0.0,50,0.001,16,0.010454,0.00792,0.015191,0.011597,0.004737,0.003677,1.453157,1.464296
MLP_w7_h64x32_actrelu_d0.0_e50_lr0.0005_b16,7,"[64, 32]",relu,0.0,50,0.0005,16,0.009802,0.007365,0.015192,0.011741,0.005389,0.004376,1.549805,1.594232
MLP_w7_h128x64x32_actrelu_d0.0_e50_lr0.0005_b16,7,"[128, 64, 32]",relu,0.0,50,0.0005,16,0.009669,0.007224,0.015209,0.011592,0.00554,0.004369,1.573,1.604807
MLP_w6_h128x64x32_actleaky_relu_d0.1_e50_lr0.001_b16,6,"[128, 64, 32]",leaky_relu,0.1,50,0.001,16,0.012946,0.010036,0.015254,0.011528,0.002309,0.001493,1.178332,1.148737
MLP_w6_h128x64x32_actrelu_d0.1_e50_lr0.001_b16,6,"[128, 64, 32]",relu,0.1,50,0.001,16,0.014889,0.011863,0.015284,0.011633,0.000396,-0.00023,1.026566,0.980573
MLP_w7_h64x32_actleaky_relu_d0.0_e50_lr0.0005_b16,7,"[64, 32]",leaky_relu,0.0,50,0.0005,16,0.009806,0.007351,0.015306,0.011828,0.0055,0.004477,1.560844,1.609116
MLP_w4_h128x64x32_actrelu_d0.0_e50_lr0.001_b8,4,"[128, 64, 32]",relu,0.0,50,0.001,8,0.011654,0.008722,0.015349,0.011582,0.003695,0.00286,1.317093,1.327942
MLP_w4_h64x32_actrelu_d0.1_e50_lr0.0005_b8,4,"[64, 32]",relu,0.1,50,0.0005,8,0.013742,0.010443,0.015353,0.011601,0.001611,0.001158,1.117217,1.110881
MLP_w4_h32x16_actleaky_relu_d0.1_e50_lr0.0005_b16,4,"[32, 16]",leaky_relu,0.1,50,0.0005,16,0.01588,0.012558,0.015369,0.0118,-0.000511,-0.000758,0.967846,0.939661
MLP_w6_h32x16_actrelu_d0.1_e50_lr0.001_b8,6,"[32, 16]",relu,0.1,50,0.001,8,0.011824,0.008935,0.015374,0.0116,0.003549,0.002665,1.300179,1.298243
MLP_w4_h32x16_actleaky_relu_d0.1_e50_lr0.0005_b8,4,"[32, 16]",leaky_relu,0.1,50,0.0005,8,0.016734,0.013099,0.015395,0.011799,-0.001339,-0.0013,0.919978,0.900746
MLP_w4_h32x16_actrelu_d0.1_e50_lr0.0005_b8,4,"[32, 16]",relu,0.1,50,0.0005,8,0.016365,0.01303,0.015406,0.011441,-0.00096,-0.001589,0.941366,0.878023
MLP_w6_h64x32_actleaky_relu_d0.1_e50_lr0.001_b16,6,"[64, 32]",leaky_relu,0.1,50,0.001,16,0.012279,0.009405,0.015458,0.011868,0.003179,0.002463,1.258891,1.261835
MLP_w4_h128x64x32_actleaky_relu_d0.0_e50_lr0.001_b8,4,"[128, 64, 32]",leaky_relu,0.0,50,0.001,8,0.011848,0.0089,0.015459,0.011686,0.003611,0.002786,1.304822,1.312983
MLP_w5_h32x16_actleaky_relu_d0.1_e50_lr0.0005_b16,5,"[32, 16]",leaky_relu,0.1,50,0.0005,16,0.012284,0.009363,0.015485,0.01149,0.003201,0.002127,1.260607,1.227159
MLP_w4_h128x64x32_actrelu_d0.1_e50_lr0.0005_b8,4,"[128, 64, 32]",relu,0.1,50,0.0005,8,0.01157,0.008891,0.015494,0.012005,0.003924,0.003113,1.339205,1.350162
MLP_w6_h32x16_actleaky_relu_d0.1_e50_lr0.0005_b8,6,"[32, 16]",leaky_relu,0.1,50,0.0005,8,0.01324,0.01033,0.015522,0.011553,0.002282,0.001223,1.17235,1.118446
MLP_w7_h32x16_actleaky_relu_d0.0_e50_lr0.0005_b16,7,"[32, 16]",leaky_relu,0.0,50,0.0005,16,0.010396,0.007779,0.015536,0.012039,0.00514,0.00426,1.494393,1.547654
MLP_w4_h32x16_actrelu_d0.1_e50_lr0.0005_b16,4,"[32, 16]",relu,0.1,50,0.0005,16,0.013263,0.010394,0.015546,0.011608,0.002283,0.001215,1.172136,1.116887
MLP_w5_h32x16_actrelu_d0.1_e50_lr0.0005_b16,5,"[32, 16]",relu,0.1,50,0.0005,16,0.012789,0.009601,0.015571,0.011746,0.002782,0.002145,1.217542,1.223416
MLP_w4_h128x64x32_actleaky_relu_d0.0_e50_lr0.0005_b8,4,"[128, 64, 32]",leaky_relu,0.0,50,0.0005,8,0.011396,0.008653,0.015612,0.011937,0.004217,0.003284,1.370037,1.379577
MLP_w7_h32x16_actleaky_relu_d0.1_e50_lr0.001_b8,7,"[32, 16]",leaky_relu,0.1,50,0.001,8,0.016797,0.013731,0.015639,0.011997,-0.001158,-0.001734,0.931047,0.873731
MLP_w3_h64x32_actrelu_d0.1_e50_lr0.0005_b8,3,"[64, 32]",relu,0.1,50,0.0005,8,0.013354,0.010416,0.01579,0.011727,0.002436,0.001312,1.182422,1.125939
MLP_w6_h128x64x32_actleaky_relu_d0.1_e50_lr0.0005_b16,6,"[128, 64, 32]",leaky_relu,0.1,50,0.0005,16,0.011998,0.009205,0.015797,0.012032,0.003799,0.002827,1.316615,1.307096
MLP_w7_h128x64x32_actleaky_relu_d0.0_e50_lr0.001_b16,7,"[128, 64, 32]",leaky_relu,0.0,50,0.001,16,0.012755,0.009572,0.015838,0.011555,0.003083,0.001983,1.241696,1.207148
MLP_w7_h32x16_actrelu_d0.0_e50_lr0.0005_b16,7,"[32, 16]",relu,0.0,50,0.0005,16,0.010325,0.007801,0.015854,0.012288,0.00553,0.004486,1.535567,1.575085
MLP_w5_h32x16_actleaky_relu_d0.1_e50_lr0.0005_b8,5,"[32, 16]",leaky_relu,0.1,50,0.0005,8,0.011958,0.0091,0.01586,0.011901,0.003902,0.002802,1.326299,1.30788
MLP_w7_h128x64x32_actleaky_relu_d0.1_e50_lr0.0005_b8,7,"[128, 64, 32]",leaky_relu,0.1,50,0.0005,8,0.013491,0.01025,0.015948,0.012207,0.002457,0.001957,1.182109,1.190954
MLP_w4_h32x16_actleaky_relu_d0.1_e50_lr0.001_b16,4,"[32, 16]",leaky_relu,0.1,50,0.001,16,0.012929,0.009905,0.01599,0.011807,0.003061,0.001902,1.236743,1.192013
MLP_w4_h128x64x32_actrelu_d0.1_e50_lr0.001_b8,4,"[128, 64, 32]",relu,0.1,50,0.001,8,0.012726,0.009754,0.015992,0.012137,0.003266,0.002383,1.256651,1.244286
MLP_w4_h32x16_actrelu_d0.1_e50_lr0.001_b8,4,"[32, 16]",relu,0.1,50,0.001,8,0.017094,0.013665,0.01609,0.012261,-0.001004,-0.001404,0.941277,0.897273
MLP_w7_h128x64x32_actleaky_relu_d0.1_e50_lr0.0005_b16,7,"[128, 64, 32]",leaky_relu,0.1,50,0.0005,16,0.011887,0.009279,0.01619,0.012358,0.004304,0.003079,1.362048,1.331757
MLP_w5_h128x64x32_actrelu_d0.1_e50_lr0.0005_b8,5,"[128, 64, 32]",relu,0.1,50,0.0005,8,0.012706,0.00992,0.016273,0.012723,0.003568,0.002803,1.280804,1.282516
MLP_w4_h32x16_actleaky_relu_d0.1_e50_lr0.001_b8,4,"[32, 16]",leaky_relu,0.1,50,0.001,8,0.013836,0.010349,0.016304,0.012193,0.002468,0.001844,1.178342,1.178185
MLP_w7_h64x32_actrelu_d0.1_e50_lr0.0005_b16,7,"[64, 32]",relu,0.1,50,0.0005,16,0.011531,0.00872,0.01648,0.012848,0.004948,0.004128,1.429114,1.473343
MLP_w3_h32x16_actleaky_relu_d0.1_e50_lr0.001_b8,3,"[32, 16]",leaky_relu,0.1,50,0.001,8,0.016898,0.013523,0.016499,0.012646,-0.0004,-0.000877,0.976344,0.935145
MLP_w7_h64x32_actleaky_relu_d0.1_e50_lr0.0005_b16,7,"[64, 32]",leaky_relu,0.1,50,0.0005,16,0.011457,0.008721,0.016616,0.012975,0.00516,0.004253,1.450358,1.487689
MLP_w7_h32x16_actleaky_relu_d0.1_e50_lr0.0005_b16,7,"[32, 16]",leaky_relu,0.1,50,0.0005,16,0.012369,0.009485,0.016642,0.012645,0.004273,0.00316,1.345442,1.333153
MLP_w7_h32x16_actleaky_relu_d0.1_e50_lr0.001_b16,7,"[32, 16]",leaky_relu,0.1,50,0.001,16,0.012338,0.009574,0.016673,0.012639,0.004335,0.003065,1.351302,1.320108
MLP_w5_h128x64x32_actleaky_relu_d0.1_e50_lr0.0005_b8,5,"[128, 64, 32]",leaky_relu,0.1,50,0.0005,8,0.012033,0.009014,0.016673,0.01291,0.00464,0.003895,1.38563,1.432123
MLP_w7_h128x64x32_actleaky_relu_d0.1_e50_lr0.001_b8,7,"[128, 64, 32]",leaky_relu,0.1,50,0.001,8,0.014359,0.011084,0.016701,0.012866,0.002341,0.001782,1.163059,1.160773
MLP_w7_h64x32_actleaky_relu_d0.1_e50_lr0.001_b16,7,"[64, 32]",leaky_relu,0.1,50,0.001,16,0.011799,0.009012,0.01671,0.012879,0.004911,0.003867,1.41623,1.429076
MLP_w7_h64x32_actleaky_relu_d0.1_e50_lr0.0005_b8,7,"[64, 32]",leaky_relu,0.1,50,0.0005,8,0.015125,0.011455,0.016716,0.012798,0.001591,0.001343,1.105191,1.117264
MLP_w3_h32x16_actleaky_relu_d0.1_e50_lr0.001_b16,3,"[32, 16]",leaky_relu,0.1,50,0.001,16,0.013492,0.010453,0.016786,0.012921,0.003294,0.002467,1.244185,1.236028
MLP_w6_h32x16_actrelu_d0.1_e50_lr0.0005_b8,6,"[32, 16]",relu,0.1,50,0.0005,8,0.012901,0.01,0.01687,0.012768,0.003969,0.002768,1.307678,1.276808
MLP_w3_h32x16_actrelu_d0.1_e50_lr0.001_b8,3,"[32, 16]",relu,0.1,50,0.001,8,0.020406,0.016357,0.016896,0.013304,-0.00351,-0.003053,0.827999,0.813349
MLP_w7_h32x16_actrelu_d0.1_e50_lr0.0005_b8,7,"[32, 16]",relu,0.1,50,0.0005,8,0.021216,0.016883,0.016934,0.013217,-0.004282,-0.003666,0.798171,0.782847
MLP_w6_h64x32_actrelu_d0.1_e50_lr0.001_b16,6,"[64, 32]",relu,0.1,50,0.001,16,0.015632,0.012081,0.016954,0.013116,0.001322,0.001036,1.084567,1.085716
MLP_w3_h32x16_actrelu_d0.1_e50_lr0.001_b16,3,"[32, 16]",relu,0.1,50,0.001,16,0.014401,0.01139,0.017001,0.013195,0.0026,0.001805,1.180552,1.158447
MLP_w5_h128x64x32_actrelu_d0.1_e50_lr0.001_b8,5,"[128, 64, 32]",relu,0.1,50,0.001,8,0.013979,0.011069,0.017017,0.013226,0.003037,0.002157,1.217277,1.194831
MLP_w6_h32x16_actleaky_relu_d0.1_e50_lr0.0005_b16,6,"[32, 16]",leaky_relu,0.1,50,0.0005,16,0.014506,0.011393,0.0171,0.013494,0.002594,0.002101,1.17885,1.184417
MLP_w6_h32x16_actrelu_d0.1_e50_lr0.0005_b16,6,"[32, 16]",relu,0.1,50,0.0005,16,0.015109,0.011921,0.017128,0.013318,0.002019,0.001397,1.133604,1.117203
MLP_w5_h32x16_actrelu_d0.1_e50_lr0.001_b8,5,"[32, 16]",relu,0.1,50,0.001,8,0.012908,0.009807,0.017146,0.01336,0.004238,0.003553,1.328339,1.362325
MLP_w4_h32x16_actrelu_d0.1_e50_lr0.001_b16,4,"[32, 16]",relu,0.1,50,0.001,16,0.013914,0.010692,0.017185,0.012794,0.00327,0.002102,1.235019,1.196566
MLP_w7_h128x64x32_actrelu_d0.1_e50_lr0.0005_b8,7,"[128, 64, 32]",relu,0.1,50,0.0005,8,0.013576,0.010346,0.017204,0.01313,0.003628,0.002784,1.267234,1.269109
MLP_w4_h64x32_actleaky_relu_d0.1_e50_lr0.001_b8,4,"[64, 32]",leaky_relu,0.1,50,0.001,8,0.013932,0.010164,0.017225,0.013306,0.003293,0.003142,1.23638,1.309141
MLP_w7_h32x16_actrelu_d0.1_e50_lr0.0005_b16,7,"[32, 16]",relu,0.1,50,0.0005,16,0.012533,0.009694,0.017279,0.013053,0.004745,0.003359,1.378629,1.346549
MLP_w5_h32x16_actrelu_d0.1_e50_lr0.0005_b8,5,"[32, 16]",relu,0.1,50,0.0005,8,0.01345,0.010442,0.01728,0.013131,0.003829,0.002689,1.284704,1.257563
MLP_w5_h128x64x32_actleaky_relu_d0.1_e50_lr0.001_b8,5,"[128, 64, 32]",leaky_relu,0.1,50,0.001,8,0.013257,0.009774,0.017311,0.013099,0.004055,0.003325,1.305873,1.340206
MLP_w7_h128x64x32_actleaky_relu_d0.1_e50_lr0.001_b16,7,"[128, 64, 32]",leaky_relu,0.1,50,0.001,16,0.012694,0.009757,0.017343,0.013181,0.004649,0.003424,1.366281,1.350881
MLP_w7_h64x32_actrelu_d0.1_e50_lr0.001_b16,7,"[64, 32]",relu,0.1,50,0.001,16,0.012962,0.009885,0.017439,0.01348,0.004478,0.003595,1.345436,1.363669
MLP_w7_h64x32_actrelu_d0.1_e50_lr0.001_b8,7,"[64, 32]",relu,0.1,50,0.001,8,0.016987,0.013315,0.017637,0.013567,0.00065,0.000253,1.038259,1.018979
MLP_w7_h128x64x32_actrelu_d0.1_e50_lr0.001_b8,7,"[128, 64, 32]",relu,0.1,50,0.001,8,0.013206,0.009911,0.017668,0.013583,0.004462,0.003672,1.337892,1.370459
MLP_w7_h32x16_actrelu_d0.1_e50_lr0.001_b16,7,"[32, 16]",relu,0.1,50,0.001,16,0.012986,0.010068,0.018012,0.013868,0.005026,0.0038,1.387053,1.377417
MLP_w3_h128x64x32_actrelu_d0.1_e50_lr0.001_b8,3,"[128, 64, 32]",relu,0.1,50,0.001,8,0.013174,0.010145,0.018072,0.013817,0.004898,0.003672,1.371811,1.361932
MLP_w5_h128x64x32_actleaky_relu_d0.1_e50_lr0.0005_b16,5,"[128, 64, 32]",leaky_relu,0.1,50,0.0005,16,0.015904,0.012229,0.018191,0.013627,0.002287,0.001398,1.143831,1.114298
MLP_w7_h32x16_actrelu_d0.1_e50_lr0.001_b8,7,"[32, 16]",relu,0.1,50,0.001,8,0.022896,0.018592,0.018264,0.01432,-0.004632,-0.004273,0.797688,0.770185
MLP_w7_h128x64x32_actrelu_d0.1_e50_lr0.0005_b16,7,"[128, 64, 32]",relu,0.1,50,0.0005,16,0.013157,0.010219,0.018453,0.014163,0.005296,0.003944,1.402542,1.385958
MLP_w4_h64x32_actrelu_d0.1_e50_lr0.001_b8,4,"[64, 32]",relu,0.1,50,0.001,8,0.015674,0.011731,0.018641,0.014601,0.002967,0.002871,1.189327,1.244709
MLP_w5_h128x64x32_actrelu_d0.1_e50_lr0.0005_b16,5,"[128, 64, 32]",relu,0.1,50,0.0005,16,0.016542,0.012934,0.018714,0.014166,0.002172,0.001232,1.131299,1.095287
MLP_w5_h128x64x32_actleaky_relu_d0.1_e50_lr0.001_b16,5,"[128, 64, 32]",leaky_relu,0.1,50,0.001,16,0.015109,0.011042,0.018742,0.014203,0.003633,0.00316,1.24042,1.286207
MLP_w6_h32x16_actrelu_d0.1_e50_lr0.001_b16,6,"[32, 16]",relu,0.1,50,0.001,16,0.017702,0.013601,0.019023,0.014674,0.001321,0.001074,1.074626,1.078938
MLP_w5_h128x64x32_actrelu_d0.1_e50_lr0.001_b16,5,"[128, 64, 32]",relu,0.1,50,0.001,16,0.015446,0.011644,0.019379,0.014681,0.003932,0.003037,1.254579,1.260821
MLP_w7_h128x64x32_actrelu_d0.1_e50_lr0.001_b16,7,"[128, 64, 32]",relu,0.1,50,0.001,16,0.019563,0.014193,0.024286,0.018307,0.004723,0.004114,1.241447,1.289873
