geocode,departamento,distrito,anio,pix_total,pix_bosque,pix_no_bosque,pct_bosque,pct_no_bosque
010110,Amazonas,Leimebamba,1985,244029,122153,121876,0.5005675554954534,0.4994324445045466
010110,Amazonas,Leimebamba,1986,244029,122153,121876,0.5005675554954534,0.4994324445045466
010110,Amazonas,Leimebamba,1987,244029,112195,131834,0.4597609300533953,0.5402390699466048
010110,Amazonas,Leimebamba,1988,244029,109868,134161,0.45022517815505536,0.5497748218449446
010110,Amazonas,Leimebamba,1989,244029,110545,133484,0.452999438591315,0.547000561408685
010110,Amazonas,Leimebamba,1990,244029,111066,132963,0.455134430743887,0.544865569256113
010110,Amazonas,Leimebamba,1991,244029,110163,133866,0.451434050871003,0.5485659491289969
010110,Amazonas,Leimebamba,1992,244029,110475,133554,0.4527125874383782,0.5472874125616217
010110,Amazonas,Leimebamba,1993,244029,108073,135956,0.4428694950190346,0.5571305049809654
010110,Amazonas,Leimebamba,1994,244029,106343,137686,0.43578017366788374,0.5642198263321163
010110,Amazonas,Leimebamba,1995,244029,107203,136826,0.4393043449753923,0.5606956550246077
010110,Amazonas,Leimebamba,1996,244029,106502,137527,0.4364317355724115,0.5635682644275886
010110,Amazonas,Leimebamba,1997,244029,104443,139586,0.4279942138024579,0.572005786197542
010110,Amazonas,Leimebamba,1998,244029,103132,140897,0.4226219014953141,0.5773780985046859
010110,Amazonas,Leimebamba,1999,244029,101532,142497,0.4160653037139029,0.5839346962860972
010110,Amazonas,Leimebamba,2000,244029,102769,141260,0.4211343733736564,0.5788656266263436
010110,Amazonas,Leimebamba,2001,244029,104776,139253,0.4293588057157141,0.5706411942842858
010110,Amazonas,Leimebamba,2002,244029,104583,139446,0.4285679161083314,0.5714320838916687
010110,Amazonas,Leimebamba,2003,244029,105153,138876,0.43090370406795914,0.5690962959320409
010110,Amazonas,Leimebamba,2004,244029,106912,137117,0.4381118637538981,0.5618881362461019
010110,Amazonas,Leimebamba,2005,244029,106643,137386,0.4370095357518983,0.5629904642481016
010110,Amazonas,Leimebamba,2006,244029,109641,134388,0.4492949608448176,0.5507050391551824
010110,Amazonas,Leimebamba,2007,244029,110578,133451,0.45313466842055655,0.5468653315794434
010110,Amazonas,Leimebamba,2008,244029,109722,134307,0.44962688860750155,0.5503731113924984
010110,Amazonas,Leimebamba,2009,244029,110303,133726,0.4520077531768765,0.5479922468231235
010110,Amazonas,Leimebamba,2010,244029,113862,130167,0.4665920853669031,0.5334079146330969
010110,Amazonas,Leimebamba,2011,244029,117563,126466,0.48175831561002996,0.5182416843899701
010110,Amazonas,Leimebamba,2012,244029,117947,126082,0.4833318990775686,0.5166681009224313
010110,Amazonas,Leimebamba,2013,244029,115760,128269,0.4743698494851022,0.5256301505148978
010110,Amazonas,Leimebamba,2014,244029,114455,129574,0.46902212441963864,0.5309778755803614
010110,Amazonas,Leimebamba,2015,244029,115841,128188,0.4747017772477861,0.5252982227522138
010110,Amazonas,Leimebamba,2016,244029,117673,126356,0.482209081707502,0.517790918292498
010110,Amazonas,Leimebamba,2017,244029,117873,126156,0.4830286564301784,0.5169713435698217
010110,Amazonas,Leimebamba,2018,244029,116283,127746,0.476513037384901,0.523486962615099
010110,Amazonas,Leimebamba,2019,244029,114409,129620,0.46883362223342306,0.5311663777665769
010110,Amazonas,Leimebamba,2020,244029,115092,128937,0.471632469911363,0.528367530088637
010110,Amazonas,Leimebamba,2021,244029,114809,129220,0.4704727716787759,0.5295272283212241
010110,Amazonas,Leimebamba,2022,244029,114177,129852,0.46788291555511846,0.5321170844448816
010110,Amazonas,Leimebamba,2023,244029,115192,128837,0.4720422572727012,0.5279577427272988
010110,Amazonas,Leimebamba,2024,244029,115594,128435,0.47368960246528075,0.5263103975347192
010114,Amazonas,Molinopampa,1985,382725,226569,156156,0.5919890260631001,0.4080109739368999
010114,Amazonas,Molinopampa,1986,382725,226569,156156,0.5919890260631001,0.4080109739368999
010114,Amazonas,Molinopampa,1987,382725,228507,154218,0.5970527140897511,0.40294728591024886
010114,Amazonas,Molinopampa,1988,382725,225333,157392,0.5887595532039976,0.41124044679600236
010114,Amazonas,Molinopampa,1989,382725,227443,155282,0.5942726500751192,0.4057273499248808
010114,Amazonas,Molinopampa,1990,382725,226877,155848,0.5927937814357568,0.40720621856424327
010114,Amazonas,Molinopampa,1991,382725,228141,154584,0.5960964138741917,0.40390358612580834
010114,Amazonas,Molinopampa,1992,382725,229705,153020,0.6001828989483311,0.39981710105166895
010114,Amazonas,Molinopampa,1993,382725,227547,155178,0.5945443856554967,0.4054556143445032
010114,Amazonas,Molinopampa,1994,382725,222961,159764,0.5825618916976941,0.4174381083023058
010114,Amazonas,Molinopampa,1995,382725,225102,157623,0.5881559866745052,0.4118440133254948
010114,Amazonas,Molinopampa,1996,382725,221646,161079,0.5791260043111895,0.4208739956888105
010114,Amazonas,Molinopampa,1997,382725,217494,165231,0.5682774838330394,0.4317225161669606
010114,Amazonas,Molinopampa,1998,382725,216815,165910,0.5665033640342282,0.43349663596577176
010114,Amazonas,Molinopampa,1999,382725,214485,168240,0.5604154418969234,0.4395845581030766
010114,Amazonas,Molinopampa,2000,382725,213368,169357,0.5574968972499836,0.4425031027500163
010114,Amazonas,Molinopampa,2001,382725,208606,174119,0.5450545430792344,0.45494545692076555
010114,Amazonas,Molinopampa,2002,382725,205245,177480,0.5362727807172252,0.4637272192827748
010114,Amazonas,Molinopampa,2003,382725,203846,178879,0.5326174145927233,0.4673825854072768
010114,Amazonas,Molinopampa,2004,382725,202641,180084,0.5294689398393102,0.4705310601606898
010114,Amazonas,Molinopampa,2005,382725,202651,180074,0.5294950682605004,0.47050493173949964
010114,Amazonas,Molinopampa,2006,382725,203812,178913,0.5325285779606768,0.4674714220393233
010114,Amazonas,Molinopampa,2007,382725,205476,177249,0.5368763472467176,0.4631236527532824
010114,Amazonas,Molinopampa,2008,382725,206892,175833,0.5405761316872428,0.4594238683127572
010114,Amazonas,Molinopampa,2009,382725,205103,177622,0.535901757136325,0.46409824286367496
010114,Amazonas,Molinopampa,2010,382725,204257,178468,0.5336912927036384,0.4663087072963616
010114,Amazonas,Molinopampa,2011,382725,212420,170305,0.5550199229211575,0.4449800770788425
010114,Amazonas,Molinopampa,2012,382725,215017,167708,0.5618054739042393,0.43819452609576065
010114,Amazonas,Molinopampa,2013,382725,212198,170527,0.5544398719707362,0.4455601280292638
010114,Amazonas,Molinopampa,2014,382725,210408,172317,0.5497628845776994,0.4502371154223006
010114,Amazonas,Molinopampa,2015,382725,212450,170275,0.5550983081847279,0.44490169181527206
010114,Amazonas,Molinopampa,2016,382725,212368,170357,0.5548840551309687,0.4451159448690313
010114,Amazonas,Molinopampa,2017,382725,211121,171604,0.551625841008557,0.44837415899144295
010114,Amazonas,Molinopampa,2018,382725,211530,171195,0.5526944934352341,0.4473055065647658
010114,Amazonas,Molinopampa,2019,382725,210953,171772,0.5511868835325625,0.44881311646743743
010114,Amazonas,Molinopampa,2020,382725,210181,172544,0.549169769416683,0.450830230583317
010114,Amazonas,Molinopampa,2021,382725,209869,172856,0.5483545626755504,0.4516454373244497
010114,Amazonas,Molinopampa,2022,382725,205380,177345,0.5366255144032922,0.4633744855967078
010114,Amazonas,Molinopampa,2023,382725,200171,182554,0.5230152198053433,0.47698478019465673
010114,Amazonas,Molinopampa,2024,382725,196297,186428,0.5128930694362793,0.4871069305637207
010305,Amazonas,Cuispes,1985,108421,72238,36183,0.6662731389675431,0.3337268610324568
010305,Amazonas,Cuispes,1986,108421,72238,36183,0.6662731389675431,0.3337268610324568
010305,Amazonas,Cuispes,1987,108421,73424,34997,0.6772119792291161,0.32278802077088387
010305,Amazonas,Cuispes,1988,108421,73109,35312,0.6743066380129311,0.32569336198706894
010305,Amazonas,Cuispes,1989,108421,73703,34718,0.6797852814491657,0.3202147185508342
010305,Amazonas,Cuispes,1990,108421,72200,36221,0.6659226533605114,0.3340773466394887
010305,Amazonas,Cuispes,1991,108421,73262,35159,0.6757178037465067,0.3242821962534933
010305,Amazonas,Cuispes,1992,108421,72772,35649,0.6711983840768855,0.3288016159231145
010305,Amazonas,Cuispes,1993,108421,71137,37284,0.6561182796690678,0.3438817203309322
010305,Amazonas,Cuispes,1994,108421,70314,38107,0.6485274992851938,0.3514725007148062
010305,Amazonas,Cuispes,1995,108421,71366,37055,0.6582304166167071,0.3417695833832929
010305,Amazonas,Cuispes,1996,108421,71564,36857,0.660056631095452,0.339943368904548
010305,Amazonas,Cuispes,1997,108421,70892,37529,0.6538585698342572,0.3461414301657428
010305,Amazonas,Cuispes,1998,108421,70392,38029,0.6492469171101539,0.3507530828898461
010305,Amazonas,Cuispes,1999,108421,69552,38869,0.6414993405336604,0.3585006594663395
010305,Amazonas,Cuispes,2000,108421,70188,38233,0.6473653627987198,0.3526346372012802
010305,Amazonas,Cuispes,2001,108421,70302,38119,0.6484168196198153,0.35158318038018466
010305,Amazonas,Cuispes,2002,108421,69893,38528,0.6446444876914988,0.3553555123085011
010305,Amazonas,Cuispes,2003,108421,70792,37629,0.6529362392894366,0.34706376071056344
010305,Amazonas,Cuispes,2004,108421,70060,38361,0.6461847797013494,0.35381522029865065
010305,Amazonas,Cuispes,2005,108421,69184,39237,0.6381051641287204,0.3618948358712796
010305,Amazonas,Cuispes,2006,108421,69482,38939,0.640853709152286,0.359146290847714
010305,Amazonas,Cuispes,2007,108421,69612,38809,0.6420527388605528,0.35794726113944714
010305,Amazonas,Cuispes,2008,108421,70560,37861,0.6507964324254526,0.34920356757454735
010305,Amazonas,Cuispes,2009,108421,68204,40217,0.6290663247894781,0.37093367521052195
010305,Amazonas,Cuispes,2010,108421,68489,39932,0.6316949668422169,0.36830503315778307
010305,Amazonas,Cuispes,2011,108421,71486,36935,0.6593372132704919,0.3406627867295081
010305,Amazonas,Cuispes,2012,108421,72816,35605,0.6716042095166066,0.32839579048339346
010305,Amazonas,Cuispes,2013,108421,72543,35878,0.6690862471292461,0.3309137528707538
010305,Amazonas,Cuispes,2014,108421,73283,35138,0.675911493160919,0.32408850683908097
010305,Amazonas,Cuispes,2015,108421,72596,35825,0.6695750823180011,0.3304249176819989
010305,Amazonas,Cuispes,2016,108421,73269,35152,0.6757823668846441,0.3242176331153559
010305,Amazonas,Cuispes,2017,108421,72278,36143,0.6666420711854715,0.3333579288145285
010305,Amazonas,Cuispes,2018,108421,72539,35882,0.6690493539074533,0.33095064609254665
010305,Amazonas,Cuispes,2019,108421,72120,36301,0.6651847889246548,0.3348152110753452
010305,Amazonas,Cuispes,2020,108421,72083,36338,0.6648435266230712,0.33515647337692883
010305,Amazonas,Cuispes,2021,108421,73597,34824,0.6788076110716559,0.3211923889283441
010305,Amazonas,Cuispes,2022,108421,74930,33491,0.6911022772341152,0.30889772276588484
010305,Amazonas,Cuispes,2023,108421,73073,35348,0.6739745990167957,0.32602540098320437
010305,Amazonas,Cuispes,2024,108421,72890,35531,0.6722867341197738,0.32771326588022615
010307,Amazonas,Jazan,1985,85167,34001,51166,0.3992274002841476,0.6007725997158524
010307,Amazonas,Jazan,1986,85167,33914,51253,0.3982058778634917,0.6017941221365083
010307,Amazonas,Jazan,1987,85167,34658,50509,0.40694165580565245,0.5930583441943476
010307,Amazonas,Jazan,1988,85167,35056,50111,0.41161482733922766,0.5883851726607724
010307,Amazonas,Jazan,1989,85167,37175,47992,0.43649535618255897,0.563504643817441
010307,Amazonas,Jazan,1990,85167,36687,48480,0.4307654373172708,0.5692345626827292
010307,Amazonas,Jazan,1991,85167,36021,49146,0.42294550706259465,0.5770544929374053
010307,Amazonas,Jazan,1992,85167,36056,49111,0.42335646435826085,0.5766435356417392
010307,Amazonas,Jazan,1993,85167,36456,48711,0.42805311916587413,0.5719468808341259
010307,Amazonas,Jazan,1994,85167,35476,49691,0.4165463148872216,0.5834536851127784
010307,Amazonas,Jazan,1995,85167,33954,51213,0.39867554334425304,0.601324456655747
010307,Amazonas,Jazan,1996,85167,36843,48324,0.4325971326922399,0.56740286730776
010307,Amazonas,Jazan,1997,85167,37164,48003,0.4363661981753496,0.5636338018246504
010307,Amazonas,Jazan,1998,85167,32695,52472,0.3838928223372903,0.6161071776627097
010307,Amazonas,Jazan,1999,85167,32946,52221,0.3868399732290676,0.6131600267709324
010307,Amazonas,Jazan,2000,85167,33795,51372,0.3968086230582268,0.6031913769417733
010307,Amazonas,Jazan,2001,85167,33132,52035,0.38902391771460776,0.6109760822853922
010307,Amazonas,Jazan,2002,85167,34127,51040,0.4007068465485458,0.5992931534514542
010307,Amazonas,Jazan,2003,85167,33325,51842,0.39129005365928116,0.6087099463407188
010307,Amazonas,Jazan,2004,85167,33304,51863,0.3910434792818815,0.6089565207181186
010307,Amazonas,Jazan,2005,85167,32707,52460,0.38403372198151864,0.6159662780184814
010307,Amazonas,Jazan,2006,85167,31425,53742,0.3689809433231181,0.6310190566768819
010307,Amazonas,Jazan,2007,85167,31466,53701,0.3694623504408985,0.6305376495591015
010307,Amazonas,Jazan,2008,85167,31546,53621,0.37040168140242113,0.6295983185975789
010307,Amazonas,Jazan,2009,85167,31120,54047,0.365399744032313,0.634600255967687
010307,Amazonas,Jazan,2010,85167,31865,53302,0.3741472636114927,0.6258527363885072
010307,Amazonas,Jazan,2011,85167,31488,53679,0.3697206664553172,0.6302793335446828
010307,Amazonas,Jazan,2012,85167,32136,53031,0.3773292472436507,0.6226707527563493
010307,Amazonas,Jazan,2013,85167,31820,53347,0.37361888994563625,0.6263811100543638
010307,Amazonas,Jazan,2014,85167,33606,51561,0.3945894536616295,0.6054105463383705
010307,Amazonas,Jazan,2015,85167,33049,52118,0.38804936184202804,0.611950638157972
010307,Amazonas,Jazan,2016,85167,34930,50237,0.41013538107482944,0.5898646189251705
010307,Amazonas,Jazan,2017,85167,34410,50757,0.4040297298249322,0.5959702701750678
010307,Amazonas,Jazan,2018,85167,35935,49232,0.4219357262789578,0.5780642737210422
010307,Amazonas,Jazan,2019,85167,33412,51755,0.39231157607993705,0.607688423920063
010307,Amazonas,Jazan,2020,85167,33603,51564,0.3945542287505724,0.6054457712494276
010307,Amazonas,Jazan,2021,85167,31795,53372,0.3733253490201604,0.6266746509798397
010307,Amazonas,Jazan,2022,85167,32289,52878,0.3791257177075628,0.6208742822924372
010307,Amazonas,Jazan,2023,85167,32186,52981,0.3779163290946024,0.6220836709053976
010307,Amazonas,Jazan,2024,85167,30785,54382,0.36146629563093685,0.6385337043690631
010310,Amazonas,Shipasbamba,1985,140920,105433,35487,0.7481762702242407,0.2518237297757593
010310,Amazonas,Shipasbamba,1986,140920,105280,35640,0.7470905478285552,0.2529094521714448
010310,Amazonas,Shipasbamba,1987,140920,108703,32217,0.771380925347715,0.22861907465228498
010310,Amazonas,Shipasbamba,1988,140920,109578,31342,0.7775901220550667,0.2224098779449333
010310,Amazonas,Shipasbamba,1989,140920,109946,30974,0.7802015327845586,0.21979846721544138
010310,Amazonas,Shipasbamba,1990,140920,109764,31156,0.7789100198694294,0.22108998013057055
010310,Amazonas,Shipasbamba,1991,140920,109236,31684,0.7751632131705932,0.22483678682940675
010310,Amazonas,Shipasbamba,1992,140920,109723,31197,0.778619074652285,0.221380925347715
010310,Amazonas,Shipasbamba,1993,140920,109061,31859,0.773921373829123,0.2260786261708771
010310,Amazonas,Shipasbamba,1994,140920,108340,32580,0.7688049957422651,0.2311950042577349
010310,Amazonas,Shipasbamba,1995,140920,108222,32698,0.7679676412148737,0.23203235878512632
010310,Amazonas,Shipasbamba,1996,140920,107834,33086,0.7652143059892137,0.23478569401078625
010310,Amazonas,Shipasbamba,1997,140920,107626,33294,0.7637382912290661,0.23626170877093386
010310,Amazonas,Shipasbamba,1998,140920,106368,34552,0.7548112404200965,0.2451887595799035
010310,Amazonas,Shipasbamba,1999,140920,106708,34212,0.7572239568549531,0.24277604314504683
010310,Amazonas,Shipasbamba,2000,140920,106730,34190,0.757380073800738,0.24261992619926198
010310,Amazonas,Shipasbamba,2001,140920,106848,34072,0.7582174283281294,0.24178257167187056
010310,Amazonas,Shipasbamba,2002,140920,105100,35820,0.7458132273630429,0.25418677263695716
010310,Amazonas,Shipasbamba,2003,140920,106153,34767,0.7532855520862901,0.24671444791370992
010310,Amazonas,Shipasbamba,2004,140920,105227,35693,0.7467144479137099,0.2532855520862901
010310,Amazonas,Shipasbamba,2005,140920,104440,36480,0.7411297189894975,0.2588702810105024
010310,Amazonas,Shipasbamba,2006,140920,105052,35868,0.7454726085722395,0.25452739142776043
010310,Amazonas,Shipasbamba,2007,140920,104138,36782,0.7389866590973602,0.2610133409026398
010310,Amazonas,Shipasbamba,2008,140920,104842,36078,0.7439824013624752,0.2560175986375248
010310,Amazonas,Shipasbamba,2009,140920,103686,37234,0.7357791654839625,0.26422083451603745
010310,Amazonas,Shipasbamba,2010,140920,103301,37619,0.7330471189327278,0.2669528810672722
010310,Amazonas,Shipasbamba,2011,140920,103951,36969,0.737659665058189,0.26234033494181097
010310,Amazonas,Shipasbamba,2012,140920,104949,35971,0.7447416974169742,0.25525830258302584
010310,Amazonas,Shipasbamba,2013,140920,103983,36937,0.7378867442520579,0.2621132557479421
010310,Amazonas,Shipasbamba,2014,140920,104467,36453,0.7413213170593245,0.2586786829406756
010310,Amazonas,Shipasbamba,2015,140920,104292,36628,0.7400794777178541,0.2599205222821459
010310,Amazonas,Shipasbamba,2016,140920,103895,37025,0.7372622764689185,0.2627377235310815
010310,Amazonas,Shipasbamba,2017,140920,101759,39161,0.7221047402781721,0.277895259721828
010310,Amazonas,Shipasbamba,2018,140920,100123,40797,0.7104953164916264,0.28950468350837355
010310,Amazonas,Shipasbamba,2019,140920,101752,39168,0.7220550667045132,0.2779449332954868
010310,Amazonas,Shipasbamba,2020,140920,101290,39630,0.7187766108430315,0.2812233891569685
010310,Amazonas,Shipasbamba,2021,140920,103131,37789,0.7318407607152995,0.26815923928470053
010310,Amazonas,Shipasbamba,2022,140920,104375,36545,0.7406684643769514,0.25933153562304856
010310,Amazonas,Shipasbamba,2023,140920,102363,38557,0.7263908600624468,0.2736091399375532
010310,Amazonas,Shipasbamba,2024,140920,101879,39041,0.7229562872551802,0.27704371274481976
010603,Amazonas,Cochamal,1985,203378,172052,31326,0.8459715406779494,0.15402845932205056
010603,Amazonas,Cochamal,1986,203378,172052,31326,0.8459715406779494,0.15402845932205056
010603,Amazonas,Cochamal,1987,203378,173041,30337,0.8508344068679995,0.1491655931320005
010603,Amazonas,Cochamal,1988,203378,171229,32149,0.841924888631022,0.15807511136897795
010603,Amazonas,Cochamal,1989,203378,171019,32359,0.8408923285704452,0.15910767142955481
010603,Amazonas,Cochamal,1990,203378,170412,32966,0.8379077383001111,0.16209226169988888
010603,Amazonas,Cochamal,1991,203378,171812,31566,0.8447914720372902,0.15520852796270984
010603,Amazonas,Cochamal,1992,203378,172822,30556,0.8497575942333979,0.15024240576660208
010603,Amazonas,Cochamal,1993,203378,171739,31639,0.844432534492423,0.15556746550757702
010603,Amazonas,Cochamal,1994,203378,170792,32586,0.8397761803144883,0.16022381968551172
010603,Amazonas,Cochamal,1995,203378,172912,30466,0.8502001199736451,0.14979988002635486
010603,Amazonas,Cochamal,1996,203378,172665,30713,0.8489856326642999,0.15101436733570003
010603,Amazonas,Cochamal,1997,203378,171552,31826,0.8435130643432426,0.15648693565675736
010603,Amazonas,Cochamal,1998,203378,171056,32322,0.8410742558192135,0.1589257441807865
010603,Amazonas,Cochamal,1999,203378,168961,34417,0.830773239976792,0.16922676002320802
010603,Amazonas,Cochamal,2000,203378,166683,36695,0.8195724217958678,0.18042757820413222
010603,Amazonas,Cochamal,2001,203378,164690,38688,0.8097729351257265,0.19022706487427352
010603,Amazonas,Cochamal,2002,203378,163472,39906,0.8037840867743807,0.1962159132256193
010603,Amazonas,Cochamal,2003,203378,162695,40683,0.7999636145502463,0.20003638544975366
010603,Amazonas,Cochamal,2004,203378,162771,40607,0.8003373029531218,0.19966269704687822
010603,Amazonas,Cochamal,2005,203378,162640,40738,0.7996931821534286,0.20030681784657142
010603,Amazonas,Cochamal,2006,203378,163487,39891,0.8038578410644219,0.1961421589355781
010603,Amazonas,Cochamal,2007,203378,163753,39625,0.8051657504744859,0.19483424952551406
010603,Amazonas,Cochamal,2008,203378,162766,40612,0.8003127181897747,0.1996872818102253
010603,Amazonas,Cochamal,2009,203378,161234,42144,0.7927799467002331,0.20722005329976695
010603,Amazonas,Cochamal,2010,203378,161435,41943,0.7937682541867852,0.2062317458132148
010603,Amazonas,Cochamal,2011,203378,163858,39520,0.8056820305047744,0.19431796949522565
010603,Amazonas,Cochamal,2012,203378,166087,37291,0.8166419180048973,0.18335808199510273
010603,Amazonas,Cochamal,2013,203378,167053,36325,0.8213916942835509,0.17860830571644917
010603,Amazonas,Cochamal,2014,203378,166892,36486,0.8206000649037752,0.17939993509622476
010603,Amazonas,Cochamal,2015,203378,168077,35301,0.8264266538170304,0.17357334618296963
010603,Amazonas,Cochamal,2016,203378,169355,34023,0.8327105193285409,0.16728948067145905
010603,Amazonas,Cochamal,2017,203378,170465,32913,0.8381683367915901,0.16183166320840994
010603,Amazonas,Cochamal,2018,203378,168737,34641,0.8296718425788433,0.17032815742115667
010603,Amazonas,Cochamal,2019,203378,167509,35869,0.8236338247008035,0.17636617529919657
010603,Amazonas,Cochamal,2020,203378,166412,36966,0.8182399276224567,0.1817600723775433
010603,Amazonas,Cochamal,2021,203378,165153,38225,0.812049484211665,0.18795051578833502
010603,Amazonas,Cochamal,2022,203378,163739,39639,0.8050969131371142,0.19490308686288585
010603,Amazonas,Cochamal,2023,203378,162149,41229,0.7972789583927465,0.2027210416072535
010603,Amazonas,Cochamal,2024,203378,161536,41842,0.7942648664063959,0.20573513359360404
060812,Cajamarca,Santa Rosa,1985,259278,60409,198869,0.23298930105909488,0.7670106989409051
060812,Cajamarca,Santa Rosa,1986,259278,60409,198869,0.23298930105909488,0.7670106989409051
060812,Cajamarca,Santa Rosa,1987,259278,57435,201843,0.22151898734177214,0.7784810126582279
060812,Cajamarca,Santa Rosa,1988,259278,60478,198800,0.23325542467930174,0.7667445753206983
060812,Cajamarca,Santa Rosa,1989,259278,61871,197407,0.238628036316232,0.761371963683768
060812,Cajamarca,Santa Rosa,1990,259278,63294,195984,0.2441163538749913,0.7558836461250087
060812,Cajamarca,Santa Rosa,1991,259278,63942,195336,0.24661560178649944,0.7533843982135006
060812,Cajamarca,Santa Rosa,1992,259278,64210,195068,0.2476492413548392,0.7523507586451608
060812,Cajamarca,Santa Rosa,1993,259278,63646,195632,0.2454739700244525,0.7545260299755475
060812,Cajamarca,Santa Rosa,1994,259278,59390,199888,0.22905915658096715,0.7709408434190329
060812,Cajamarca,Santa Rosa,1995,259278,57121,202157,0.2203079320266278,0.7796920679733722
060812,Cajamarca,Santa Rosa,1996,259278,56209,203069,0.2167904720030238,0.7832095279969762
060812,Cajamarca,Santa Rosa,1997,259278,54484,204794,0.21013738149785172,0.7898626185021482
060812,Cajamarca,Santa Rosa,1998,259278,56981,202297,0.2197679710580921,0.7802320289419079
060812,Cajamarca,Santa Rosa,1999,259278,55750,203528,0.21502017139903887,0.7849798286009612
060812,Cajamarca,Santa Rosa,2000,259278,56109,203169,0.21640478559692686,0.7835952144030731
060812,Cajamarca,Santa Rosa,2001,259278,60135,199143,0.23193252030638928,0.7680674796936107
060812,Cajamarca,Santa Rosa,2002,259278,58391,200887,0.2252061493840588,0.7747938506159412
060812,Cajamarca,Santa Rosa,2003,259278,59497,199781,0.22947184103549087,0.7705281589645091
060812,Cajamarca,Santa Rosa,2004,259278,59572,199706,0.22976110584006357,0.7702388941599364
060812,Cajamarca,Santa Rosa,2005,259278,58872,200406,0.22706130099738506,0.7729386990026149
060812,Cajamarca,Santa Rosa,2006,259278,58462,200816,0.22547998673238764,0.7745200132676123
060812,Cajamarca,Santa Rosa,2007,259278,57890,201388,0.2232738604895132,0.7767261395104869
060812,Cajamarca,Santa Rosa,2008,259278,60082,199196,0.2317281065111579,0.7682718934888421
060812,Cajamarca,Santa Rosa,2009,259278,58258,201020,0.2246931864639499,0.7753068135360501
060812,Cajamarca,Santa Rosa,2010,259278,58240,201038,0.22462376291085245,0.7753762370891476
060812,Cajamarca,Santa Rosa,2011,259278,58734,200544,0.22652905375697127,0.7734709462430287
060812,Cajamarca,Santa Rosa,2012,259278,59763,199515,0.2304977668757087,0.7695022331242913
060812,Cajamarca,Santa Rosa,2013,259278,61867,197411,0.2386126088599881,0.7613873911400119
060812,Cajamarca,Santa Rosa,2014,259278,61983,197295,0.23906000509106057,0.7609399949089395
060812,Cajamarca,Santa Rosa,2015,259278,63274,196004,0.24403921659377192,0.7559607834062281
060812,Cajamarca,Santa Rosa,2016,259278,60871,198407,0.2347711722552627,0.7652288277447373
060812,Cajamarca,Santa Rosa,2017,259278,57652,201626,0.22235592684300248,0.7776440731569975
060812,Cajamarca,Santa Rosa,2018,259278,57274,202004,0.2208980322279561,0.7791019677720439
060812,Cajamarca,Santa Rosa,2019,259278,61065,198213,0.23551940388309073,0.7644805961169092
060812,Cajamarca,Santa Rosa,2020,259278,61398,197880,0.23680373961539353,0.7631962603846065
060812,Cajamarca,Santa Rosa,2021,259278,62641,196637,0.24159782164317836,0.7584021783568217
060812,Cajamarca,Santa Rosa,2022,259278,63120,196158,0.24344525952838267,0.7565547404716173
060812,Cajamarca,Santa Rosa,2023,259278,63329,195949,0.24425134411712524,0.7557486558828748
060812,Cajamarca,Santa Rosa,2024,259278,61281,197997,0.2363524865202601,0.7636475134797399
080408,Cusco,Yanatile,1985,1661344,1001715,659629,0.6029545957971377,0.3970454042028623
080408,Cusco,Yanatile,1986,1661344,1001700,659644,0.6029455669626519,0.39705443303734805
080408,Cusco,Yanatile,1987,1661344,988208,673136,0.5948244313038119,0.40517556869618815
080408,Cusco,Yanatile,1988,1661344,1009448,651896,0.6076092609357243,0.3923907390642757
080408,Cusco,Yanatile,1989,1661344,989170,672174,0.5954034805555021,0.4045965194444979
080408,Cusco,Yanatile,1990,1661344,989502,671842,0.595603318758788,0.4043966812412119
080408,Cusco,Yanatile,1991,1661344,999321,662023,0.6015135938132018,0.39848640618679815
080408,Cusco,Yanatile,1992,1661344,994370,666974,0.5985334765105842,0.4014665234894158
080408,Cusco,Yanatile,1993,1661344,991257,670087,0.5966596923936283,0.4033403076063717
080408,Cusco,Yanatile,1994,1661344,994248,667096,0.5984600419900996,0.40153995800990044
080408,Cusco,Yanatile,1995,1661344,1011621,649723,0.6089172380915693,0.3910827619084308
080408,Cusco,Yanatile,1996,1661344,996846,664498,0.6000238361230426,0.39997616387695745
080408,Cusco,Yanatile,1997,1661344,983676,677668,0.5920965194444979,0.4079034805555021
080408,Cusco,Yanatile,1998,1661344,984814,676530,0.5927815070208217,0.4072184929791783
080408,Cusco,Yanatile,1999,1661344,983593,677751,0.5920465598936765,0.40795344010632356
080408,Cusco,Yanatile,2000,1661344,978846,682498,0.5891892347400659,0.41081076525993415
080408,Cusco,Yanatile,2001,1661344,981451,679893,0.5907572423291022,0.4092427576708978
080408,Cusco,Yanatile,2002,1661344,986226,675118,0.5936314213070863,0.4063685786929137
080408,Cusco,Yanatile,2003,1661344,976038,685306,0.5874990369243215,0.41250096307567846
080408,Cusco,Yanatile,2004,1661344,983807,677537,0.5921753712656741,0.40782462873432596
080408,Cusco,Yanatile,2005,1661344,979316,682028,0.5894721382206214,0.4105278617793786
080408,Cusco,Yanatile,2006,1661344,976804,684540,0.5879601094053971,0.41203989059460294
080408,Cusco,Yanatile,2007,1661344,978139,683205,0.5887636756746345,0.4112363243253655
080408,Cusco,Yanatile,2008,1661344,988275,673069,0.5948647600978485,0.4051352399021515
080408,Cusco,Yanatile,2009,1661344,994938,666406,0.5988753683764471,0.401124631623553
080408,Cusco,Yanatile,2010,1661344,1012686,648658,0.6095582853400621,0.390441714659938
080408,Cusco,Yanatile,2011,1661344,1025597,635747,0.6173297041431516,0.3826702958568484
080408,Cusco,Yanatile,2012,1661344,1033600,627744,0.6221468883024828,0.3778531116975172
080408,Cusco,Yanatile,2013,1661344,1027674,633670,0.6185798967582873,0.3814201032417127
080408,Cusco,Yanatile,2014,1661344,1026003,635341,0.6175740845965676,0.3824259154034324
080408,Cusco,Yanatile,2015,1661344,1025016,636328,0.616979987287401,0.38302001271259895
080408,Cusco,Yanatile,2016,1661344,1031941,629403,0.6211482992083518,0.3788517007916482
080408,Cusco,Yanatile,2017,1661344,1037724,623620,0.6246292158637826,0.37537078413621744
080408,Cusco,Yanatile,2018,1661344,1043334,618010,0.628005999961477,0.371994000038523
080408,Cusco,Yanatile,2019,1661344,1038783,622561,0.625266651578481,0.37473334842151895
080408,Cusco,Yanatile,2020,1661344,1044632,616712,0.6287872951056493,0.3712127048943506
080408,Cusco,Yanatile,2021,1661344,1026633,634711,0.6179532956449718,0.38204670435502824
080408,Cusco,Yanatile,2022,1661344,1014896,646448,0.610888533620972,0.38911146637902805
080408,Cusco,Yanatile,2023,1661344,990937,670407,0.5964670772579309,0.4035329227420691
080408,Cusco,Yanatile,2024,1661344,984603,676741,0.5926545014157213,0.40734549858427876
080918,Cusco,Union Ashaninka,1985,351495,313299,38196,0.8913327358852899,0.10866726411471002
080918,Cusco,Union Ashaninka,1986,351495,312275,39220,0.8884194654262507,0.11158053457374927
080918,Cusco,Union Ashaninka,1987,351495,311137,40358,0.8851818660293888,0.11481813397061125
080918,Cusco,Union Ashaninka,1988,351495,313156,38339,0.8909259022176702,0.10907409778232977
080918,Cusco,Union Ashaninka,1989,351495,312675,38820,0.8895574616993129,0.11044253830068707
080918,Cusco,Union Ashaninka,1990,351495,313249,38246,0.8911904863511572,0.1088095136488428
080918,Cusco,Union Ashaninka,1991,351495,314186,37309,0.8938562426208054,0.10614375737919458
080918,Cusco,Union Ashaninka,1992,351495,314970,36525,0.8960867153160074,0.10391328468399266
080918,Cusco,Union Ashaninka,1993,351495,315379,36116,0.8972503165052135,0.10274968349478655
080918,Cusco,Union Ashaninka,1994,351495,316882,34613,0.9015263375012447,0.09847366249875532
080918,Cusco,Union Ashaninka,1995,351495,316204,35291,0.8995974338184043,0.10040256618159575
080918,Cusco,Union Ashaninka,1996,351495,315573,35922,0.8978022446976486,0.10219775530235138
080918,Cusco,Union Ashaninka,1997,351495,315736,35759,0.8982659781789215,0.10173402182107853
080918,Cusco,Union Ashaninka,1998,351495,315863,35632,0.8986272919956187,0.10137270800438128
080918,Cusco,Union Ashaninka,1999,351495,315890,35605,0.8987041067440504,0.10129589325594959
080918,Cusco,Union Ashaninka,2000,351495,315541,35954,0.8977112049958036,0.10228879500419637
080918,Cusco,Union Ashaninka,2001,351495,313501,37994,0.8919074240031863,0.10809257599681361
080918,Cusco,Union Ashaninka,2002,351495,311460,40035,0.8861007980198865,0.11389920198011351
080918,Cusco,Union Ashaninka,2003,351495,309588,41907,0.8807749754619554,0.11922502453804464
080918,Cusco,Union Ashaninka,2004,351495,308516,42979,0.8777251454501487,0.12227485454985135
080918,Cusco,Union Ashaninka,2005,351495,308183,43312,0.8767777635528243,0.12322223644717563
080918,Cusco,Union Ashaninka,2006,351495,305885,45610,0.870239974964082,0.12976002503591802
080918,Cusco,Union Ashaninka,2007,351495,304542,46953,0.8664191524772756,0.13358084752272437
080918,Cusco,Union Ashaninka,2008,351495,303062,48433,0.8622085662669455,0.13779143373305452
080918,Cusco,Union Ashaninka,2009,351495,301394,50101,0.8574631218082761,0.14253687819172392
080918,Cusco,Union Ashaninka,2010,351495,295451,56044,0.8405553421812544,0.15944465781874564
080918,Cusco,Union Ashaninka,2011,351495,291626,59869,0.829673252820097,0.17032674717990298
080918,Cusco,Union Ashaninka,2012,351495,289366,62129,0.8232435738772955,0.17675642612270445
080918,Cusco,Union Ashaninka,2013,351495,285742,65753,0.812933327643352,0.18706667235664803
080918,Cusco,Union Ashaninka,2014,351495,283857,67638,0.8075705202065463,0.19242947979345368
080918,Cusco,Union Ashaninka,2015,351495,281971,69524,0.802204867779058,0.19779513222094197
080918,Cusco,Union Ashaninka,2016,351495,279187,72308,0.7942844137185451,0.20571558628145492
080918,Cusco,Union Ashaninka,2017,351495,274064,77431,0.7797095264513009,0.22029047354869913
080918,Cusco,Union Ashaninka,2018,351495,269498,81997,0.7667192989942958,0.2332807010057042
080918,Cusco,Union Ashaninka,2019,351495,268036,83459,0.7625599226162534,0.23744007738374656
080918,Cusco,Union Ashaninka,2020,351495,263356,88139,0.7492453662214257,0.2507546337785744
080918,Cusco,Union Ashaninka,2021,351495,262882,88613,0.7478968406378469,0.2521031593621531
080918,Cusco,Union Ashaninka,2022,351495,260240,91255,0.740380375254271,0.25961962474572897
080918,Cusco,Union Ashaninka,2023,351495,259061,92434,0.7370261312394202,0.2629738687605798
080918,Cusco,Union Ashaninka,2024,351495,256836,94659,0.7306960269705117,0.26930397302948833
100113,Huanuco,San Pablo De Pillao,1985,672747,483952,188795,0.7193670131565061,0.2806329868434939
100113,Huanuco,San Pablo De Pillao,1986,672747,473789,198958,0.7042602939886763,0.2957397060113237
100113,Huanuco,San Pablo De Pillao,1987,672747,486372,186375,0.722964204968584,0.27703579503141595
100113,Huanuco,San Pablo De Pillao,1988,672747,487760,184987,0.7250273877103874,0.27497261228961256
100113,Huanuco,San Pablo De Pillao,1989,672747,492517,180230,0.7320983965740464,0.2679016034259536
100113,Huanuco,San Pablo De Pillao,1990,672747,487205,185542,0.7242024119022455,0.27579758809775445
100113,Huanuco,San Pablo De Pillao,1991,672747,495791,176956,0.7369650106206345,0.2630349893793655
100113,Huanuco,San Pablo De Pillao,1992,672747,494456,178291,0.7349806093524014,0.26501939064759855
100113,Huanuco,San Pablo De Pillao,1993,672747,488614,184133,0.7262968099448975,0.27370319005510246
100113,Huanuco,San Pablo De Pillao,1994,672747,484507,188240,0.720191988964648,0.2798080110353521
100113,Huanuco,San Pablo De Pillao,1995,672747,481921,190826,0.7163480476315762,0.2836519523684238
100113,Huanuco,San Pablo De Pillao,1996,672747,476254,196493,0.7079243757311441,0.2920756242688559
100113,Huanuco,San Pablo De Pillao,1997,672747,471571,201176,0.700963363641904,0.29903663635809596
100113,Huanuco,San Pablo De Pillao,1998,672747,477443,195304,0.7096917563363344,0.29030824366366553
100113,Huanuco,San Pablo De Pillao,1999,672747,471699,201048,0.7011536283327908,0.29884637166720923
100113,Huanuco,San Pablo De Pillao,2000,672747,477020,195727,0.7090629909906696,0.2909370090093304
100113,Huanuco,San Pablo De Pillao,2001,672747,462258,210489,0.6871201209369941,0.31287987906300585
100113,Huanuco,San Pablo De Pillao,2002,672747,473390,199357,0.7036672032725527,0.29633279672744733
100113,Huanuco,San Pablo De Pillao,2003,672747,469117,203630,0.6973156327713093,0.30268436722869074
100113,Huanuco,San Pablo De Pillao,2004,672747,476878,195869,0.708851916099217,0.2911480839007829
100113,Huanuco,San Pablo De Pillao,2005,672747,472650,200097,0.7025672355283635,0.2974327644716364
100113,Huanuco,San Pablo De Pillao,2006,672747,485269,187478,0.7213246584525832,0.2786753415474168
100113,Huanuco,San Pablo De Pillao,2007,672747,467929,204818,0.6955497386090165,0.3044502613909835
100113,Huanuco,San Pablo De Pillao,2008,672747,478865,193882,0.7118054781366546,0.2881945218633454
100113,Huanuco,San Pablo De Pillao,2009,672747,478841,193906,0.7117698035071134,0.2882301964928866
100113,Huanuco,San Pablo De Pillao,2010,672747,473838,198909,0.7043331296906564,0.29566687030934363
100113,Huanuco,San Pablo De Pillao,2011,672747,454965,217782,0.6762794928851411,0.32372050711485895
100113,Huanuco,San Pablo De Pillao,2012,672747,442492,230255,0.6577390906239642,0.34226090937603587
100113,Huanuco,San Pablo De Pillao,2013,672747,446646,226101,0.6639137744203988,0.33608622557960127
100113,Huanuco,San Pablo De Pillao,2014,672747,454865,217882,0.6761308485953857,0.3238691514046142
100113,Huanuco,San Pablo De Pillao,2015,672747,463910,208837,0.6895757246037515,0.3104242753962485
100113,Huanuco,San Pablo De Pillao,2016,672747,453085,219662,0.6734849802377417,0.32651501976225833
100113,Huanuco,San Pablo De Pillao,2017,672747,458208,214539,0.681100027201905,0.31889997279809496
100113,Huanuco,San Pablo De Pillao,2018,672747,470930,201817,0.7000105537445727,0.2999894462554274
100113,Huanuco,San Pablo De Pillao,2019,672747,479797,192950,0.7131908429171739,0.28680915708282606
100113,Huanuco,San Pablo De Pillao,2020,672747,448934,223813,0.6673147557699998,0.3326852442300003
100113,Huanuco,San Pablo De Pillao,2021,672747,451295,221452,0.670824247451122,0.32917575254887793
100113,Huanuco,San Pablo De Pillao,2022,672747,446764,225983,0.66408917468231,0.33591082531769
100113,Huanuco,San Pablo De Pillao,2023,672747,445161,227586,0.6617064067175328,0.3382935932824673
100113,Huanuco,San Pablo De Pillao,2024,672747,443048,229699,0.6585655528750035,0.3414344471249965
120302,Junin,Perene,1985,1645299,1004624,640675,0.6106026928843936,0.38939730711560633
120302,Junin,Perene,1986,1645299,1002405,642894,0.6092540018561976,0.39074599814380245
120302,Junin,Perene,1987,1645299,999526,645773,0.607504167935433,0.392495832064567
120302,Junin,Perene,1988,1645299,1038947,606352,0.6314639466747382,0.36853605332526185
120302,Junin,Perene,1989,1645299,1045332,599967,0.6353447002642073,0.3646552997357927
120302,Junin,Perene,1990,1645299,1053622,591677,0.6403832981117717,0.3596167018882282
120302,Junin,Perene,1991,1645299,1054605,590694,0.6409807579047943,0.3590192420952058
120302,Junin,Perene,1992,1645299,1056644,588655,0.6422200463259262,0.35777995367407384
120302,Junin,Perene,1993,1645299,1052061,593238,0.6394345343916212,0.36056546560837877
120302,Junin,Perene,1994,1645299,1059033,586266,0.6436720620385717,0.3563279379614283
120302,Junin,Perene,1995,1645299,1061269,584030,0.6450310855352127,0.35496891446478723
120302,Junin,Perene,1996,1645299,1059538,585761,0.6439789971306127,0.35602100286938726
120302,Junin,Perene,1997,1645299,1071099,574200,0.651005683465437,0.34899431653456303
120302,Junin,Perene,1998,1645299,1074660,570639,0.6531700317085223,0.3468299682914777
120302,Junin,Perene,1999,1645299,1074633,570666,0.6531536213174627,0.3468463786825373
120302,Junin,Perene,2000,1645299,1066014,579285,0.6479150598158754,0.35208494018412456
120302,Junin,Perene,2001,1645299,1064031,581268,0.6467098077613856,0.35329019223861435
120302,Junin,Perene,2002,1645299,1069676,575623,0.6501407950773689,0.34985920492263106
120302,Junin,Perene,2003,1645299,1070507,574792,0.6506458704466483,0.3493541295533517
120302,Junin,Perene,2004,1645299,1064379,580920,0.6469213194683763,0.3530786805316237
120302,Junin,Perene,2005,1645299,1062313,582986,0.6456656206561847,0.35433437934381534
120302,Junin,Perene,2006,1645299,1055025,590274,0.6412360306546105,0.3587639693453895
120302,Junin,Perene,2007,1645299,1046408,598891,0.6359986847375462,0.36400131526245383
120302,Junin,Perene,2008,1645299,1048510,596789,0.6372762640711506,0.36272373592884943
120302,Junin,Perene,2009,1645299,1052750,592549,0.6398533032597722,0.36014669674022776
120302,Junin,Perene,2010,1645299,1054248,591051,0.6407637760674504,0.35923622393254967
120302,Junin,Perene,2011,1645299,1052318,592981,0.6395907370028183,0.3604092629971817
120302,Junin,Perene,2012,1645299,1039739,605560,0.6319453181458203,0.3680546818541797
120302,Junin,Perene,2013,1645299,1023198,622101,0.6218918263488885,0.37810817365111143
120302,Junin,Perene,2014,1645299,1029741,615558,0.6258686111156696,0.37413138888433045
120302,Junin,Perene,2015,1645299,1025104,620195,0.6230502783992453,0.37694972160075463
120302,Junin,Perene,2016,1645299,1035082,610217,0.6291148295841668,0.37088517041583324
120302,Junin,Perene,2017,1645299,1016132,629167,0.6175971662293601,0.3824028337706399
120302,Junin,Perene,2018,1645299,1008721,636578,0.6130928177796254,0.3869071822203745
120302,Junin,Perene,2019,1645299,991071,654228,0.6023652843647264,0.3976347156352736
120302,Junin,Perene,2020,1645299,982457,662842,0.5971297618244465,0.4028702381755535
120302,Junin,Perene,2021,1645299,966763,678536,0.5875910700729776,0.4124089299270224
120302,Junin,Perene,2022,1645299,952323,692976,0.5788145498173888,0.42118545018261117
120302,Junin,Perene,2023,1645299,930816,714483,0.5657427616500101,0.43425723834998986
120302,Junin,Perene,2024,1645299,909753,735546,0.5529408332467229,0.44705916675327706
120304,Junin,San Luis De Shuaro,1985,219122,132436,86686,0.6043938992889806,0.3956061007110194
120304,Junin,San Luis De Shuaro,1986,219122,130860,88262,0.597201558948896,0.40279844105110396
120304,Junin,San Luis De Shuaro,1987,219122,130913,88209,0.5974434333385055,0.40255656666149453
120304,Junin,San Luis De Shuaro,1988,219122,136588,82534,0.6233422476976296,0.37665775230237036
120304,Junin,San Luis De Shuaro,1989,219122,137519,81603,0.6275910223528446,0.37240897764715547
120304,Junin,San Luis De Shuaro,1990,219122,138983,80139,0.6342722319073393,0.3657277680926607
120304,Junin,San Luis De Shuaro,1991,219122,139092,80030,0.6347696716897436,0.36523032831025637
120304,Junin,San Luis De Shuaro,1992,219122,139547,79575,0.636846140506202,0.36315385949379797
120304,Junin,San Luis De Shuaro,1993,219122,140005,79117,0.6389363003258459,0.36106369967415414
120304,Junin,San Luis De Shuaro,1994,219122,143588,75534,0.6552879217969898,0.3447120782030102
120304,Junin,San Luis De Shuaro,1995,219122,145351,73771,0.6633336680023001,0.3366663319976999
120304,Junin,San Luis De Shuaro,1996,219122,145977,73145,0.6661905240003286,0.3338094759996714
120304,Junin,San Luis De Shuaro,1997,219122,148382,70740,0.6771661448873231,0.322833855112677
120304,Junin,San Luis De Shuaro,1998,219122,149436,69686,0.6819762506731409,0.318023749326859
120304,Junin,San Luis De Shuaro,1999,219122,149161,69961,0.6807212420478089,0.319278757952191
120304,Junin,San Luis De Shuaro,2000,219122,148351,70771,0.6770246711877401,0.3229753288122598
120304,Junin,San Luis De Shuaro,2001,219122,148311,70811,0.6768421244786009,0.323157875521399
120304,Junin,San Luis De Shuaro,2002,219122,149504,69618,0.6822865800786776,0.31771341992132235
120304,Junin,San Luis De Shuaro,2003,219122,149477,69645,0.6821633610500086,0.3178366389499913
120304,Junin,San Luis De Shuaro,2004,219122,148521,70601,0.6778004947015818,0.32219950529841823
120304,Junin,San Luis De Shuaro,2005,219122,149567,69555,0.6825740911455719,0.3174259088544281
120304,Junin,San Luis De Shuaro,2006,219122,150228,68894,0.6855906755140971,0.3144093244859028
120304,Junin,San Luis De Shuaro,2007,219122,148312,70810,0.6768466881463294,0.3231533118536706
120304,Junin,San Luis De Shuaro,2008,219122,149665,69457,0.6830213305829629,0.31697866941703706
120304,Junin,San Luis De Shuaro,2009,219122,150104,69018,0.6850247807157657,0.31497521928423433
120304,Junin,San Luis De Shuaro,2010,219122,150230,68892,0.6855998028495541,0.31440019715044587
120304,Junin,San Luis De Shuaro,2011,219122,152118,67004,0.6942160075209244,0.30578399247907556
120304,Junin,San Luis De Shuaro,2012,219122,151379,67743,0.6908434570695777,0.30915654293042233
120304,Junin,San Luis De Shuaro,2013,219122,149808,69314,0.6836739350681356,0.31632606493186444
120304,Junin,San Luis De Shuaro,2014,219122,151730,67392,0.6924453044422741,0.30755469555772585
120304,Junin,San Luis De Shuaro,2015,219122,149959,69163,0.684363048895136,0.31563695110486395
120304,Junin,San Luis De Shuaro,2016,219122,151321,67801,0.6905787643413258,0.3094212356586742
120304,Junin,San Luis De Shuaro,2017,219122,147477,71645,0.6730360255930486,0.32696397440695135
120304,Junin,San Luis De Shuaro,2018,219122,148931,70191,0.6796715984702586,0.3203284015297414
120304,Junin,San Luis De Shuaro,2019,219122,142925,76197,0.6522622100930076,0.34773778990699244
120304,Junin,San Luis De Shuaro,2020,219122,145439,73683,0.6637352707624063,0.33626472923759365
120304,Junin,San Luis De Shuaro,2021,219122,143761,75361,0.6560774363140168,0.3439225636859832
120304,Junin,San Luis De Shuaro,2022,219122,140840,78282,0.6427469628791267,0.3572530371208733
120304,Junin,San Luis De Shuaro,2023,219122,137670,81452,0.628280136179845,0.371719863820155
120304,Junin,San Luis De Shuaro,2024,219122,130898,88224,0.5973749783225782,0.4026250216774217
220102,San Martin,Calzada,1985,130309,33722,96587,0.2587848882272138,0.7412151117727862
220102,San Martin,Calzada,1986,130309,33654,96655,0.25826305166949326,0.7417369483305067
220102,San Martin,Calzada,1987,130309,30623,99686,0.23500295451580475,0.7649970454841952
220102,San Martin,Calzada,1988,130309,27133,103176,0.20822046059750285,0.7917795394024971
220102,San Martin,Calzada,1989,130309,26054,104255,0.19994014227720264,0.8000598577227973
220102,San Martin,Calzada,1990,130309,24397,105912,0.18722421321627822,0.8127757867837218
220102,San Martin,Calzada,1991,130309,23236,107073,0.1783146213999033,0.8216853786000967
220102,San Martin,Calzada,1992,130309,22071,108238,0.16937433331542717,0.8306256666845728
220102,San Martin,Calzada,1993,130309,20090,110219,0.1541720065383051,0.8458279934616949
220102,San Martin,Calzada,1994,130309,19035,111274,0.14607586582661214,0.8539241341733879
220102,San Martin,Calzada,1995,130309,18626,111683,0.14293717241326387,0.8570628275867361
220102,San Martin,Calzada,1996,130309,19831,110478,0.15218442317875205,0.847815576821248
220102,San Martin,Calzada,1997,130309,19989,110320,0.15339692576874966,0.8466030742312504
220102,San Martin,Calzada,1998,130309,20867,109442,0.1601347566169643,0.8398652433830357
220102,San Martin,Calzada,1999,130309,21713,108596,0.16662701732036928,0.8333729826796307
220102,San Martin,Calzada,2000,130309,21057,109252,0.16159282935177155,0.8384071706482285
220102,San Martin,Calzada,2001,130309,21372,108937,0.1640101604647415,0.8359898395352585
220102,San Martin,Calzada,2002,130309,21774,108535,0.16709513540891266,0.8329048645910874
220102,San Martin,Calzada,2003,130309,21338,108971,0.16374924218588124,0.8362507578141187
220102,San Martin,Calzada,2004,130309,21624,108685,0.16594402535511746,0.8340559746448826
220102,San Martin,Calzada,2005,130309,21816,108493,0.1674174462239753,0.8325825537760246
220102,San Martin,Calzada,2006,130309,21159,109150,0.1623755841883523,0.8376244158116477
220102,San Martin,Calzada,2007,130309,21999,108310,0.1688218004896055,0.8311781995103945
220102,San Martin,Calzada,2008,130309,23445,106864,0.1799185014081913,0.8200814985918087
220102,San Martin,Calzada,2009,130309,23946,106363,0.1837632089878673,0.8162367910121326
220102,San Martin,Calzada,2010,130309,24206,106103,0.18575846641444566,0.8142415335855543
220102,San Martin,Calzada,2011,130309,24107,106202,0.18499873377894083,0.8150012662210592
220102,San Martin,Calzada,2012,130309,23567,106742,0.18085473758527806,0.819145262414722
220102,San Martin,Calzada,2013,130309,23826,106483,0.18284232094483113,0.8171576790551689
220102,San Martin,Calzada,2014,130309,24511,105798,0.18809905685716258,0.8119009431428375
220102,San Martin,Calzada,2015,130309,24927,105382,0.19129146873968797,0.8087085312603121
220102,San Martin,Calzada,2016,130309,24375,105934,0.1870553837417216,0.8129446162582784
220102,San Martin,Calzada,2017,130309,24032,106277,0.18442317875204323,0.8155768212479568
220102,San Martin,Calzada,2018,130309,24650,105659,0.18916575217367948,0.8108342478263205
220102,San Martin,Calzada,2019,130309,25484,104825,0.19556592407278084,0.8044340759272192
220102,San Martin,Calzada,2020,130309,25164,105145,0.1931102226246844,0.8068897773753156
220102,San Martin,Calzada,2021,130309,24449,105860,0.1876232647015939,0.8123767352984061
220102,San Martin,Calzada,2022,130309,23931,106378,0.18364809798248777,0.8163519020175122
220102,San Martin,Calzada,2023,130309,21423,108886,0.16440153788303188,0.8355984621169681
220102,San Martin,Calzada,2024,130309,19373,110936,0.148669700481164,0.851330299518836
220303,San Martin,San Martin,1985,585926,529100,56826,0.9030150565088424,0.09698494349115759
220303,San Martin,San Martin,1986,585926,528563,57363,0.9020985585210419,0.09790144147895809
220303,San Martin,San Martin,1987,585926,528785,57141,0.9024774459573394,0.09752255404266068
220303,San Martin,San Martin,1988,585926,523766,62160,0.8939115178367234,0.10608848216327658
220303,San Martin,San Martin,1989,585926,523066,62860,0.8927168277222721,0.1072831722777279
220303,San Martin,San Martin,1990,585926,521429,64497,0.8899229595546195,0.11007704044538047
220303,San Martin,San Martin,1991,585926,521044,64882,0.8892658799916713,0.11073412000832869
220303,San Martin,San Martin,1992,585926,520711,65215,0.8886975488372252,0.11130245116277482
220303,San Martin,San Martin,1993,585926,518685,67241,0.8852397743059703,0.11476022569402962
220303,San Martin,San Martin,1994,585926,513369,72557,0.8761669562367944,0.12383304376320559
220303,San Martin,San Martin,1995,585926,507655,78271,0.8664148715025447,0.1335851284974553
220303,San Martin,San Martin,1996,585926,505924,80002,0.863460573519523,0.13653942648047707
220303,San Martin,San Martin,1997,585926,499966,85960,0.8532920539453788,0.14670794605462123
220303,San Martin,San Martin,1998,585926,489519,96407,0.8354621573372747,0.16453784266272534
220303,San Martin,San Martin,1999,585926,484036,101890,0.8261043203407938,0.1738956796592061
220303,San Martin,San Martin,2000,585926,476826,109100,0.8137990121619454,0.18620098783805464
220303,San Martin,San Martin,2001,585926,469904,116022,0.8019852336301854,0.19801476636981463
220303,San Martin,San Martin,2002,585926,468757,117169,0.8000276485426487,0.19997235145735126
220303,San Martin,San Martin,2003,585926,458207,127719,0.7820219618177039,0.21797803818229605
220303,San Martin,San Martin,2004,585926,448671,137255,0.76574686905855,0.23425313094144995
220303,San Martin,San Martin,2005,585926,440853,145073,0.7524038871802924,0.24759611281970761
220303,San Martin,San Martin,2006,585926,434027,151899,0.7407539518642285,0.2592460481357714
220303,San Martin,San Martin,2007,585926,421849,164077,0.7199697572731028,0.28003024272689725
220303,San Martin,San Martin,2008,585926,417714,168212,0.7129125520970225,0.2870874479029775
220303,San Martin,San Martin,2009,585926,416987,168939,0.7116717810781567,0.28832821892184335
220303,San Martin,San Martin,2010,585926,411096,174830,0.7016176104149671,0.29838238958503294
220303,San Martin,San Martin,2011,585926,413175,172751,0.7051658400548875,0.29483415994511253
220303,San Martin,San Martin,2012,585926,405096,180830,0.6913774094339559,0.3086225905660442
220303,San Martin,San Martin,2013,585926,403757,182169,0.6890921379150268,0.3109078620849732
220303,San Martin,San Martin,2014,585926,406704,179222,0.6941217832968668,0.30587821670313314
220303,San Martin,San Martin,2015,585926,414856,171070,0.7080348030297341,0.29196519697026585
220303,San Martin,San Martin,2016,585926,415688,170238,0.7094547775657677,0.2905452224342323
220303,San Martin,San Martin,2017,585926,422988,162938,0.7219136887593314,0.2780863112406686
220303,San Martin,San Martin,2018,585926,427512,158414,0.7296348002990138,0.27036519970098616
220303,San Martin,San Martin,2019,585926,437359,148567,0.7464406768090168,0.2535593231909832
220303,San Martin,San Martin,2020,585926,436421,149505,0.7448397920556521,0.2551602079443479
220303,San Martin,San Martin,2021,585926,424871,161055,0.7251274051672054,0.2748725948327946
220303,San Martin,San Martin,2022,585926,412819,173107,0.7045582547966808,0.2954417452033192
220303,San Martin,San Martin,2023,585926,398078,187848,0.6793997876864997,0.32060021231350033
220303,San Martin,San Martin,2024,585926,385597,200329,0.6580984629458327,0.34190153705416726
220503,San Martin,Barranquita,1985,1189871,993910,195961,0.8353090377024064,0.1646909622975936
220503,San Martin,Barranquita,1986,1189871,992932,196939,0.8344870998620859,0.16551290013791412
220503,San Martin,Barranquita,1987,1189871,979673,210198,0.823343875092342,0.17665612490765806
220503,San Martin,Barranquita,1988,1189871,963807,226064,0.8100096565089829,0.1899903434910171
220503,San Martin,Barranquita,1989,1189871,962166,227705,0.8086305154088133,0.19136948459118677
220503,San Martin,Barranquita,1990,1189871,950511,239360,0.7988353359313741,0.20116466406862593
220503,San Martin,Barranquita,1991,1189871,948730,241141,0.7973385350176616,0.20266146498233842
220503,San Martin,Barranquita,1992,1189871,947908,241963,0.7966477038267173,0.20335229617328265
220503,San Martin,Barranquita,1993,1189871,950726,239145,0.7990160277878863,0.20098397221211375
220503,San Martin,Barranquita,1994,1189871,950584,239287,0.7988966871198643,0.20110331288013575
220503,San Martin,Barranquita,1995,1189871,955495,234376,0.8030240252934983,0.1969759747065018
220503,San Martin,Barranquita,1996,1189871,948891,240980,0.7974738438032358,0.20252615619676417
220503,San Martin,Barranquita,1997,1189871,941390,248481,0.7911697990790598,0.20883020092094018
220503,San Martin,Barranquita,1998,1189871,935800,254071,0.7864718108097433,0.21352818919025676
220503,San Martin,Barranquita,1999,1189871,923594,266277,0.7762135559232891,0.22378644407671083
220503,San Martin,Barranquita,2000,1189871,915465,274406,0.7693817228926497,0.2306182771073503
220503,San Martin,Barranquita,2001,1189871,905950,283921,0.7613850577079364,0.2386149422920636
220503,San Martin,Barranquita,2002,1189871,901917,287954,0.7579956146506638,0.2420043853493362
220503,San Martin,Barranquita,2003,1189871,898673,291198,0.7552692686854289,0.24473073131457107
220503,San Martin,Barranquita,2004,1189871,887735,302136,0.7460766755387769,0.2539233244612231
220503,San Martin,Barranquita,2005,1189871,882327,307544,0.7415316450270659,0.258468354972934
220503,San Martin,Barranquita,2006,1189871,879580,310291,0.7392229913999081,0.26077700860009195
220503,San Martin,Barranquita,2007,1189871,872035,317836,0.7328819678771901,0.26711803212280993
220503,San Martin,Barranquita,2008,1189871,862757,327114,0.72508448394826,0.2749155160517401
220503,San Martin,Barranquita,2009,1189871,832337,357534,0.699518687319886,0.3004813126801141
220503,San Martin,Barranquita,2010,1189871,819795,370076,0.6889780488809291,0.3110219511190709
220503,San Martin,Barranquita,2011,1189871,823096,366775,0.6917522991988208,0.3082477008011793
220503,San Martin,Barranquita,2012,1189871,820649,369222,0.6896957737435403,0.31030422625645976
220503,San Martin,Barranquita,2013,1189871,815267,374604,0.6851725943400587,0.3148274056599413
220503,San Martin,Barranquita,2014,1189871,818387,371484,0.6877947273275843,0.31220527267241577
220503,San Martin,Barranquita,2015,1189871,814355,375516,0.6844061246975512,0.31559387530244876
220503,San Martin,Barranquita,2016,1189871,814576,375295,0.684591859117501,0.315408140882499
220503,San Martin,Barranquita,2017,1189871,806714,383157,0.6779844201598324,0.32201557984016754
220503,San Martin,Barranquita,2018,1189871,810938,378933,0.6815343848198671,0.318465615180133
220503,San Martin,Barranquita,2019,1189871,815816,374055,0.6856339888945945,0.3143660111054055
220503,San Martin,Barranquita,2020,1189871,811771,378100,0.6822344607104468,0.31776553928955326
220503,San Martin,Barranquita,2021,1189871,807316,382555,0.6784903573580665,0.32150964264193344
220503,San Martin,Barranquita,2022,1189871,792855,397016,0.6663369390463336,0.3336630609536664
220503,San Martin,Barranquita,2023,1189871,783062,406809,0.6581066350890139,0.34189336491098615
220503,San Martin,Barranquita,2024,1189871,750828,439043,0.6310163034480208,0.36898369655197916
220509,San Martin,Shanao,1985,27404,14120,13284,0.5152532477010655,0.48474675229893444
220509,San Martin,Shanao,1986,27404,14120,13284,0.5152532477010655,0.48474675229893444
220509,San Martin,Shanao,1987,27404,14316,13088,0.5224054882498905,0.4775945117501095
220509,San Martin,Shanao,1988,27404,13154,14250,0.4800029192818567,0.5199970807181433
220509,San Martin,Shanao,1989,27404,11320,16084,0.4130783827178514,0.5869216172821486
220509,San Martin,Shanao,1990,27404,9744,17660,0.3555685301415852,0.6444314698584148
220509,San Martin,Shanao,1991,27404,8135,19269,0.29685447379944535,0.7031455262005547
220509,San Martin,Shanao,1992,27404,9129,18275,0.33312655086848636,0.6668734491315137
220509,San Martin,Shanao,1993,27404,10336,17068,0.3771712158808933,0.6228287841191067
220509,San Martin,Shanao,1994,27404,10212,17192,0.37264632900306527,0.6273536709969347
220509,San Martin,Shanao,1995,27404,9654,17750,0.352284338052839,0.647715661947161
220509,San Martin,Shanao,1996,27404,9814,17590,0.3581229017661655,0.6418770982338344
220509,San Martin,Shanao,1997,27404,9023,18381,0.32925850240840754,0.6707414975915925
220509,San Martin,Shanao,1998,27404,7817,19587,0.2852503284192089,0.7147496715807912
220509,San Martin,Shanao,1999,27404,7558,19846,0.27579915340826155,0.7242008465917384
220509,San Martin,Shanao,2000,27404,6904,20500,0.2519340242300394,0.7480659757699606
220509,San Martin,Shanao,2001,27404,7476,19928,0.2728068895051817,0.7271931104948183
220509,San Martin,Shanao,2002,27404,7785,19619,0.2840826156765436,0.7159173843234564
220509,San Martin,Shanao,2003,27404,7634,19770,0.27857247117209166,0.7214275288279083
220509,San Martin,Shanao,2004,27404,8056,19348,0.29397168296599036,0.7060283170340096
220509,San Martin,Shanao,2005,27404,7700,19704,0.28098087870383887,0.7190191212961612
220509,San Martin,Shanao,2006,27404,7696,19708,0.2808349146110057,0.7191650853889943
220509,San Martin,Shanao,2007,27404,8134,19270,0.29681798277623705,0.703182017223763
220509,San Martin,Shanao,2008,27404,8678,18726,0.3166690994015472,0.6833309005984528
220509,San Martin,Shanao,2009,27404,8224,19180,0.3001021748649832,0.6998978251350167
220509,San Martin,Shanao,2010,27404,7405,19999,0.2702160268573931,0.7297839731426069
220509,San Martin,Shanao,2011,27404,7611,19793,0.27773317763830097,0.722266822361699
220509,San Martin,Shanao,2012,27404,6870,20534,0.2506933294409575,0.7493066705590424
220509,San Martin,Shanao,2013,27404,7292,20112,0.2660925412348562,0.7339074587651437
220509,San Martin,Shanao,2014,27404,8626,18778,0.3147715661947161,0.6852284338052839
220509,San Martin,Shanao,2015,27404,9127,18277,0.33305356882206977,0.6669464311779302
220509,San Martin,Shanao,2016,27404,9711,17693,0.3543643263757116,0.6456356736242884
220509,San Martin,Shanao,2017,27404,10166,17238,0.3709677419354839,0.6290322580645161
220509,San Martin,Shanao,2018,27404,10542,16862,0.3846883666618012,0.6153116333381988
220509,San Martin,Shanao,2019,27404,12015,15389,0.43843964384761347,0.5615603561523865
220509,San Martin,Shanao,2020,27404,12768,14636,0.4659173843234564,0.5340826156765436
220509,San Martin,Shanao,2021,27404,12742,14662,0.4649686177200409,0.5350313822799592
220509,San Martin,Shanao,2022,27404,12322,15082,0.44964238797255873,0.5503576120274413
220509,San Martin,Shanao,2023,27404,11969,15435,0.43676105678003213,0.5632389432199679
220509,San Martin,Shanao,2024,27404,12013,15391,0.43836666180119693,0.5616333381988031
220704,San Martin,Pilluana,1985,77007,36144,40863,0.46935992831820483,0.5306400716817952
220704,San Martin,Pilluana,1986,77007,36127,40880,0.46913916916643944,0.5308608308335606
220704,San Martin,Pilluana,1987,77007,40601,36406,0.5272377835781162,0.4727622164218837
220704,San Martin,Pilluana,1988,77007,37435,39572,0.4861246380199203,0.5138753619800798
220704,San Martin,Pilluana,1989,77007,37792,39215,0.49076058020699415,0.5092394197930058
220704,San Martin,Pilluana,1990,77007,38364,38643,0.49818847637227787,0.5018115236277222
220704,San Martin,Pilluana,1991,77007,39593,37414,0.5141480644616723,0.4858519355383277
220704,San Martin,Pilluana,1992,77007,39362,37645,0.5111483371641539,0.4888516628358461
220704,San Martin,Pilluana,1993,77007,40602,36405,0.527250769410573,0.4727492305894269
220704,San Martin,Pilluana,1994,77007,39880,37127,0.517874998376771,0.4821250016232291
220704,San Martin,Pilluana,1995,77007,38066,38941,0.4943186983001545,0.5056813016998455
220704,San Martin,Pilluana,1996,77007,36119,40888,0.4690352825067851,0.5309647174932149
220704,San Martin,Pilluana,1997,77007,34317,42690,0.44563481241965014,0.5543651875803498
220704,San Martin,Pilluana,1998,77007,34460,42547,0.4474917864609711,0.5525082135390289
220704,San Martin,Pilluana,1999,77007,34553,42454,0.4486994688794525,0.5513005311205474
220704,San Martin,Pilluana,2000,77007,35274,41733,0.45806225408079787,0.5419377459192022
220704,San Martin,Pilluana,2001,77007,33840,43167,0.4394405703377615,0.5605594296622385
220704,San Martin,Pilluana,2002,77007,33146,43861,0.4304284026127495,0.5695715973872505
220704,San Martin,Pilluana,2003,77007,33332,43675,0.43284376744971237,0.5671562325502877
220704,San Martin,Pilluana,2004,77007,35024,41983,0.45481579596660043,0.5451842040333995
220704,San Martin,Pilluana,2005,77007,37515,39492,0.48716350461646346,0.5128364953835366
220704,San Martin,Pilluana,2006,77007,36184,40823,0.4698793616164764,0.5301206383835235
220704,San Martin,Pilluana,2007,77007,34817,42190,0.45212772864804496,0.547872271351955
220704,San Martin,Pilluana,2008,77007,34768,42239,0.4514914228576623,0.5485085771423377
220704,San Martin,Pilluana,2009,77007,36892,40115,0.4790733309958835,0.5209266690041165
220704,San Martin,Pilluana,2010,77007,38725,38282,0.502876361889179,0.4971236381108211
220704,San Martin,Pilluana,2011,77007,39564,37443,0.5137714753204254,0.48622852467957456
220704,San Martin,Pilluana,2012,77007,38161,38846,0.49555235238354955,0.5044476476164504
220704,San Martin,Pilluana,2013,77007,35166,41841,0.45665978417546454,0.5433402158245354
220704,San Martin,Pilluana,2014,77007,35275,41732,0.45807523991325466,0.5419247600867454
220704,San Martin,Pilluana,2015,77007,33617,43390,0.43654472969989744,0.5634552703001026
220704,San Martin,Pilluana,2016,77007,33749,43258,0.43825885958419364,0.5617411404158064
220704,San Martin,Pilluana,2017,77007,34999,42008,0.4544911501551807,0.5455088498448193
220704,San Martin,Pilluana,2018,77007,36769,40238,0.47747607360369837,0.5225239263963016
220704,San Martin,Pilluana,2019,77007,38375,38632,0.4983313205293025,0.5016686794706975
220704,San Martin,Pilluana,2020,77007,39373,37634,0.5112911813211786,0.48870881867882143
220704,San Martin,Pilluana,2021,77007,39208,37799,0.5091485189658083,0.4908514810341917
220704,San Martin,Pilluana,2022,77007,39179,37828,0.5087719298245614,0.49122807017543857
220704,San Martin,Pilluana,2023,77007,38615,38392,0.501447920318932,0.49855207968106796
220704,San Martin,Pilluana,2024,77007,37887,39120,0.4919942342903892,0.5080057657096109
220906,San Martin,El Porvenir,1985,550820,473817,77003,0.8602029701172796,0.1397970298827203
220906,San Martin,El Porvenir,1986,550820,472314,78506,0.8574743110271958,0.14252568897280418
220906,San Martin,El Porvenir,1987,550820,470123,80697,0.8534966050615446,0.1465033949384554
220906,San Martin,El Porvenir,1988,550820,469624,81196,0.8525906829817363,0.14740931701826368
220906,San Martin,El Porvenir,1989,550820,467911,82909,0.8494807741185868,0.15051922588141317
220906,San Martin,El Porvenir,1990,550820,466886,83934,0.8476199121310047,0.15238008786899532
220906,San Martin,El Porvenir,1991,550820,465432,85388,0.8449802113213027,0.1550197886786972
220906,San Martin,El Porvenir,1992,550820,465202,85618,0.8445626520460404,0.15543734795395955
220906,San Martin,El Porvenir,1993,550820,463555,87265,0.8415725645401402,0.15842743545985985
220906,San Martin,El Porvenir,1994,550820,464700,86120,0.8436512835409027,0.15634871645909734
220906,San Martin,El Porvenir,1995,550820,466963,83857,0.8477597037144621,0.15224029628553792
220906,San Martin,El Porvenir,1996,550820,466045,84775,0.8460930975636324,0.1539069024363676
220906,San Martin,El Porvenir,1997,550820,464688,86132,0.8436294978395846,0.15637050216041537
220906,San Martin,El Porvenir,1998,550820,462508,88312,0.8396717621001416,0.1603282378998584
220906,San Martin,El Porvenir,1999,550820,458494,92326,0.8323844450092589,0.16761555499074107
220906,San Martin,El Porvenir,2000,550820,457641,93179,0.8308358447405686,0.1691641552594314
220906,San Martin,El Porvenir,2001,550820,454075,96745,0.8243618604988926,0.17563813950110743
220906,San Martin,El Porvenir,2002,550820,453623,97197,0.8235412657492466,0.17645873425075342
220906,San Martin,El Porvenir,2003,550820,452766,98054,0.821985403580117,0.17801459641988307
220906,San Martin,El Porvenir,2004,550820,446691,104129,0.8109563922878618,0.18904360771213827
220906,San Martin,El Porvenir,2005,550820,444971,105849,0.8078337750989434,0.19216622490105661
220906,San Martin,El Porvenir,2006,550820,441466,109354,0.8014705348389674,0.19852946516103265
220906,San Martin,El Porvenir,2007,550820,438017,112803,0.7952089611851422,0.20479103881485786
220906,San Martin,El Porvenir,2008,550820,425373,125447,0.7722540938963727,0.22774590610362733
220906,San Martin,El Porvenir,2009,550820,414751,136069,0.7529701172796921,0.2470298827203079
220906,San Martin,El Porvenir,2010,550820,407572,143248,0.7399368214661777,0.2600631785338223
220906,San Martin,El Porvenir,2011,550820,402136,148684,0.7300678987691078,0.2699321012308921
220906,San Martin,El Porvenir,2012,550820,399710,151110,0.7256635561526451,0.27433644384735484
220906,San Martin,El Porvenir,2013,550820,396003,154817,0.7189335899204822,0.2810664100795178
220906,San Martin,El Porvenir,2014,550820,390774,160046,0.7094404705711485,0.29055952942885155
220906,San Martin,El Porvenir,2015,550820,385901,164919,0.7005936603609164,0.29940633963908353
220906,San Martin,El Porvenir,2016,550820,380486,170334,0.6907628626411532,0.30923713735884684
220906,San Martin,El Porvenir,2017,550820,377728,173092,0.6857557822882249,0.3142442177117752
220906,San Martin,El Porvenir,2018,550820,376702,174118,0.6838931048255329,0.31610689517446716
220906,San Martin,El Porvenir,2019,550820,375568,175252,0.6818343560509785,0.31816564394902147
220906,San Martin,El Porvenir,2020,550820,369239,181581,0.670344214080825,0.32965578591917505
220906,San Martin,El Porvenir,2021,550820,365163,185657,0.6629443375331324,0.3370556624668676
220906,San Martin,El Porvenir,2022,550820,351011,199809,0.6372517337787299,0.3627482662212701
220906,San Martin,El Porvenir,2023,550820,337576,213244,0.61286082567808,0.38713917432192
220906,San Martin,El Porvenir,2024,550820,327307,223513,0.5942177117751716,0.4057822882248284
220913,San Martin,Sauce,1985,113557,69891,43666,0.6154706446982573,0.38452935530174276
220913,San Martin,Sauce,1986,113557,69804,43753,0.6147045096295253,0.3852954903704747
220913,San Martin,Sauce,1987,113557,70955,42602,0.6248403885273475,0.3751596114726525
220913,San Martin,Sauce,1988,113557,69383,44174,0.6109971203888795,0.3890028796111204
220913,San Martin,Sauce,1989,113557,68064,45493,0.5993818082548852,0.4006181917451148
220913,San Martin,Sauce,1990,113557,69490,44067,0.6119393784619178,0.3880606215380822
220913,San Martin,Sauce,1991,113557,71604,41953,0.6305555800170839,0.36944441998291605
220913,San Martin,Sauce,1992,113557,71663,41894,0.6310751428797873,0.3689248571202128
220913,San Martin,Sauce,1993,113557,73865,39692,0.6504662856539006,0.3495337143460993
220913,San Martin,Sauce,1994,113557,73619,39938,0.6482999727009343,0.3517000272990657
220913,San Martin,Sauce,1995,113557,72012,41545,0.6341484893049306,0.36585151069506944
220913,San Martin,Sauce,1996,113557,70345,43212,0.6194686368960082,0.3805313631039918
220913,San Martin,Sauce,1997,113557,69248,44309,0.6098082901098127,0.3901917098901873
220913,San Martin,Sauce,1998,113557,68257,45300,0.6010813952464401,0.3989186047535599
220913,San Martin,Sauce,1999,113557,67987,45570,0.5987037346883063,0.4012962653116937
220913,San Martin,Sauce,2000,113557,68196,45361,0.6005442200833062,0.39945577991669384
220913,San Martin,Sauce,2001,113557,69125,44432,0.6087251336333295,0.39127486636667047
220913,San Martin,Sauce,2002,113557,67597,45960,0.5952693361043353,0.40473066389566476
220913,San Martin,Sauce,2003,113557,67743,45814,0.5965550340357706,0.4034449659642294
220913,San Martin,Sauce,2004,113557,67752,45805,0.5966342893877083,0.40336571061229165
220913,San Martin,Sauce,2005,113557,68723,44834,0.6051850612467747,0.39481493875322526
220913,San Martin,Sauce,2006,113557,68669,44888,0.604709529135148,0.39529047086485203
220913,San Martin,Sauce,2007,113557,68045,45512,0.5992144914007943,0.4007855085992057
220913,San Martin,Sauce,2008,113557,66594,46963,0.5864367674383789,0.41356323256162103
220913,San Martin,Sauce,2009,113557,66957,46600,0.5896333999665366,0.41036660003346337
220913,San Martin,Sauce,2010,113557,68569,44988,0.6038289141136169,0.39617108588638306
220913,San Martin,Sauce,2011,113557,69140,44417,0.6088572258865592,0.39114277411344084
220913,San Martin,Sauce,2012,113557,70110,43447,0.6173991915954102,0.38260080840458977
220913,San Martin,Sauce,2013,113557,69775,43782,0.6144491312732813,0.38555086872671873
220913,San Martin,Sauce,2014,113557,72101,41456,0.6349322366740932,0.3650677633259068
220913,San Martin,Sauce,2015,113557,72750,40807,0.6406474281638296,0.35935257183617036
220913,San Martin,Sauce,2016,113557,73666,39891,0.648713861761054,0.35128613823894606
220913,San Martin,Sauce,2017,113557,72335,41222,0.6369928758244758,0.36300712417552417
220913,San Martin,Sauce,2018,113557,72486,41071,0.6383226045069876,0.3616773954930123
220913,San Martin,Sauce,2019,113557,73422,40135,0.6465651611085181,0.3534348388914818
220913,San Martin,Sauce,2020,113557,73271,40286,0.6452354324260063,0.35476456757399366
220913,San Martin,Sauce,2021,113557,71770,41787,0.6320174009528254,0.36798259904717456
220913,San Martin,Sauce,2022,113557,71435,42122,0.6290673406306965,0.37093265936930353
220913,San Martin,Sauce,2023,113557,69996,43561,0.6163952904708648,0.38360470952913517
220913,San Martin,Sauce,2024,113557,67975,45582,0.5985980608857225,0.4014019391142774
221002,San Martin,Nuevo Progreso,1985,932793,645335,287458,0.6918308778046147,0.3081691221953853
221002,San Martin,Nuevo Progreso,1986,932793,637995,294798,0.6839620365933278,0.31603796340667223
221002,San Martin,Nuevo Progreso,1987,932793,630820,301973,0.6762700835019131,0.3237299164980869
221002,San Martin,Nuevo Progreso,1988,932793,626494,306299,0.671632398613626,0.32836760138637405
221002,San Martin,Nuevo Progreso,1989,932793,619050,313743,0.6636520642843589,0.3363479357156411
221002,San Martin,Nuevo Progreso,1990,932793,622520,310273,0.667372075047733,0.332627924952267
221002,San Martin,Nuevo Progreso,1991,932793,615669,317124,0.6600274659007948,0.3399725340992053
221002,San Martin,Nuevo Progreso,1992,932793,616314,316479,0.6607189376421135,0.33928106235788646
221002,San Martin,Nuevo Progreso,1993,932793,622896,309897,0.6677751655511994,0.3322248344488005
221002,San Martin,Nuevo Progreso,1994,932793,625250,307543,0.6702987693947103,0.3297012306052897
221002,San Martin,Nuevo Progreso,1995,932793,645260,287533,0.6917504741137637,0.3082495258862363
221002,San Martin,Nuevo Progreso,1996,932793,648088,284705,0.694782229283453,0.305217770716547
221002,San Martin,Nuevo Progreso,1997,932793,655552,277241,0.702784004596947,0.297215995403053
221002,San Martin,Nuevo Progreso,1998,932793,655243,277550,0.7024527413906408,0.2975472586093592
221002,San Martin,Nuevo Progreso,1999,932793,652091,280702,0.6990736422764751,0.30092635772352494
221002,San Martin,Nuevo Progreso,2000,932793,659001,273792,0.7064815023268828,0.29351849767311716
221002,San Martin,Nuevo Progreso,2001,932793,661367,271426,0.7090179707609298,0.2909820292390702
221002,San Martin,Nuevo Progreso,2002,932793,659708,273085,0.7072394411193051,0.29276055888069485
221002,San Martin,Nuevo Progreso,2003,932793,654569,278224,0.7017301802221929,0.2982698197778071
221002,San Martin,Nuevo Progreso,2004,932793,655421,277372,0.7026435661502606,0.2973564338497394
221002,San Martin,Nuevo Progreso,2005,932793,662855,269938,0.7106131799874141,0.28938682001258587
221002,San Martin,Nuevo Progreso,2006,932793,660347,272446,0.7079244805653558,0.2920755194346441
221002,San Martin,Nuevo Progreso,2007,932793,656592,276201,0.7038989357767479,0.2961010642232521
221002,San Martin,Nuevo Progreso,2008,932793,656074,276719,0.7033436142852701,0.29665638571472985
221002,San Martin,Nuevo Progreso,2009,932793,656730,276063,0.7040468785679138,0.29595312143208624
221002,San Martin,Nuevo Progreso,2010,932793,658816,273977,0.7062831732227837,0.2937168267772164
221002,San Martin,Nuevo Progreso,2011,932793,663115,269678,0.7108919127823644,0.28910808721763565
221002,San Martin,Nuevo Progreso,2012,932793,666339,266454,0.714348199439747,0.2856518005602529
221002,San Martin,Nuevo Progreso,2013,932793,664825,267968,0.7127251169337677,0.2872748830662323
221002,San Martin,Nuevo Progreso,2014,932793,658442,274351,0.7058822268177398,0.2941177731822602
221002,San Martin,Nuevo Progreso,2015,932793,654681,278112,0.7018502497338638,0.2981497502661362
221002,San Martin,Nuevo Progreso,2016,932793,650217,282576,0.6970646220544108,0.3029353779455892
221002,San Martin,Nuevo Progreso,2017,932793,650561,282232,0.6974334069831142,0.3025665930168858
221002,San Martin,Nuevo Progreso,2018,932793,656273,276520,0.7035569520783282,0.2964430479216718
221002,San Martin,Nuevo Progreso,2019,932793,655177,277616,0.7023819861426919,0.29761801385730813
221002,San Martin,Nuevo Progreso,2020,932793,650450,282343,0.6973144095206546,0.30268559047934535
221002,San Martin,Nuevo Progreso,2021,932793,643429,289364,0.6897875520077874,0.31021244799221265
221002,San Martin,Nuevo Progreso,2022,932793,640911,291882,0.6870881320936156,0.31291186790638437
221002,San Martin,Nuevo Progreso,2023,932793,631733,301060,0.6772488644318729,0.3227511355681271
221002,San Martin,Nuevo Progreso,2024,932793,625921,306872,0.6710181144155242,0.3289818855844759
