geocode,departamento,distrito,rmse,mae
060810,Cajamarca,San Felipe,0.036726,0.03277
060904,Cajamarca,La Coipa,0.03369,0.026759
060901,Cajamarca,San Ignacio,0.032816,0.021435
100804,Huanuco,Umari,0.0241,0.019854
060902,Cajamarca,Chirinos,0.030026,0.019661
160101,Loreto,Iquitos,0.022275,0.018971
060803,Cajamarca,Chontali,0.026252,0.018878
060811,Cajamarca,San Jose Del Alto,0.019824,0.015545
120304,Junin,San Luis De Shuaro,0.018852,0.015381
220507,San Martin,Rumisapa,0.016124,0.015229
010706,Amazonas,Lonya Grande,0.016424,0.015196
010115,Amazonas,Montevideo,0.026017,0.014826
120209,Junin,Mariscal Castilla,0.019773,0.014733
220204,San Martin,Huallaga,0.015959,0.014335
250306,Ucayali,Huipoca,0.015057,0.014328
060804,Cajamarca,Colasay,0.017061,0.013993
010610,Amazonas,Santa Rosa,0.017254,0.013677
100505,Huanuco,Jircan,0.015172,0.013548
100113,Huanuco,San Pablo De Pillao,0.020157,0.013379
220902,San Martin,Alberto Leveau,0.013826,0.013376
220302,San Martin,Agua Blanca,0.014306,0.013338
250105,Ucayali,Yarinacocha,0.015733,0.013101
060907,Cajamarca,Tabaconas,0.016704,0.012772
160603,Loreto,Padre Marquez,0.015781,0.012771
010204,Amazonas,El Parco,0.013263,0.012677
220806,San Martin,Posic,0.014747,0.012522
010611,Amazonas,Totora,0.014297,0.012454
220304,San Martin,Santa Rosa,0.014117,0.012311
220601,San Martin,Juanjui,0.014238,0.012274
100903,Huanuco,Honoria,0.014286,0.012185
220605,San Martin,Pajarillo,0.013733,0.012175
220502,San Martin,Alonso De Alvarado,0.013892,0.012117
250106,Ucayali,Nueva Requena,0.012658,0.012002
010705,Amazonas,Jamalca,0.014966,0.011752
200307,Piura,Sondor,0.013171,0.01162
010608,Amazonas,Milpuc,0.012291,0.011432
010701,Amazonas,Bagua Grande,0.01524,0.011348
220501,San Martin,Lamas,0.012683,0.011236
220510,San Martin,Tabalosos,0.011713,0.011163
220201,San Martin,Bellavista,0.012311,0.010904
220303,San Martin,San Martin,0.01192,0.010679
220405,San Martin,Sacanche,0.011507,0.010596
010119,Amazonas,San Isidro De Maino,0.011812,0.010548
220203,San Martin,Bajo Biavo,0.013195,0.01053
220106,San Martin,Yantalo,0.011422,0.010479
120602,Junin,Coviriali,0.011035,0.010435
220305,San Martin,Shatoja,0.013314,0.010403
080905,Cusco,Ocobamba,0.010287,0.010148
060807,Cajamarca,Pomahuaca,0.013835,0.010058
220912,San Martin,San Antonio,0.010293,0.009862
220706,San Martin,San Cristobal,0.010989,0.009846
120603,Junin,Llaylla,0.010683,0.009726
100103,Huanuco,Chinchao,0.010209,0.009722
120604,Junin,Mazamari,0.012061,0.009598
010306,Amazonas,Florida,0.009907,0.009462
010305,Amazonas,Cuispes,0.011652,0.009425
060809,Cajamarca,Sallique,0.011722,0.009319
250302,Ucayali,Irazola,0.011873,0.009113
200303,Piura,El Carmen De La Frontera,0.011474,0.009102
220403,San Martin,El Eslabon,0.010403,0.009034
010307,Amazonas,Jazan,0.012262,0.008976
010310,Amazonas,Shipasbamba,0.010064,0.008941
220705,San Martin,Pucacaca,0.012352,0.008783
120607,Junin,Rio Negro,0.009963,0.008719
220913,San Martin,Sauce,0.010482,0.008715
220404,San Martin,Piscoyacu,0.009532,0.008602
060801,Cajamarca,Jaen,0.009178,0.008561
220205,San Martin,San Pablo,0.009141,0.008502
080903,Cusco,Huayopata,0.010375,0.008427
010308,Amazonas,Recta,0.0102,0.008367
010514,Amazonas,Pisuquia,0.0095,0.008341
010303,Amazonas,Churuja,0.010484,0.008259
220503,San Martin,Barranquita,0.011277,0.008251
010515,Amazonas,Providencia,0.010024,0.00825
100905,Huanuco,Yuyapichis,0.008761,0.00825
120601,Junin,Satipo,0.009559,0.008201
220301,San Martin,San Jose De Sisa,0.010409,0.008134
100608,Huanuco,Castillo Grande,0.011617,0.008131
170204,Madre De Dios,Huepetuhe,0.008525,0.007982
010104,Amazonas,Cheto,0.008288,0.007877
010510,Amazonas,Luya Viejo,0.009609,0.007854
220702,San Martin,Buenos Aires,0.010578,0.007842
250102,Ucayali,Campoverde,0.009908,0.007842
100605,Huanuco,Luyando,0.01038,0.007826
220401,San Martin,Saposoa,0.009173,0.007808
170102,Madre De Dios,Inambari,0.008816,0.007616
010102,Amazonas,Asuncion,0.009102,0.007605
050512,Ayacucho,Union Progreso,0.009371,0.007579
220710,San Martin,Tres Unidos,0.008966,0.007552
160211,Loreto,Teniente Cesar Lopez Rojas,0.008909,0.007516
220807,San Martin,San Fernando,0.008281,0.007462
220506,San Martin,Pinto Recodo,0.007856,0.007449
010604,Amazonas,Huambo,0.009533,0.007434
010707,Amazonas,Yamon,0.007585,0.007329
220906,San Martin,El Porvenir,0.010052,0.007321
220102,San Martin,Calzada,0.009103,0.007252
100902,Huanuco,Codo Del Pozuzo,0.008005,0.007212
220708,San Martin,Shamboyacu,0.010935,0.007191
160503,Loreto,Capelo,0.00898,0.007188
250304,Ucayali,Neshuya,0.00891,0.007114
250305,Ucayali,Alexander Von Humboldt,0.007549,0.007074
010513,Amazonas,Ocumal,0.008662,0.007073
010503,Amazonas,Cocabamba,0.008577,0.007052
220707,San Martin,San Hilarion,0.00783,0.00701
100609,Huanuco,Pueblo Nuevo,0.008013,0.006927
010605,Amazonas,Limabamba,0.01019,0.006899
120302,Junin,Perene,0.007527,0.006747
010105,Amazonas,Chiliquin,0.007885,0.006714
220701,San Martin,Picota,0.009278,0.006518
080918,Cusco,Union Ashaninka,0.007204,0.006514
100507,Huanuco,Monzon,0.007991,0.00646
010602,Amazonas,Chirimoto,0.006776,0.0064
010203,Amazonas,Copallin,0.007331,0.006382
010112,Amazonas,Magdalena,0.006977,0.006375
010606,Amazonas,Longar,0.007115,0.00633
220511,San Martin,Zapatero,0.006914,0.006288
080904,Cusco,Maranura,0.006604,0.006101
220908,San Martin,Juan Guerra,0.00682,0.006095
220803,San Martin,Elias Soplin Vargas,0.008718,0.005985
220914,San Martin,Shapaja,0.006924,0.005939
010114,Amazonas,Molinopampa,0.007483,0.005931
010301,Amazonas,Jumbilla,0.006719,0.005811
080901,Cusco,Santa Ana,0.006282,0.005744
160112,Loreto,Belen,0.008601,0.005732
060903,Cajamarca,Huarango,0.005806,0.005618
081304,Cusco,Machupicchu,0.006139,0.005609
120609,Junin,Vizcatán Del Ene,0.006771,0.005604
010502,Amazonas,Camporredondo,0.005735,0.005569
220505,San Martin,Cuñumbuqui,0.00795,0.005521
220504,San Martin,Caynarachi,0.00655,0.005481
100901,Huanuco,Puerto Inca,0.006235,0.005384
010117,Amazonas,Quinjalca,0.006209,0.005356
080408,Cusco,Yanatile,0.007244,0.005348
080906,Cusco,Quellouno,0.006531,0.005273
100606,Huanuco,Mariano Damaso Beraun,0.007054,0.00527
220808,San Martin,Yorongos,0.008061,0.00523
220704,San Martin,Pilluana,0.005821,0.005228
010109,Amazonas,La Jalca,0.005379,0.005216
220101,San Martin,Moyobamba,0.006145,0.005186
010120,Amazonas,Soloco,0.006453,0.005169
100601,Huanuco,Rupa-Rupa,0.007443,0.005083
010302,Amazonas,Chisquilla,0.008119,0.005082
010508,Amazonas,Lonya Chico,0.006071,0.004949
010523,Amazonas,Trita,0.008762,0.004942
221002,San Martin,Nuevo Progreso,0.005656,0.004891
010609,Amazonas,Omia,0.005787,0.004789
010518,Amazonas,San Jeronimo,0.005131,0.004598
100904,Huanuco,Tournavista,0.005108,0.004584
010507,Amazonas,Longuita,0.004951,0.004553
010516,Amazonas,San Cristobal,0.004638,0.00433
010512,Amazonas,Ocalli,0.005973,0.004288
010111,Amazonas,Levanto,0.005392,0.004241
010601,Amazonas,San Nicolas,0.005303,0.004216
060812,Cajamarca,Santa Rosa,0.005113,0.004215
010206,Amazonas,La Peca,0.00434,0.003996
221005,San Martin,Uchiza,0.004171,0.003965
050409,Ayacucho,Canayre,0.004417,0.003914
221006,San Martin,Santa Lucia,0.003831,0.003765
220910,San Martin,Morales,0.005161,0.003754
220802,San Martin,Awajun,0.004802,0.00375
010304,Amazonas,Corosha,0.004301,0.003743
211205,Puno,Phara,0.005422,0.003708
010522,Amazonas,Tingo,0.003719,0.0036
010202,Amazonas,Aramango,0.005096,0.003592
220809,San Martin,Yuracyacu,0.004378,0.003574
050507,Ayacucho,Santa Rosa,0.004134,0.003566
120303,Junin,Pichanaqui,0.003792,0.003549
050502,Ayacucho,Anco,0.003893,0.003504
220909,San Martin,La Banda De Shilcayo,0.003983,0.003432
221001,San Martin,Tocache,0.004722,0.003367
010703,Amazonas,Cumba,0.003574,0.003263
010311,Amazonas,Valera,0.003836,0.003091
010603,Amazonas,Cochamal,0.003195,0.003067
050408,Ayacucho,Llochegua,0.003595,0.002949
010511,Amazonas,Maria,0.003295,0.002528
010520,Amazonas,Santa Catalina,0.002719,0.002202
010517,Amazonas,San Francisco Del Yeso,0.002099,0.001993
220804,San Martin,Nueva Cajamarca,0.002584,0.001794
010519,Amazonas,San Juan De Lopecancha,0.001871,0.001647
010521,Amazonas,Santo Tomas,0.001704,0.001207
