geocode,departamento,distrito,km_rios,area_utm_km2,densidad_rios_km_km2
250305,Ucayali,Alexander Von Humboldt,0.0,205.12593999026691,0.0
220509,San Martin,Shanao,2.9957342111919547,24.347695206635308,0.12303974506693957
250304,Ucayali,Neshuya,0.0,623.3702441602967,0.0
220501,San Martin,Lamas,6.2430681012276015,129.42042912935193,0.04823866018082692
220902,San Martin,Alberto Leveau,2.2040625247003627,51.77247253795632,0.042572093173345794
250102,Ucayali,Campoverde,10.282833198599207,1324.676230901178,0.007762525633606175
220702,San Martin,Buenos Aires,9.879044542046014,311.17853588157976,0.031747191412345756
220502,San Martin,Alonso De Alvarado,7.79171697844185,296.28767141294287,0.026297810304710102
220404,San Martin,Piscoyacu,0.0,179.75145890612757,0.0
220708,San Martin,Shamboyacu,0.0,392.2988724893263,0.0
220204,San Martin,Huallaga,0.5044416082884934,256.29489046146585,0.001968207822560304
220605,San Martin,Pajarillo,23.87784798524238,454.31514348834213,0.05255789582953906
010703,Amazonas,Cumba,20.4707001863405,301.83529094134155,0.06782076450536316
220704,San Martin,Pilluana,4.860507741796288,68.34812652807737,0.07111398642067525
220104,San Martin,Jepelacio,11.233182687503293,386.1968468908214,0.029086676336016113
220505,San Martin,Cuñumbuqui,19.40139560586171,182.0479718620217,0.10657298407348623
220507,San Martin,Rumisapa,0.3282154568760569,33.24432486598168,0.009872826661368414
220913,San Martin,Sauce,0.0,100.79580658189283,0.0
010608,Amazonas,Milpuc,3.9224539804743275,42.983115807280825,0.09125569207362838
220405,San Martin,Sacanche,0.0,161.72974326145075,0.0
220709,San Martin,Tingo De Ponasa,0.0,335.1977466456922,0.0
220304,San Martin,Santa Rosa,0.0,249.21368058880364,0.0
100903,Huanuco,Honoria,45.98867753281118,948.542425859834,0.0484835219585707
220203,San Martin,Bajo Biavo,56.57807768111427,1122.106368496657,0.05042131411919068
220710,San Martin,Tres Unidos,0.0,370.36766623514353,0.0
220510,San Martin,Tabalosos,26.2857611049841,361.96238288567537,0.07262014603679513
100904,Huanuco,Tournavista,61.64285293269241,1739.5610777174172,0.035435865818277394
010701,Amazonas,Bagua Grande,16.848000303107465,729.4867024694049,0.023095692143633117
220701,San Martin,Picota,15.803101756560114,217.24095873889547,0.0727445774880512
220403,San Martin,El Eslabon,0.0,124.65613655236467,0.0
250105,Ucayali,Yarinacocha,24.739381271656807,661.1835318305731,0.03741681406244737
220914,San Martin,Shapaja,24.596490782063963,237.66784402904216,0.10349103338968464
010707,Amazonas,Yamon,6.4477303375154476,135.68929933822426,0.047518340568946354
010705,Amazonas,Jamalca,14.462012120080631,351.2171603715725,0.04117683801321225
220205,San Martin,San Pablo,0.0,347.99517120809065,0.0
220705,San Martin,Pucacaca,11.675249456666533,202.9035790437305,0.057540874890877315
220601,San Martin,Juanjui,24.09533150319989,447.691909602845,0.0538212350644783
100905,Huanuco,Yuyapichis,96.67159380206908,2065.080020799099,0.046812517107526534
100608,Huanuco,Castillo Grande,10.905818258202963,104.31207555059086,0.10454991141379114
220302,San Martin,Agua Blanca,0.0,152.65118765341998,0.0
250306,Ucayali,Huipoca,35.80064135588594,589.7172837340729,0.0607081432804501
010611,Amazonas,Totora,0.0,19.4660997954613,0.0
010706,Amazonas,Lonya Grande,12.21464859189567,365.14916626882894,0.03345112003597741
220706,San Martin,San Cristobal,3.2602732105170733,30.078780164966393,0.10839113795959072
010303,Amazonas,Churuja,3.6952689028400836,31.86102072825128,0.1159808699902535
220301,San Martin,San Jose De Sisa,0.0,308.50879835909603,0.0
010204,Amazonas,El Parco,0.0,18.217571728944986,0.0
010306,Amazonas,Florida,0.0,222.40537293962277,0.0
220303,San Martin,San Martin,0.0,520.7247035073095,0.0
220106,San Martin,Yantalo,15.037825456464219,69.65109798685789,0.21590220242187178
220305,San Martin,Shatoja,0.0,62.02034500066292,0.0
010104,Amazonas,Cheto,0.0,70.38870266956128,0.0
160201,Loreto,Yurimaguas,133.57232438360526,2234.637247198645,0.05977360511244156
060901,Cajamarca,San Ignacio,6.284706363713474,357.58958812342485,0.01757519394424946
220511,San Martin,Zapatero,4.540297954305958,174.4009589845579,0.02603367539227793
060811,Cajamarca,San Jose Del Alto,0.0,506.2022608744121,0.0
010206,Amazonas,La Peca,0.0,138.45352286810026,0.0
220401,San Martin,Saposoa,0.0,525.5455394530054,0.0
060902,Cajamarca,Chirinos,19.455730522774175,357.1157433684856,0.05448018152114625
220908,San Martin,Juan Guerra,32.14263910656465,192.11798727779112,0.16730676581619772
060904,Cajamarca,La Coipa,0.0,406.1537461378945,0.0
220808,San Martin,Yorongos,0.0,81.80643531677875,0.0
120607,Junin,Rio Negro,16.288801404371025,488.1296776295428,0.03336982394406495
060812,Cajamarca,Santa Rosa,19.142674019275734,311.88852854047394,0.06137665309095067
250106,Ucayali,Nueva Requena,104.0455541514884,2059.982910936716,0.050507969556008
220802,San Martin,Awajun,21.56035629026971,506.8900279879208,0.04253458363711091
250302,Ucayali,Irazola,0.0,1876.8509496375284,0.0
010109,Amazonas,La Jalca,5.311972316916604,124.1966575624039,0.04277065438937073
220906,San Martin,El Porvenir,19.241466641593714,489.31067858617104,0.039323618886043084
220707,San Martin,San Hilarion,0.019190185961043958,103.96379071012514,0.00018458528522253092
220806,San Martin,Posic,0.596883472772498,52.59475802880956,0.011348725522143218
220406,San Martin,Tingo De Saposoa,5.443557233039981,46.94001934514918,0.11596836364752207
100901,Huanuco,Puerto Inca,153.7410814005168,2389.430614447735,0.06434214095647665
010105,Amazonas,Chiliquin,0.0,141.79353992680956,0.0
220105,San Martin,Soritor,0.0,583.6924421759529,0.0
220201,San Martin,Bellavista,13.069293088070047,259.38675716577006,0.050385352093043304
060803,Cajamarca,Chontali,0.0,464.28921274569814,0.0
100605,Huanuco,Luyando,10.730597845181927,111.370964056425,0.09635004901048873
010307,Amazonas,Jazan,11.204429436942869,75.88576569976087,0.14764863125019737
010502,Amazonas,Camporredondo,7.4927937397939965,219.27141980376928,0.03417131948385913
010515,Amazonas,Providencia,7.47236982662834,116.69289197318311,0.06403449002142775
010102,Amazonas,Asuncion,0.0,34.90294247360624,0.0
010510,Amazonas,Luya Viejo,0.0,67.85993800356275,0.0
100601,Huanuco,Rupa-Rupa,22.458232622547452,260.530149807674,0.08620204855033611
010514,Amazonas,Pisuquia,12.807129291851215,291.30718096018455,0.04396434461257471
060810,Cajamarca,San Felipe,21.509962454381004,257.3615307363717,0.083578778820735
010305,Amazonas,Cuispes,0.0,96.59903610092873,0.0
060905,Cajamarca,Namballe,1.97813498859164,635.7675794770224,0.0031114121771022656
010119,Amazonas,San Isidro De Maino,0.0,108.08418720400284,0.0
060801,Cajamarca,Jaen,12.84259793525842,558.0183647773138,0.02301465103282661
010513,Amazonas,Ocumal,15.988667437078286,364.5391747353362,0.04385994303269718
220912,San Martin,San Antonio,0.0,78.28701300237218,0.0
220903,San Martin,Cacatachi,0.0,52.4399063106058,0.0
120602,Junin,Coviriali,0.0,97.54063039289605,0.0
120304,Junin,San Luis De Shuaro,9.297355335260571,192.3511894676437,0.0483353150089281
120601,Junin,Satipo,15.484101669303435,815.0776898883933,0.0189970868561298
010203,Amazonas,Copallin,6.020579641242839,99.2052986053653,0.060688085474067906
010112,Amazonas,Magdalena,9.045268658026089,135.5578320374128,0.06672627115731442
220102,San Martin,Calzada,0.0,115.93533160572689,0.0
060805,Cajamarca,Huabal,0.0,85.14691983485959,0.0
010610,Amazonas,Santa Rosa,0.0,20.240172689632598,0.0
220503,San Martin,Barranquita,0.0,1056.9732251783878,0.0
220801,San Martin,Rioja,0.0,209.08320337113418,0.0
220703,San Martin,Caspisapa,2.325147807777918,76.01217964167633,0.03058914793311722
080904,Cusco,Maranura,14.22690062173274,164.74684845746472,0.08635613218061602
010117,Amazonas,Quinjalca,0.0,82.55626292069545,0.0
250303,Ucayali,Curimana,114.90577203013093,1877.650983769895,0.06119655517631203
010308,Amazonas,Recta,0.0,28.08618617543805,0.0
010115,Amazonas,Montevideo,2.8126738939798313,123.13968235904973,0.022841328157552482
010114,Amazonas,Molinopampa,0.0,340.620093615022,0.0
010503,Amazonas,Cocabamba,4.646474926524312,341.6399871271909,0.013600500824262271
060809,Cajamarca,Sallique,18.939928695872364,367.74270444060505,0.051503207180365405
010120,Amazonas,Soloco,0.0,74.84139475419542,0.0
010521,Amazonas,Santo Tomas,1.8486841118283504,90.09034525791962,0.020520335520257504
100113,Huanuco,San Pablo De Pillao,21.93252366462806,592.711987632442,0.03700367821517567
010602,Amazonas,Chirimoto,7.290461063145481,153.89245670524897,0.047373738903323505
100603,Huanuco,Hermilio Valdizan,0.0,285.5539288342109,0.0
010111,Amazonas,Levanto,6.012881477077494,74.92199260810337,0.08025522637297232
010518,Amazonas,San Jeronimo,10.235240545105247,208.20722025177392,0.04915891260989084
010609,Amazonas,Omia,16.670045431938515,225.2821208951564,0.07399630900890068
100902,Huanuco,Codo Del Pozuzo,168.12519435273865,3221.259969070146,0.05219237067701491
010113,Amazonas,Mariscal Castilla,3.364791806854845,78.94581105193274,0.0426215370013919
220101,San Martin,Moyobamba,135.83941339825518,2699.0740962939467,0.05032815274866814
010310,Amazonas,Shipasbamba,9.807367794522634,125.58193680968667,0.07809536979339014
100103,Huanuco,Chinchao,8.427708668716622,806.3725085222778,0.010451383919524817
010311,Amazonas,Valera,4.990291033158897,78.13542608981301,0.0638672018940908
060907,Cajamarca,Tabaconas,0.0,776.1743462663168,0.0
160112,Loreto,Belen,75.56855775279335,653.0257439860047,0.11572064110601571
200307,Piura,Sondor,27.548627507770252,344.7332541230618,0.07991288098344011
220803,San Martin,Elias Soplin Vargas,0.0,169.46460057512064,0.0
010506,Amazonas,Inguilpata,2.0038637880827617,118.71519955298292,0.016879589097505848
220506,San Martin,Pinto Recodo,25.22305745160014,559.7571247735508,0.04506071711334466
120303,Junin,Pichanaqui,32.8896027928824,1242.381349108362,0.026473033273146578
010202,Amazonas,Aramango,40.989698223367405,773.8140723197029,0.05297099095198727
010606,Amazonas,Longar,0.0,82.30073925112669,0.0
160101,Loreto,Iquitos,47.66985152026436,366.9135704938607,0.129921200396326
010507,Amazonas,Longuita,0.0,58.76234427770372,0.0
221001,San Martin,Tocache,34.428682330005664,1006.4661283797154,0.03420749229328913
010511,Amazonas,Maria,0.0,87.84410304210007,0.0
080901,Cusco,Santa Ana,20.836699159803103,391.7952459520712,0.053182623768620416
120302,Junin,Perene,47.302149856711196,1490.0235938218864,0.031745906610365776
050409,Ayacucho,Canayre,19.56421682076495,269.027344674239,0.07272203814246078
221002,San Martin,Nuevo Progreso,38.2383172884885,824.6433710375592,0.046369520002783
200303,Piura,El Carmen De La Frontera,28.979661408175854,660.183267600154,0.043896388821728895
100609,Huanuco,Pueblo Nuevo,11.498302759315512,320.1259174868183,0.035918062647298694
080903,Cusco,Huayopata,5.0187663824461035,530.5958101190477,0.009458737303862355
010604,Amazonas,Huambo,0.0,77.70256208695218,0.0
100505,Huanuco,Jircan,30.93959544043759,238.71392344872424,0.12960951331807596
010512,Amazonas,Ocalli,0.0,172.277723493434,0.0
010101,Amazonas,Chachapoyas,8.526130527787236,153.3889745744202,0.05558502852922188
060903,Cajamarca,Huarango,11.644585476696204,910.7395442212659,0.012785856890240763
010116,Amazonas,Olleros,0.0,106.89308274630041,0.0
010605,Amazonas,Limabamba,0.0,615.2410901472085,0.0
100804,Huanuco,Umari,10.20736104557215,157.0648825307435,0.06498818119686421
220504,San Martin,Caynarachi,0.0,1271.3611422880551,0.0
080905,Cusco,Ocobamba,2.8700260971802525,863.5225850970647,0.003323625978882354
010517,Amazonas,San Francisco Del Yeso,9.33429779801099,182.01871358495856,0.05128207761810238
120609,Junin,Vizcatán Del Ene,51.07222341782598,607.2476988730629,0.08410443302231757
060807,Cajamarca,Pomahuaca,27.238837706148555,816.0655603565059,0.03337824683380709
010304,Amazonas,Corosha,0.0,64.27194499625536,0.0
221005,San Martin,Uchiza,33.15102368944462,603.4569601830459,0.05493519153277967
220807,San Martin,San Fernando,17.981625029410264,69.17108092017922,0.25995871092661355
050512,Ayacucho,Union Progreso,5.4699609480261335,39.091650260704945,0.13992658052414217
060804,Cajamarca,Colasay,9.763158260578711,604.5171760212695,0.01615034054919095
160503,Loreto,Capelo,73.64803607713382,800.6108788406436,0.09198980181706097
220910,San Martin,Morales,0.0,50.67173509865692,0.0
120604,Junin,Mazamari,69.56897324947789,1258.0455892779883,0.05529924657929495
120603,Junin,Llaylla,0.0,308.1774618593672,0.0
010520,Amazonas,Santa Catalina,0.0,164.9991719613166,0.0
010603,Amazonas,Cochamal,0.0,180.94631323914746,0.0
120209,Junin,Mariscal Castilla,11.63657701973532,56.22632683405388,0.20695958059076952
010601,Amazonas,San Nicolas,5.7709167784276065,102.24691144118162,0.056440988750524494
010519,Amazonas,San Juan De Lopecancha,7.463394683687786,86.44138997486193,0.08634052143143718
160211,Loreto,Teniente Cesar Lopez Rojas,46.02546525039262,1319.7711555531384,0.03487382267503988
080408,Cusco,Yanatile,125.98244201876861,1995.904304599465,0.06312048214358182
050408,Ayacucho,Llochegua,38.33151996396248,515.6743692564535,0.07433280040509357
100507,Huanuco,Monzon,64.81619658211604,1403.418057898752,0.04618452514367755
081304,Cusco,Machupicchu,37.822782712608095,361.51240729208814,0.10462374720668643
220909,San Martin,La Banda De Shilcayo,0.0,266.5510248182154,0.0
220103,San Martin,Habana,0.0,68.82802683644364,0.0
100606,Huanuco,Mariano Damaso Beraun,32.52642475545412,746.1763353545031,0.04359080181764415
010508,Amazonas,Lonya Chico,0.7798147861805114,69.62765364064137,0.01119978550771294
170102,Madre De Dios,Inambari,145.69397392226335,4881.604869792275,0.029845507329736624
050502,Ayacucho,Anco,55.63046463564085,748.4385395672449,0.07432870128228161
010523,Amazonas,Trita,0.0,14.010772161219622,0.0
010516,Amazonas,San Cristobal,1.9365098698327379,35.59753415572679,0.054400112697727404
080918,Cusco,Union Ashaninka,5.568845657404612,307.04834584105095,0.018136706264125012
221006,San Martin,Santa Lucia,28.047602236374097,268.27874108439516,0.10454649564480727
100702,Huanuco,Cholon,96.66718655709263,2201.918127337634,0.04390135371380684
211205,Puno,Phara,4.214088530034881,435.70861237557716,0.009671804527936144
170204,Madre De Dios,Huepetuhe,44.1848651810781,1530.4343735300665,0.028870800306949624
010302,Amazonas,Chisquilla,0.0,162.00708691892777,0.0
050507,Ayacucho,Santa Rosa,10.007324337957044,389.05480520560724,0.025722145579639828
220804,San Martin,Nueva Cajamarca,0.0,334.30703761015315,0.0
220809,San Martin,Yuracyacu,10.470672759398626,62.10182436893999,0.16860491403913566
160603,Loreto,Padre Marquez,88.71735614893954,2434.919583357681,0.0364354357964467
010522,Amazonas,Tingo,8.338132279330221,109.17575982592447,0.07637347605938327
080906,Cusco,Quellouno,139.5943447019359,1966.819955909866,0.07097464324707774
010301,Amazonas,Jumbilla,0.0,158.86598236186447,0.0
080917,Cusco,Manitea,8.380531859288094,142.64220767243648,0.05875211829680276
