geocode,departamento,distrito,pct_bosque_real_2024,mlp_pred_2025,lstm_pred_2025,cnn_pred_2025,deforestacion_2025_mlp,deforestacion_2025_lstm,deforestacion_2025_cnn,area_km2_2024,deforestacion_2025_mlp_km2,deforestacion_2025_lstm_km2,deforestacion_2025_cnn_km2
010102,Amazonas,Asuncion,0.44039905,0.43801544286177596,0.43714018539254107,0.43655281889952957,0.0023836078508094882,0.0032588653200443796,0.003846231813055878,35.2746,0.08408081349416437,0.11495517061843746,0.1356742887128209
010104,Amazonas,Cheto,0.5357477,0.5329459818959513,0.534151360124597,0.5319105922878687,0.002801724994154875,0.0015963467655092378,0.003837114602237457,71.1738,0.19940941438898024,0.1136180654190014,0.27310202727672833
010105,Amazonas,Chiliquin,0.5763412,0.5736219420463398,0.5762101530324857,0.572822551960411,0.0027192697494671236,0.00013105876332120125,0.0035186598353958987,143.3151,0.38971241607185575,0.01878269977125429,0.5042770861757467
010109,Amazonas,La Jalca,0.32066834,0.2971582885242319,0.3166956414252705,0.324251664318267,0.02351005120507721,0.003972698304038569,-0.003583324588957937,125.6139,2.953189221069448,0.49902612749367037,-0.45011537658490336
010111,Amazonas,Levanto,0.23357768,0.2305962442136425,0.2391256461392301,0.23778686192516651,0.002981439354358295,-0.0055479625712293035,-0.0042091783571657215,75.7521,0.225850292115285,-0.4202698154920193,-0.31885409982985347
010112,Amazonas,Magdalena,0.38422406,0.35647352126803067,0.3852727900665086,0.38148684106443825,0.027750535929540132,-0.0010487328689378073,0.0027372161331325473,137.1114,3.804914832049549,-0.14379323188607926,0.37530353611638995
010114,Amazonas,Molinopampa,0.5128931,0.5058158231349827,0.5081413723308793,0.5190019721778212,0.007077257576382001,0.004751708380485442,-0.006108891466456434,344.4525,2.437779065328721,1.6367378309291616,-2.1042229378495847
010115,Amazonas,Montevideo,0.59547544,0.606847641079809,0.5820106763535451,0.5853458062712973,-0.011372205822851034,0.013464758903412921,0.010129628985660721,124.5996,-1.4169722966449096,1.6777035734616885,1.2621477197617315
010117,Amazonas,Quinjalca,0.3426575,0.3407690738782578,0.3437180208955398,0.3386540749690575,0.0018884325876540875,-0.0010605144296279567,0.004003431496854393,83.4606,0.15760971682516273,-0.08851117060540704,0.3341287947863657
010119,Amazonas,San Isidro De Maino,0.38737255,0.37362756316674606,0.3952046911792657,0.3852576847342037,0.013744990181795202,-0.00783213783072445,0.0021148686143375728,109.2762,1.502000296103889,-0.8558662600178112,0.2311048056740755
010120,Amazonas,Soloco,0.5010763,0.5012356768993174,0.5030586488484489,0.5023303828569541,-0.00015939582860813317,-0.0019823677777396354,-0.0012541017862448545,75.6765,-0.01206251842366339,-0.15001865513211352,-0.09490603382675873
010202,Amazonas,Aramango,0.7633451,0.7561210272342431,0.7596149145731004,0.7570448375573154,0.007224095103098183,0.0037302077642409337,0.0063002847800258666,780.1677,5.636005661165372,2.910187611949991,4.915278686177786
010203,Amazonas,Copallin,0.5169837,0.5228896597573428,0.5163345749258325,0.5136505012355472,-0.005905971879687777,0.0006491129518225724,0.0033331866421077994,100.07549999999999,-0.5910430888456941,0.06496030321011985,0.33357031980225904
010204,Amazonas,El Parco,0.2777125,0.27390097307277084,0.2768677511966084,0.2712141925372229,0.003811521062132117,0.0008447429382945626,0.006498301597680056,18.3816,0.07006185555568772,0.015527726794555332,0.11944918064791571
010206,Amazonas,La Peca,0.32350743,0.32501146127127445,0.32313077799301704,0.3195576286723658,-0.0015040331020239606,0.00037665017623345065,0.003949799496884676,139.6206,-0.20999400412444658,0.052588123595820116,0.5514733756347366
010301,Amazonas,Jumbilla,0.40438226,0.4124212239765393,0.405800608566505,0.40280254713541264,-0.00803896532289855,-0.0014183499128642696,0.0015797115182281107,160.5204,-1.2904179292178044,-0.2276740953529377,0.2535759247905836
010302,Amazonas,Chisquilla,0.7342543,0.7250927439230768,0.7300498167841531,0.7260398999978317,0.009161556671253068,0.004204483810176685,0.00821440059649814,163.7163,1.4998961604578687,0.6883425328120291,1.3448312723764682
010303,Amazonas,Churuja,0.7752341,0.7657429598612802,0.7699059238240383,0.7674773346827758,0.009491143341539665,0.005328179378781495,0.007756768520044033,32.1975,0.30559108773922333,0.17155405554831715,0.24974855442411772
010304,Amazonas,Corosha,0.7301616,0.7180748721546795,0.72167010529449,0.7167296899427222,0.012086735110792945,0.008491501970982362,0.013431917322750175,64.9422,0.7849391689121377,0.5514568192999307,0.8722982611575064
010305,Amazonas,Cuispes,0.67228675,0.6667969759876231,0.6678943651292876,0.6646609406632579,0.00548977289848529,0.004392383756820828,0.0076258082228505275,97.5789,0.5356860006840063,0.4286039753684439,0.7441179779967094
010306,Amazonas,Florida,0.48155686,0.48336711460911824,0.4799098517069211,0.4802957538274048,-0.001810252016421099,0.001647010885776068,0.0012611087652923403,224.6445,-0.40666315910290957,0.3699919369297219,0.2833011480247151
010307,Amazonas,Jazan,0.3614663,0.37174695560444004,0.36377910103243544,0.370201126121264,-0.010280667037850688,-0.0023128124658460814,-0.008734837554674635,76.6503,-0.7880162126513666,-0.17727776935084189,-0.6695279190170772
010308,Amazonas,Recta,0.3162469,0.31814553879801855,0.3183975341036141,0.31075043754040454,-0.0018986418158255525,-0.002150637121421106,0.005496459441788448,28.3734,-0.05387092369714473,-0.06102088730092962,0.15595324232564037
010310,Amazonas,Shipasbamba,0.7229563,0.7211150695127277,0.7197242179627492,0.7181681668261337,0.0018412302690715698,0.0032320818190501033,0.004788132955665603,126.828,0.23351955256580906,0.40991847294648653,0.6072693265011571
010311,Amazonas,Valera,0.37023106,0.37320831132450044,0.3699455090693263,0.36480319713314147,-0.0029772491506570575,0.00028555310451711113,0.005427865040701918,78.95609999999999,-0.23507198166419369,0.022546159475563477,0.42856305494016467
010502,Amazonas,Camporredondo,0.61746275,0.6176068651549,0.613045837196964,0.6120143272426831,-0.0001441109053272882,0.004416917052608715,0.0054484270068896334,221.43959999999998,-0.031911861231312566,0.9780803453628528,1.2064974970348377
010503,Amazonas,Cocabamba,0.45194614,0.44191491531365046,0.4629826200954658,0.46366744563725865,0.010031224021981866,-0.011036480759833489,-0.011721306301626322,345.5217,3.466005577156012,-3.813343594154959,-4.04996567955864
010507,Amazonas,Longuita,0.30035448,0.3058268058911979,0.30326725339265803,0.30260784317188627,-0.0054723251477896695,-0.0029127726492498285,-0.0022533624284780673,59.4108,-0.3251152148903025,-0.17305015331005172,-0.13387406456582476
010508,Amazonas,Lonya Chico,0.30748567,0.3064080267728204,0.3056022828566365,0.3021964026919604,0.0010776430784826818,0.0018833869946666137,0.005289267159342692,70.3584,0.07582124277311593,0.1325120955255515,0.37214437450389687
010510,Amazonas,Luya Viejo,0.6565175,0.6483082385362199,0.6521494349441643,0.6507098475601324,0.00820926710953207,0.004368070701587623,0.00580765808561956,68.5476,0.5627255581173606,0.29942076322414773,0.3981010233898154
010511,Amazonas,Maria,0.48333552,0.4849648473769813,0.4846050988080448,0.4796514173906249,-0.0016293225795417365,-0.0012695740106052344,0.003684107406814685,88.8147,-0.14470779610522547,-0.11275683487970072,0.3272028941040242
010512,Amazonas,Ocalli,0.75780535,0.7492338285786428,0.7503890016105533,0.7484015588408173,0.008571518863984107,0.007416345832073623,0.009403788601809682,174.0249,1.4916577131529478,1.290628841792029,1.6364933710510696
010513,Amazonas,Ocumal,0.5722247,0.5766303197758108,0.5736452720238658,0.5698546317876397,-0.0044056431667715,-0.001420595414826531,0.002370044821399575,368.38169999999997,-1.6229583193686685,-0.5233213539260027,0.8730811403833718
010514,Amazonas,Pisuquia,0.49601156,0.48530258468787857,0.5046943736723443,0.5105616169433309,0.010708970506976168,-0.008682818477489529,-0.014550061748476173,294.4764,3.153539082600517,-2.556885127104598,-4.2846498034689695
010515,Amazonas,Providencia,0.70317215,0.7154253186285715,0.7016692571969358,0.7047685382357292,-0.012253171354554171,0.0015028900770814868,-0.0015963909617118244,117.8865,-1.4444834848886503,0.17717045107186669,-0.188192943107841
010516,Amazonas,San Cristobal,0.12525646,0.12899406904880445,0.12893082099073216,0.1254016752571715,-0.0037376051634971375,-0.0036743571054248525,-0.00014521137186418454,35.9694,-0.13443941516789393,-0.1321644204678687,-0.005223165919131599
010517,Amazonas,San Francisco Del Yeso,0.3292229,0.3325000843481968,0.33126310023079497,0.3346476915938015,-0.0032771965937564707,-0.0020402124763546636,-0.00542480383936117,184.14,-0.6034629807743165,-0.3756847253959477,-0.9989233789799657
010518,Amazonas,San Jeronimo,0.41844672,0.4246257267513428,0.4178225349438245,0.41823723120966066,-0.006179007104888945,0.0006241847026293712,0.00020948843679319262,210.32999999999998,-1.2996305643712918,0.13128476850403564,0.0440617029107122
010519,Amazonas,San Juan De Lopecancha,0.16343026,0.16474471839102223,0.16778703579570986,0.16512276813637916,-0.001314459759315989,-0.004356777164003622,-0.0016925095046729233,87.41159999999999,-0.11489903069742549,-0.380832862749019,-0.14794496381866767
010520,Amazonas,Santa Catalina,0.6790474,0.6742594013453598,0.6754778350546679,0.6727609195704614,0.004788004374397303,0.003569570665089228,0.0062864861492957225,166.662,0.7979783850458034,0.5949117861851009,1.0477183546139237
010521,Amazonas,Santo Tomas,0.31714132,0.32030818827930196,0.31685585637844,0.31711263440829923,-0.0031668639976094592,0.00028546790325251203,2.868987339327278e-05,91.13759999999999,-0.2886203842685318,0.026016859579466138,0.002614726205366737
010522,Amazonas,Tingo,0.22122473,0.2262468675785293,0.2276777223894994,0.2254957401019576,-0.005022142332099855,-0.006452997143069961,-0.004271014855528166,110.37599999999999,-0.5543239820478535,-0.7122560126634899,-0.47141753569377676
010523,Amazonas,Trita,0.17880543,0.17981186461783316,0.1871286251043951,0.1794306095638668,-0.0010064388547029735,-0.008323199341264909,-0.0006251838007366173,14.1489,-0.0142400027113069,-0.11776411515962305,-0.008845663078242324
010601,Amazonas,San Nicolas,0.645784,0.6452572516550966,0.6419867137535541,0.6439097979645974,0.0005267687687925404,0.0037973066703350655,0.0018742224592918078,103.4496,0.05449401842408079,0.3928298561234944,0.1938875637247538
010602,Amazonas,Chirimoto,0.68007785,0.6707139135856213,0.6722692454206984,0.6692067623342871,0.009363937233012765,0.007808605397935597,0.010871088484346925,155.7801,1.4587150785524519,1.216425329750947,1.6934992512004123
010603,Amazonas,Cochamal,0.79426485,0.7764476810706861,0.7801313125837601,0.7799412907843881,0.0178171719299548,0.014133540416880752,0.01432356221625275,183.0402,3.2612587134933126,2.587006064613936,2.6217876927753467
010604,Amazonas,Huambo,0.20973042,0.2103388957113842,0.21271087455964743,0.20531239132287082,-0.0006084791750530227,-0.002980458023316257,0.004418025213460353,78.6195,-0.047838328503081125,-0.23432211956411247,0.3473429332696462
010605,Amazonas,Limabamba,0.7546323,0.7437176186551031,0.7348843055199077,0.7381515497775641,0.010914675522905926,0.019747988658101345,0.01648074440044489,622.6002,6.795479163496333,12.295101688131629,10.26091475986587
010606,Amazonas,Longar,0.66545933,0.6572853362631302,0.6589973496403114,0.6555423676811504,0.008173998587181042,0.006461985209999854,0.009916967169160906,83.2419,0.6804191729942656,0.5379079266522869,0.8255071893985753
010608,Amazonas,Milpuc,0.39327306,0.3951960343221553,0.38926524170670646,0.38700740465518374,-0.001922978768718997,0.004007813846729824,0.006265650898252539,43.5087,-0.08366630635456422,0.17437477031321388,0.27261032523680023
010609,Amazonas,Omia,0.68968457,0.6903035988284049,0.6818337727372465,0.6799158372108987,-0.0006190289927420212,0.007850797098416296,0.009768732624764187,228.0051,-0.14114176739304382,1.7900217775041174,2.2273208589826208
010610,Amazonas,Santa Rosa,0.26092115,0.26513993081318993,0.25987201873295224,0.2555507831931106,-0.004218780367251818,0.0010491317129858735,0.005370367252827524,20.4786,-0.08639471562880308,0.02148474869755251,0.10997760282375373
010611,Amazonas,Totora,0.18583706,0.19048677898103655,0.1822829051691825,0.18552528935612822,-0.004649718767947564,0.003554155043906493,0.0003117708569607691,19.6866,-0.0915371534970765,0.06996922868736956,0.006137708152643877
010701,Amazonas,Bagua Grande,0.41003567,0.40987336959249127,0.3994371497660869,0.39631877568821466,0.0001623002111281191,0.010598520037532477,0.01371689411540472,736.0767,0.11946540381648918,7.8013236541107815,10.096686154716526
010703,Amazonas,Cumba,0.3392431,0.3354535995612135,0.33710096413522145,0.3336751580560011,0.0037895144333848774,0.0021421498593769406,0.005567955938597269,304.4781,1.153824154599604,0.652237719098358,1.6953206450678129
010705,Amazonas,Jamalca,0.47556707,0.4769519481235543,0.4685424297876887,0.46844422619871856,-0.0013848754936257035,0.007024642842239914,0.007122846431210028,354.5973,-0.4910731108758417,2.4909193853225995,2.5257421128217117
010706,Amazonas,Lonya Grande,0.52528554,0.5285864206766665,0.522936169463554,0.523937213606243,-0.0033008786654055156,0.0023493725477069516,0.0013483284050179734,368.6058,-1.2167230211647324,0.865992347445559,0.49700167039437404
010707,Amazonas,Yamon,0.48043957,0.48098589841478373,0.47736624688064555,0.4814784117496747,-0.0005463248884012839,0.0030733266457368957,-0.00103883822329226,136.9296,-0.07480804843883244,0.4208293882700948,-0.14224770238011983
050408,Ayacucho,Llochegua,0.58562523,0.5909110801313465,0.5846844148164638,0.5782953009278452,-0.005285848865324794,0.0009408164495579019,0.007329930338176527,531.6057,-2.8099873861451923,0.5001433872387431,3.896632748377569
050409,Ayacucho,Canayre,0.6771802,0.6708584048595493,0.6718856810302143,0.6680924128195083,0.006321766153329134,0.00529448998266413,0.009087758193370155,277.2153,1.752490300724982,1.4677136288912316,2.5192656139025655
050502,Ayacucho,Anco,0.49619424,0.5028747348024901,0.4965829963596233,0.4925349250434571,-0.006680491371398811,-0.00038875292853196575,0.003659318387634225,773.1818999999999,-5.165235011471738,-0.30057672791290946,2.8293187436559664
050507,Ayacucho,Santa Rosa,0.43714947,0.44409468290961374,0.43597486642314254,0.4342900729304909,-0.006945217825537808,0.0011745986609333903,0.0028593921535850497,401.49539999999996,-2.7884730089514322,0.47159595921091585,1.1480327964604908
050512,Ayacucho,Union Progreso,0.111609034,0.11121323788504694,0.11538190578281082,0.10769166374662659,0.00039579635519887413,-0.003772871542565004,0.003917370493619232,40.3677,0.01597738852776159,-0.1523021465688013,0.1581352368752731
060801,Cajamarca,Jaen,0.31453162,0.31772332141434295,0.3125120196271045,0.3110266998084249,-0.0031916970971737624,0.0020196046900646802,0.0035049245087442893,562.4649,-1.7952175885921304,1.1359567500367613,1.9713970133184056
060803,Cajamarca,Chontali,0.53261256,0.5475781549673987,0.525811602601686,0.5442165291989023,-0.01496559278783327,0.006800959577879406,-0.011603967019336858,467.5851,-6.997688200258299,3.1800273643187,-5.425842079133327
060804,Cajamarca,Colasay,0.29882133,0.30535136019368575,0.3006841279945813,0.2976155371547567,-0.006530030123190145,-0.0018627979240856685,0.0012057929157389125,609.327,-3.9789236648730815,-1.135053070689348,0.7347221799684444
060807,Cajamarca,Pomahuaca,0.4155078,0.4182631134457154,0.41299439372866265,0.4106553639385851,-0.0027553200192017013,0.0025133996978510265,0.004852429487928578,822.0473999999999,-2.2650036579527084,2.0661336867792217,3.9889270442350186
060809,Cajamarca,Sallique,0.29897907,0.30332552943658814,0.3078334300352895,0.2999916046643958,-0.00434645567369446,-0.008854356272395836,-0.0010125309015021067,370.1637,-1.6089001140607342,-3.2775612789082507,-0.37480218486435535
060810,Cajamarca,San Felipe,0.3593838,0.36181756573740453,0.35989260124690137,0.35419728524031696,-0.002433774052300164,-0.0005088095617969968,0.005186506444787409,259.101,-0.6305932907250248,-0.13183306627116365,1.3438290063508624
060811,Cajamarca,San Jose Del Alto,0.46596694,0.4959740098076548,0.4626193349606325,0.4759757013493039,-0.030007069881507364,0.00334760496551495,-0.010008761423156431,509.77799999999996,-15.29694407005506,1.70653536411028,-5.102246380773839
060812,Cajamarca,Santa Rosa,0.33246604,0.3335978520696183,0.32985936434975255,0.32974679996866624,-0.0011318159883041967,0.0026066717315615384,0.0027192361126478493,314.4285,-0.3558752034785061,0.8196118825472971,0.8550053320456942
060901,Cajamarca,San Ignacio,0.3073136,0.31024952604457046,0.2989822353162377,0.3047071941177965,-0.0029359348027339083,0.00833135592559886,0.0026063971240400385,359.94599999999997,-1.0567779885048592,2.998838239995607,0.9381622192097157
060902,Cajamarca,Chirinos,0.40758803,0.41071401856227224,0.4003766963877259,0.40370889231236123,-0.0031259836940318864,0.007211338480514473,0.0038791425558791226,359.6904,-1.1243863252998068,2.593849222591643,1.395290337581184
060903,Cajamarca,Huarango,0.6348833,0.6331926593391614,0.6298799792010001,0.6294553073585667,0.0016906252296252644,0.005003305367786481,0.005427977210219925,917.2899,1.5507934478204357,4.589481480486325,4.979028672364914
060904,Cajamarca,La Coipa,0.38975024,0.3974021699981948,0.37917566212515186,0.384988741674819,-0.007651927764918409,0.01057458010812451,0.0047615005584573655,409.005,-3.129676715490454,4.325056137123465,1.9474775359118548
060907,Cajamarca,Tabaconas,0.6547734,0.6489300684064452,0.6434993796500155,0.6451417469712308,0.005843345728534066,0.01127403448496378,0.009631667163748414,781.0965,4.564216896847909,8.806108877084512,7.523261510768813
080408,Cusco,Yanatile,0.48107463,0.4895770530084034,0.4828716893649295,0.48010605382082633,-0.008502421794261528,-0.0017970581507876782,0.0009685773933155173,2055.7637999999997,-17.478970936973894,-3.6943270928842495,1.9911663426764021
080901,Cusco,Santa Ana,0.57289124,0.5713440655063455,0.5716484783341315,0.5728385911227832,0.0015471698452169669,0.0012427570174310398,5.264422877926389e-05,404.0793,0.6251793080363803,0.5021723856736223,0.021272443114164808
080903,Cusco,Huayopata,0.536698,0.5416999660091874,0.5381321310018752,0.5346849667146965,-0.005001982267427096,-0.0014341472601149263,0.0020130170270638015,547.3872,-2.7380210678165695,-0.7850338531019813,1.1018997539967785
080904,Cusco,Maranura,0.5441886,0.5478495477532944,0.5459774724322622,0.5383094482955679,-0.0036609290933212746,-0.0017888537722891007,0.005879170364405217,169.9137,-0.6220420076838631,-0.3039507632085986,0.9989515895464388
080905,Cusco,Ocobamba,0.44718328,0.452872092434023,0.4490036256642482,0.44714944296898196,-0.00568881125078019,-0.001820344481005376,3.383821426083955e-05,890.2323,-5.064363524047925,-1.6205294541177222,0.030123871309319993
080906,Cusco,Quellouno,0.7143641,0.7084098319126435,0.7116123768898258,0.703158766631593,0.0059542795108489255,0.0027517345336666166,0.011205344791899385,2024.6796,12.055508258313798,5.5713807749303115,22.68723301112493
080918,Cusco,Union Ashaninka,0.730696,0.7283520884831368,0.7250819417806765,0.7239571056066283,0.0023439340273917475,0.0056140807298520334,0.006738916903900272,316.3455,0.7414929818622561,1.7759891755254065,2.1318260374227833
081304,Cusco,Machupicchu,0.3669124,0.37357075096454306,0.3709197462160332,0.35867433158882145,-0.006658356202503879,-0.004007351453994001,0.008238063173217736,373.19669999999996,-2.4848765621989792,-1.495530338370763,3.074417990636387
100103,Huanuco,Chinchao,0.6457123,0.6343182021954226,0.6335201182096556,0.632485901410112,0.0113941138408018,0.012192197826568774,0.013226414626112404,823.446,9.38243746575288,10.039616531496751,10.891238218213754
100113,Huanuco,San Pablo De Pillao,0.6585656,0.6584510211929606,0.6558505568420124,0.6569093434677864,0.00011455965191853323,0.002715024002866717,0.0016562373770927508,605.4723,0.06936269593431373,1.6438718275709179,1.0028058540543152
100505,Huanuco,Jircan,0.72199214,0.7212177655814812,0.7247768317351715,0.7223827185904479,0.0007743694664313905,-0.002784696687258892,-0.00039058354253529437,243.3816,0.1884672797312181,-0.6777439352597687,-0.095060847515908
100507,Huanuco,Monzon,0.69520813,0.6939700680591607,0.6931780161108555,0.6915900128427478,0.0012380642078375637,0.0020301161561427916,0.003618119424250499,1431.6317999999999,1.7724520903820653,2.906378846827786,5.179814823954705
100601,Huanuco,Rupa-Rupa,0.59993833,0.5917028860028096,0.5925537376970422,0.5905237425626174,0.008235447031705756,0.007384595337473154,0.009414590471897966,265.7313,2.1884160458163118,1.9623181190006798,2.5017513650650596
100605,Huanuco,Luyando,0.35349512,0.3501011406046723,0.34475897641475833,0.3457677905126061,0.003393980397524976,0.008736144587438932,0.007727330489591178,113.6358,0.3856776776570687,0.992738779109293,0.8781013820490852
100606,Huanuco,Mariano Damaso Beraun,0.8277177,0.8166830366918253,0.8158633610405831,0.8158662887240373,0.011034684770424463,0.011854360421666654,0.01185143273821243,761.4585,8.402454513260256,9.026603505141658,9.024374195690129
100608,Huanuco,Castillo Grande,0.5058251,0.5017274267650317,0.49523527135363143,0.49453874454251545,0.004097675564222469,0.010589830975622716,0.011286357786738699,106.3755,0.4358922869819473,1.1264985649473542,1.2005919527432225
100609,Huanuco,Pueblo Nuevo,0.6780786,0.6677390843322846,0.6661572014369153,0.6652773947009335,0.01033950749129331,0.011921390386662623,0.012801197122644381,326.4219,3.3750416803721954,3.8914029006561477,4.178591087048112
100804,Huanuco,Umari,0.21326664,0.21189258703418096,0.211093859462827,0.21673959414056748,0.0013740538673845948,0.002172781438738558,-0.00347295323900193,160.4808,0.22050926388097367,0.34868970351391476,-0.5573423141576209
100901,Huanuco,Puerto Inca,0.6006511,0.5847100825239896,0.5878771924359151,0.5819649565382227,0.015941002852749908,0.012773892940824427,0.018686128838516836,2438.5571999999997,38.87304728179382,31.149868602876577,45.56719401929286
100902,Huanuco,Codo Del Pozuzo,0.6740933,0.6583769205151871,0.6611083356040874,0.6546362748907064,0.015716385549418566,0.012984970460518275,0.019457031173899297,3290.5521,51.715585474048915,42.72772181729638,64.0243747890398
100903,Huanuco,Honoria,0.35079423,0.34434212224430716,0.34354073199532886,0.3469760278071251,0.006452103686860444,0.00725349393583874,0.0038181981240424934,966.5486999999999,6.236272430800169,7.010855134142817,3.6904744331357104
100904,Huanuco,Tournavista,0.48491922,0.47104339075916757,0.4722225278896972,0.4653759887000005,0.013875829449954136,0.012696692319424496,0.019543231509121184,1773.9468,24.6149832500919,22.523256710627663,34.668652997264694
100905,Huanuco,Yuyapichis,0.5434481,0.5291679034092878,0.5318661249405758,0.5225228301695345,0.014280187143995926,0.011581965612707856,0.0209252603837492,2109.7386,30.127462032911964,24.434919917002418,44.1468295466465
120209,Junin,Mariscal Castilla,0.34947994,0.36337910628049674,0.3560475685640859,0.35315318750911523,-0.013899162766626505,-0.006567625050215686,-0.0036732439952449902,57.8016,-0.8033938465714386,-0.379619236102547,-0.21231938011555282
120302,Junin,Perene,0.544064,0.5408322643609362,0.537374427279441,0.5359530763977877,0.0032317209868115704,0.0066895580683068445,0.008110908949960138,1528.2999,4.939038860972024,10.223650926837543,12.395901337133184
120303,Junin,Pichanaqui,0.5880489,0.5834206840392288,0.5818414259635082,0.5826273259907618,0.004628191292649908,0.006207449368370477,0.005421549341116827,1274.6843999999999,5.8994832409566715,7.912538873651699,6.910764368951897
120304,Junin,San Luis De Shuaro,0.597375,0.5967213897391247,0.585463058731708,0.5820503136541048,0.0006535859421802348,0.011911916949596923,0.015324662027200175,197.2098,0.12889355294017568,2.3491467592466195,3.022173533451741
120601,Junin,Satipo,0.6126474,0.6010927681677832,0.6001817664598234,0.5977674245367499,0.011554646039675265,0.012465647747635145,0.014879989670708582,836.6517,9.667214251992577,10.429405379660114,12.449368653980775
120602,Junin,Coviriali,0.5460517,0.5446481747959432,0.5358975860699029,0.5439256884554055,0.0014035062457743441,0.010154094971814631,0.0021259925863120754,100.1592,0.14057406277176168,1.017026029100976,0.21293771665094843
120603,Junin,Llaylla,0.6417581,0.6388499785574665,0.6343448668296419,0.6335429591883289,0.0029081057397136734,0.007413217467538313,0.008215125108851251,316.674,0.9209214770180877,2.3475732283152277,2.601516528720361
120604,Junin,Mazamari,0.7365834,0.721444358185381,0.7181294002590152,0.7185206498185668,0.015139053508192002,0.018454011434557827,0.018062761875006217,1291.9995,19.55964956305731,23.842573546442992,23.33707931112709
120607,Junin,Rio Negro,0.43790853,0.4297188106997902,0.4272660429313795,0.416849130672583,0.00818971953550035,0.010642487303911041,0.021059399562707526,500.92379999999997,4.10242543065707,5.331075181726874,10.549154454669791
120609,Junin,Vizcatán Del Ene,0.7316185,0.7211883120763853,0.7261262161824316,0.7213958873571575,0.010430211521331945,0.005492307415285724,0.010222636240559746,625.4694,6.5237781421205785,3.4352702236543124,6.393946155801159
160101,Loreto,Iquitos,0.5545248,0.5501730399991778,0.5436576855357507,0.5408775630062789,0.004351739320585413,0.010867093784012516,0.013647216313484312,370.2024,1.6110243406550893,4.023024199866515,5.052232232571044
160112,Loreto,Belen,0.56135464,0.5549828800379192,0.5557532614499665,0.550737433010601,0.006371757108076914,0.005601375696029587,0.01061720413539513,658.7109,4.197145859242742,3.689687225969776,6.993668091509849
160211,Loreto,Teniente Cesar Lopez Rojas,0.7325768,0.7092143896122556,0.711243715922443,0.7091005506793205,0.02336239785951566,0.021333071549328286,0.0234762367924507,1336.5521999999999,31.225064256410942,28.512763712012127,31.37721593267092
160503,Loreto,Capelo,0.7223675,0.7233552016509474,0.7126270589739074,0.7123691830627528,-0.000987676550239347,0.009740466126800573,0.009998342037955243,809.928,-0.7999468929822539,7.889076249147335,8.097937170117014
160603,Loreto,Padre Marquez,0.7825644,0.764664360894889,0.7600075774970781,0.7613652906989926,0.01790004073169793,0.022556824129508768,0.0211991109275943,2476.035,44.32112735310968,55.85148603350824,52.48974062560595
170102,Madre De Dios,Inambari,0.79614276,0.7794391173560307,0.7785063473120422,0.779020029565013,0.016703639582903662,0.01763640962689217,0.017122727373921287,5006.3346,83.62400878982018,88.29376773488336,85.72210249842928
170204,Madre De Dios,Huepetuhe,0.7681002,0.7594045251828009,0.7525191437100343,0.761152680307452,0.008695676900786764,0.015581058373553391,0.006947521776135668,1572.7581,13.67619628069528,24.505235763578924,10.926771148343759
200303,Piura,El Carmen De La Frontera,0.5125406,0.507296486422651,0.4973781337329482,0.5035176263265307,0.00524409241951207,0.015162445109214884,0.009022952515632343,663.8085,3.4810731228576777,10.064959944280268,5.989512574973132
200307,Piura,Sondor,0.34554935,0.3403816732129025,0.3459895372956161,0.3444401617820493,0.0051676718035769675,-0.00044019227913660863,0.001109183234430211,346.83209999999997,1.792314463745387,-0.15267281257673615,0.38470035048222234
211205,Puno,Phara,0.46941406,0.47707119443735196,0.4683162094538833,0.46185288762322685,-0.007657139089909337,0.0010978458935593238,0.007561167724215778,448.39709999999997,-3.433438962211986,0.49227091491890945,3.3904056801519546
220101,San Martin,Moyobamba,0.68244684,0.6744145307104601,0.6696552910110753,0.6702525889130458,0.008032306714771842,0.012791546414156585,0.01219424851218609,2728.9584,21.919830880653024,34.90759803590249,33.27759690901773
220102,San Martin,Calzada,0.1486697,0.14975513053709882,0.1452190888431259,0.14267071706674328,-0.001085425742215096,0.0034506159517578294,0.005998987728140448,117.2781,-0.12729666873807624,0.4046816826518499,0.7035498826796283
220106,San Martin,Yantalo,0.2957266,0.3000207805443365,0.29284424599977354,0.2953603627808583,-0.004294183235223958,0.002882351309339004,0.00036623452825423897,70.4475,-0.30251447346343985,0.2030544438646595,0.0258003069291905
220201,San Martin,Bellavista,0.16154517,0.15828993353388648,0.15784010506659918,0.1537042978917444,0.003255238799830862,0.0037050672671181673,0.007840874441972956,263.0385,0.8562531310493101,0.974575336341862,2.0624518519049033
220203,San Martin,Bajo Biavo,0.4676027,0.4512439092343705,0.45497753851402123,0.44579677749716107,0.016358790760670372,0.012625161481019664,0.021805922497879826,1138.6647,18.627177573861502,14.375825710236812,24.829634199271585
220204,San Martin,Huallaga,0.44801158,0.43576090576380194,0.4345293858142264,0.4273776230050976,0.012250671365562071,0.013482191315137615,0.02063395412426644,260.0973,3.186366545370008,3.506681559150743,5.366835756045566
220205,San Martin,San Pablo,0.24098134,0.23452665925099053,0.2376258645738325,0.23143045732755418,0.006454681157334663,0.003355475834492694,0.009550883080771011,352.7937,2.277170847816378,1.183790734911265,3.3694913803326036
220301,San Martin,San Jose De Sisa,0.29614264,0.29460332946007717,0.2917771306193452,0.29019623203134415,0.0015393082695676075,0.0043655071102995935,0.0059464056983006275,312.5781,0.4811540542157306,1.3645619180739375,1.8587161950039834
220302,San Martin,Agua Blanca,0.28722742,0.28480235384662167,0.27873664802509734,0.2753584798986349,0.0024250681523559914,0.008490773973880317,0.011868942100342783,154.73069999999998,0.37523249276174914,1.313783400520283,1.836489719445509
220303,San Martin,San Martin,0.65809846,0.6441893917344794,0.6432209342387296,0.6381117227926334,0.013909067509294992,0.0148775250050448,0.01998673645114102,527.3334,7.334715860506059,7.8454158444952915,10.539673687684127
220304,San Martin,Santa Rosa,0.30298647,0.2969297525442461,0.29431803175518934,0.29358189603699547,0.006056720300831431,0.00866844108988818,0.009404576808082044,252.56969999999998,1.529744029364904,2.1893855655407304,2.375311143044239
220305,San Martin,Shatoja,0.30103844,0.29710831599630566,0.29749820266873195,0.2942076631366937,0.00393012804590015,0.0035402413734738625,0.0068307809055120905,62.8335,0.24694370057206705,0.22244575634016994,0.42920187202649396
220401,San Martin,Saposoa,0.56716746,0.5520011811394082,0.5535477456982791,0.5491836849008407,0.015166279779018299,0.013619715220147377,0.01798377601758583,532.6776,8.078737513615998,7.2549172161515765,9.579554647985177
220403,San Martin,El Eslabon,0.3564334,0.34686683278587627,0.34460711545489364,0.33814330778021573,0.009566558785168655,0.01182627611615128,0.018290083790829192,126.4023,1.2092350335305238,1.4948685015165888,2.311908658353529
220404,San Martin,Piscoyacu,0.34244925,0.3357093554257288,0.33500449039546454,0.3328313290162612,0.006739892411337878,0.007444757441602112,0.009617918820805427,182.2527,1.228363589675839,1.3568271445770774,1.7528916734726052
220405,San Martin,Sacanche,0.3092617,0.3062980114954314,0.30259671292702994,0.3022226508884469,0.0029636979562440158,0.006664996524645472,0.007039058563228506,164.01059999999998,0.48607788002235475,1.0931300790050187,1.1544802183902452
220501,San Martin,Lamas,0.4195072,0.4117568543609506,0.4073087062672317,0.40749651968468775,0.007750351125346999,0.012198499219065906,0.012010685801609855,131.0931,1.0160175551102266,1.5991390779749286,1.5745180348590209
220502,San Martin,Alonso De Alvarado,0.47049752,0.4651706344204694,0.46190068962721287,0.4603137085244491,0.005326884357377881,0.008596829150634422,0.010183810253398207,300.0105,1.5981212394991167,2.579139011896408,3.0552500060271224
220503,San Martin,Barranquita,0.6310163,0.6229504174705898,0.6164926355237109,0.6041306435699885,0.008065896559103836,0.014523678505982685,0.026885670459705135,1070.8839,8.637638764209695,15.55317348083291,28.79143163600383
220504,San Martin,Caynarachi,0.74741596,0.7425423808960707,0.7337582578906371,0.7355220105012772,0.004873578938981771,0.013657701944415401,0.0118939493337753,1287.5625,6.275037482622716,17.585144859806356,15.31420313906906
220505,San Martin,Cuñumbuqui,0.29940775,0.2965778248021233,0.2955666887484325,0.29306023837047684,0.002829925565994984,0.0038410616196857816,0.006347511997641442,184.4802,0.5220652343998679,0.708599815811957,1.1709902828272927
220506,San Martin,Pinto Recodo,0.75113326,0.748964607894103,0.739263955916257,0.7394470370867503,0.0021686552170114837,0.011869307194857459,0.011686226024364199,566.6526,1.2288741172231215,6.725773782164686,6.622030360893637
220507,San Martin,Rumisapa,0.18488428,0.17831776174879083,0.1824182600516412,0.17952873743688558,0.006566518217563544,0.00246601991471318,0.005355542529468793,33.6762,0.22113538079831344,0.083046179851864,0.180354321330897
220510,San Martin,Tabalosos,0.5390016,0.5311505926369497,0.5304244975637491,0.5242407967133947,0.007850991416089803,0.008577086489290453,0.01476078733964481,366.6312,2.8784184040707035,3.1446275120723457,5.411765175278783
220511,San Martin,Zapatero,0.1785025,0.17695141692841637,0.1793923225311072,0.17682396174355408,0.0015510831288040872,-0.0008898224738867477,0.0016785383136663778,176.7303,0.27412338667848496,-0.15725859275674708,0.29664857973575304
220601,San Martin,Juanjui,0.4154359,0.40912655792514957,0.4058978657060826,0.400004855350384,0.006309352299764981,0.009538044518831945,0.015431054874530559,454.1769,2.8655620685151297,4.331959491625084,7.0084286666441775
220605,San Martin,Pajarillo,0.29181674,0.2862779567848711,0.28365712484299554,0.2818029673863798,0.005538784443232525,0.008159616385108093,0.010013773841723861,461.0061,2.5534134149152976,3.76163292719478,4.616410825055135
220701,San Martin,Picota,0.3634251,0.35474077433949025,0.350065730778066,0.3517153163533151,0.008684331470675155,0.013359375032099385,0.011709789456850306,220.356,1.9136445455520945,2.9438184445732922,2.5803223655537058
220702,San Martin,Buenos Aires,0.32168514,0.31746389332618463,0.3161176510909078,0.31353945984899745,0.004221242038347839,0.00556748427362469,0.008145675515535022,315.4482,1.3315832027611567,1.7562528926432157,2.569538679159595
220704,San Martin,Pilluana,0.49199423,0.4776727261229385,0.4831245238556532,0.4767172286742039,0.014321505816377311,0.008869708083662609,0.015277003265111888,69.3063,0.9925705785615907,0.6147266493587458,1.058792571392824
220705,San Martin,Pucacaca,0.4454574,0.4336404048287997,0.428302222035997,0.42341773553366585,0.0118169940626493,0.01715517685545198,0.022039663357783124,205.7328,2.431143276092216,3.5293825689673315,4.534281653654124
220706,San Martin,San Cristobal,0.4205354,0.4112099328053137,0.4124241516599936,0.41094934373923386,0.00932545280335939,0.00811123394867952,0.009586041869439232,30.494699999999998,0.2843768856026036,0.24734964589479733,0.29232347099598854
220707,San Martin,San Hilarion,0.30207407,0.2882364760611712,0.2925604121366129,0.2865501051528653,0.013837598684007024,0.009513662608565343,0.015523969592312947,105.444,1.4590917556364367,1.003158640097564,1.6369094496918464
220708,San Martin,Shamboyacu,0.49621606,0.49062096775938924,0.485752056659228,0.4760618503278443,0.0055950909716898645,0.010464002071851108,0.020154208403234786,398.0367,2.227051546571227,4.165056853472778,8.022114603935844
220710,San Martin,Tres Unidos,0.6019797,0.587921454719173,0.5845535524137884,0.5823429558062787,0.01405821818960995,0.01742612049499459,0.019636717102504253,375.6087,5.2803890585157465,6.545402465168275,7.375721783139389
220802,San Martin,Awajun,0.51916313,0.522673049039703,0.516368254327466,0.5095219659468584,-0.003509917325835832,0.0027948773864011622,0.009641165767008797,512.3898,-1.7984458366015568,1.4320666650426144,4.940034999124484
220803,San Martin,Elias Soplin Vargas,0.6291843,0.62456297163594,0.6207488184419718,0.6169164555616912,0.004621334031937208,0.00843548722590537,0.012267850106186029,171.4005,0.7920989637410534,1.4458467282637932,2.1027156421253386
220804,San Martin,Nueva Cajamarca,0.57628167,0.5766038507411327,0.5721464116692103,0.566311024307361,-0.0003221839854564701,0.00413525508646595,0.009970642448315248,338.0472,-0.10891339416840043,1.3979114032655722,3.370547761854114
220806,San Martin,Posic,0.27946076,0.2777065325062547,0.26983477409590617,0.270746419389453,0.0017542254645552258,0.009625983874903765,0.00871433858135695,53.2089,0.09334040732097255,0.512188013401367,0.4636803701415639
220807,San Martin,San Fernando,0.12130806,0.13403665045766577,0.1302027480197066,0.12762070788359997,-0.012728591957375857,-0.008894689519416688,-0.006312649383310054,69.9327,-0.8901448027775786,-0.6220296537545114,-0.441460615528207
220808,San Martin,Yorongos,0.4044929,0.3979693329515068,0.39591900808413016,0.392660950695244,0.006523581725159433,0.008573906592536096,0.011831963981422278,82.77029999999999,0.5399588164659638,0.7096648208361903,0.9793352083315162
220809,San Martin,Yuracyacu,0.12474203,0.1254716115576177,0.12883769037050607,0.12558364592704419,-0.0007295804602056033,-0.004095659273093966,-0.0008416148296320758,62.7984,-0.04581648557217556,-0.2572008492954641,-0.05285206471716695
220902,San Martin,Alberto Leveau,0.58239555,0.5715739138961557,0.5727266955659344,0.5685293628709017,0.010821639692711438,0.009668858022932825,0.013866190717965465,52.4628,0.5677335188707816,0.5072553646855202,0.7274591903984786
220906,San Martin,El Porvenir,0.5942177,0.5722216449314235,0.5749849648293464,0.5739257018240447,0.021996072716129023,0.019232752818206134,0.020292015823507814,495.738,10.90428909614837,9.534406416591873,10.059523340314117
220908,San Martin,Juan Guerra,0.2936261,0.2912884851076384,0.29194615386152795,0.2939981823378111,0.0023376147172670114,0.0016799459633774494,-0.0003720825129057137,194.7303,0.4552044151778203,0.32713638143227974,-0.0724557393628835
220909,San Martin,La Banda De Shilcayo,0.6972965,0.695893959907019,0.6905411828645833,0.6926975226832499,0.001402540298974686,0.006755317341410327,0.004598977522743741,270.11879999999996,0.37885250251068336,1.8247382138809476,1.242270289670512
220910,San Martin,Morales,0.094527796,0.08948167457031486,0.09667610331805948,0.08880250248622679,0.005046121340520404,-0.0021483074072242148,0.00572529342460848,51.3468,0.2591021832474331,-0.11030871077726032,0.2939754964146867
220912,San Martin,San Antonio,0.72557765,0.7266296767819629,0.714380097777424,0.7159104938258389,-0.0010520243275866648,0.01119755467695227,0.009667158628537287,79.3044,-0.08343015808466389,0.8880153551228936,0.7666482147409724
220913,San Martin,Sauce,0.59859806,0.5877969524564154,0.5844926767888601,0.5800682782652313,0.010801110535680558,0.01410538620323587,0.018529784726864618,102.2013,1.1038875381902495,1.4415888069727703,1.8937680878057088
220914,San Martin,Shapaja,0.6604915,0.6627807243000341,0.6555187316849873,0.6573419591754548,-0.002289198173172524,0.004972794441874262,0.0031495669514067792,240.9183,-0.5515097322438302,1.1980371831857959,0.7587883156691039
221001,San Martin,Tocache,0.6039235,0.5985221611403385,0.5970030215300322,0.5959249462656381,0.0054013384438594825,0.006920478054165846,0.00799855331855992,1023.6591,5.529129250236598,7.084210336497161,8.18779189137906
221002,San Martin,Nuevo Progreso,0.6710181,0.6610362287797009,0.6626601340280991,0.6591805696233823,0.009981894847008066,0.008357989598609894,0.011837554003326645,839.5137,8.379937476022675,7.016646772490507,9.937788760282563
221005,San Martin,Uchiza,0.53326184,0.5303122530036867,0.5286133901464609,0.5250658892099936,0.0029495825714170865,0.0046484454286428445,0.008195946365110118,614.0421,1.8111678762763477,2.8543411927392524,5.032656117519584
221006,San Martin,Santa Lucia,0.1692812,0.16904735304546908,0.17223378314432775,0.16644799919514158,0.00023384652900143577,-0.0029525835698572256,0.0028332003793289373,272.9169,0.06382066977083195,-0.8058099548763674,0.7732282646052776
250102,Ucayali,Campoverde,0.15876643,0.1499534053751737,0.15452957652339044,0.14734299699594128,0.008813028221437313,0.004236857073220579,0.011423436600669745,1349.163,11.89021159431903,5.716210799477496,15.412077994469396
250105,Ucayali,Yarinacocha,0.18463945,0.17836844095893012,0.17467042341508948,0.16973381909954238,0.006271012929009334,0.009969030472849971,0.01490563478839707,672.9254999999999,4.2199245107600705,6.708414815457803,10.030381742799491
250106,Ucayali,Nueva Requena,0.5708957,0.5446986000421622,0.5424913191623577,0.5423400450011164,0.026197071802320226,0.02840435268212471,0.02855562684336599,2096.2134,54.914652952785815,59.541584710595764,59.858687634463486
250302,Ucayali,Irazola,0.625083,0.6046649394907289,0.6037170388757851,0.5921359496965237,0.02041808977944326,0.021365990394387024,0.0329470795736484,1913.6556,39.073191847734364,40.88714716776494,63.04936332975787
250304,Ucayali,Neshuya,0.23561879,0.2252922156245854,0.2245914140170464,0.21964193798976073,0.010326569399103869,0.011027371006642861,0.015976847033928543,635.1255,6.558667552890544,7.00376452427955,10.147302960847382
250305,Ucayali,Alexander Von Humboldt,0.17695297,0.17074707519987248,0.17366405746633706,0.16877242842592355,0.006205897808283345,0.00328891554181876,0.008180544582232274,209.0691,1.2974614694697715,0.6876106123040605,1.7102990933171776
250306,Ucayali,Huipoca,0.6053743,0.5836701113121393,0.5846049950931043,0.5818276519700154,0.0217041653258917,0.020769281544926743,0.023546624668015603,600.9993,13.044188167945183,12.48232367000389,14.15150494284011
