geocode,distrito,anio,delta_pct_bosque,tipo_cambio,limite_inferior,limite_superior
010608,Milpuc,1988,-0.11676974949837621,PERDIDA EXTREMA,-0.02219,0.01819
220507,Rumisapa,1988,-0.108209952429312,PERDIDA EXTREMA,-0.02219,0.01819
220507,Rumisapa,1987,-0.10291838152760713,PERDIDA EXTREMA,-0.02219,0.01819
220706,San Cristobal,1988,-0.08434908361125049,PERDIDA EXTREMA,-0.02219,0.01819
120209,Mariscal Castilla,2008,-0.07997010463378174,PERDIDA EXTREMA,-0.02219,0.01819
060810,San Felipe,1987,-0.079888151724617,PERDIDA EXTREMA,-0.02219,0.01819
010611,Totora,1988,-0.0788150315442992,PERDIDA EXTREMA,-0.02219,0.01819
100804,Umari,2007,-0.07254699627618999,PERDIDA EXTREMA,-0.02219,0.01819
220501,Lamas,1988,-0.0718390212757194,PERDIDA EXTREMA,-0.02219,0.01819
120209,Mariscal Castilla,1989,0.07065894369706022,GANANCIA EXTREMA,-0.02219,0.01819
060809,Sallique,1986,-0.06848159341394089,PERDIDA EXTREMA,-0.02219,0.01819
010203,Copallin,1987,0.06663069382616121,GANANCIA EXTREMA,-0.02219,0.01819
220910,Morales,1987,-0.06539648040384208,PERDIDA EXTREMA,-0.02219,0.01819
100804,Umari,2008,0.06535174301224819,GANANCIA EXTREMA,-0.02219,0.01819
220701,Picota,1988,-0.06397239013233136,PERDIDA EXTREMA,-0.02219,0.01819
120209,Mariscal Castilla,2007,0.0630761086198306,GANANCIA EXTREMA,-0.02219,0.01819
100804,Umari,2006,0.0610166449818296,GANANCIA EXTREMA,-0.02219,0.01819
220707,San Hilarion,1988,-0.06029361556845336,PERDIDA EXTREMA,-0.02219,0.01819
220507,Rumisapa,2016,0.059463359880271516,GANANCIA EXTREMA,-0.02219,0.01819
060809,Sallique,1987,-0.05914518360390281,PERDIDA EXTREMA,-0.02219,0.01819
220704,Pilluana,1987,0.05809861441167685,GANANCIA EXTREMA,-0.02219,0.01819
100804,Umari,2011,-0.05748351204630078,PERDIDA EXTREMA,-0.02219,0.01819
220501,Lamas,1987,-0.05738059440199367,PERDIDA EXTREMA,-0.02219,0.01819
220305,Shatoja,1988,-0.05573300866575953,PERDIDA EXTREMA,-0.02219,0.01819
010303,Churuja,1987,0.05534591194968552,GANANCIA EXTREMA,-0.02219,0.01819
010611,Totora,1997,-0.055042516229313304,PERDIDA EXTREMA,-0.02219,0.01819
220405,Sacanche,1988,-0.05469341615724843,PERDIDA EXTREMA,-0.02219,0.01819
220706,San Cristobal,1987,-0.053743765310037495,PERDIDA EXTREMA,-0.02219,0.01819
120209,Mariscal Castilla,1986,-0.0537338066766318,PERDIDA EXTREMA,-0.02219,0.01819
010610,Santa Rosa,1988,-0.05330930825349389,PERDIDA EXTREMA,-0.02219,0.01819
200307,Sondor,1986,-0.05289994784219798,PERDIDA EXTREMA,-0.02219,0.01819
060803,Chontali,1991,0.05282375336596479,GANANCIA EXTREMA,-0.02219,0.01819
220809,Yuracyacu,1987,-0.0525395551479019,PERDIDA EXTREMA,-0.02219,0.01819
010307,Jazan,1998,-0.05247337583805933,PERDIDA EXTREMA,-0.02219,0.01819
200307,Sondor,1987,-0.051132810371358306,PERDIDA EXTREMA,-0.02219,0.01819
220910,Morales,1988,-0.05090093248264742,PERDIDA EXTREMA,-0.02219,0.01819
220702,Buenos Aires,1988,-0.050505281057238505,PERDIDA EXTREMA,-0.02219,0.01819
250305,Alexander Von Humboldt,1993,-0.04902302635827094,PERDIDA EXTREMA,-0.02219,0.01819
010204,El Parco,2011,0.048913043478260865,GANANCIA EXTREMA,-0.02219,0.01819
060902,Chirinos,1987,0.04829153071641612,GANANCIA EXTREMA,-0.02219,0.01819
220501,Lamas,2019,0.048277140444462796,GANANCIA EXTREMA,-0.02219,0.01819
220505,Cuñumbuqui,1988,-0.04786855174701671,PERDIDA EXTREMA,-0.02219,0.01819
060810,San Felipe,1986,-0.04688248983986942,PERDIDA EXTREMA,-0.02219,0.01819
220507,Rumisapa,2001,0.04610080709818801,GANANCIA EXTREMA,-0.02219,0.01819
220301,San Jose De Sisa,1988,-0.045530061127123156,PERDIDA EXTREMA,-0.02219,0.01819
220908,Juan Guerra,1988,-0.04487745358580569,PERDIDA EXTREMA,-0.02219,0.01819
220912,San Antonio,1987,-0.044770529756230415,PERDIDA EXTREMA,-0.02219,0.01819
120209,Mariscal Castilla,1992,-0.04462506228201302,PERDIDA EXTREMA,-0.02219,0.01819
220908,Juan Guerra,1987,-0.04454930742673324,PERDIDA EXTREMA,-0.02219,0.01819
220204,Huallaga,2005,-0.04402467845686975,PERDIDA EXTREMA,-0.02219,0.01819
220902,Alberto Leveau,2002,-0.04374528237150899,PERDIDA EXTREMA,-0.02219,0.01819
060904,La Coipa,1991,0.04370337770931898,GANANCIA EXTREMA,-0.02219,0.01819
220205,San Pablo,1988,-0.042740559142637746,PERDIDA EXTREMA,-0.02219,0.01819
220912,San Antonio,1988,-0.0426596758817922,PERDIDA EXTREMA,-0.02219,0.01819
060803,Chontali,1989,-0.04247611825098796,PERDIDA EXTREMA,-0.02219,0.01819
220501,Lamas,1993,0.042022806692343095,GANANCIA EXTREMA,-0.02219,0.01819
010204,El Parco,2005,0.0419114766940854,GANANCIA EXTREMA,-0.02219,0.01819
220605,Pajarillo,2005,-0.04176257103756331,PERDIDA EXTREMA,-0.02219,0.01819
100804,Umari,1989,0.04161245457400509,GANANCIA EXTREMA,-0.02219,0.01819
060904,La Coipa,1989,-0.04161073825503353,PERDIDA EXTREMA,-0.02219,0.01819
220704,Pilluana,1988,-0.04111314555819595,PERDIDA EXTREMA,-0.02219,0.01819
100804,Umari,2004,0.040782448741531696,GANANCIA EXTREMA,-0.02219,0.01819
010610,Santa Rosa,1997,-0.0406082447042278,PERDIDA EXTREMA,-0.02219,0.01819
220912,San Antonio,2016,0.04054882200735388,GANANCIA EXTREMA,-0.02219,0.01819
010602,Chirimoto,1988,-0.03996210042232606,PERDIDA EXTREMA,-0.02219,0.01819
220705,Pucacaca,1988,-0.039887660110590084,PERDIDA EXTREMA,-0.02219,0.01819
100804,Umari,2018,0.03971690071335629,GANANCIA EXTREMA,-0.02219,0.01819
220201,Bellavista,1988,-0.03968658580397938,PERDIDA EXTREMA,-0.02219,0.01819
060810,San Felipe,2005,-0.03934836222168192,PERDIDA EXTREMA,-0.02219,0.01819
120602,Coviriali,1988,0.039348357414995316,GANANCIA EXTREMA,-0.02219,0.01819
120209,Mariscal Castilla,1999,0.03926880916791231,GANANCIA EXTREMA,-0.02219,0.01819
010608,Milpuc,1987,-0.03924042777651371,PERDIDA EXTREMA,-0.02219,0.01819
220704,Pilluana,2013,-0.03889256820808501,PERDIDA EXTREMA,-0.02219,0.01819
220502,Alonso De Alvarado,1998,-0.03888463903763373,PERDIDA EXTREMA,-0.02219,0.01819
060811,San Jose Del Alto,1996,-0.038545602203312046,PERDIDA EXTREMA,-0.02219,0.01819
220902,Alberto Leveau,1988,-0.03844438344884371,PERDIDA EXTREMA,-0.02219,0.01819
060904,La Coipa,1996,-0.03827263725382335,PERDIDA EXTREMA,-0.02219,0.01819
010611,Totora,1987,-0.03826460638200607,PERDIDA EXTREMA,-0.02219,0.01819
100804,Umari,1997,-0.03814101126116018,PERDIDA EXTREMA,-0.02219,0.01819
220505,Cuñumbuqui,1987,-0.03804310706514846,PERDIDA EXTREMA,-0.02219,0.01819
250305,Alexander Von Humboldt,1992,-0.037882212148997674,PERDIDA EXTREMA,-0.02219,0.01819
220902,Alberto Leveau,2019,0.037620942839497684,GANANCIA EXTREMA,-0.02219,0.01819
220501,Lamas,1998,-0.037436752964114806,PERDIDA EXTREMA,-0.02219,0.01819
010604,Huambo,1988,-0.03731898574781062,PERDIDA EXTREMA,-0.02219,0.01819
220502,Alonso De Alvarado,1988,-0.037288694895678653,PERDIDA EXTREMA,-0.02219,0.01819
010119,San Isidro De Maino,1987,-0.0371361742081075,PERDIDA EXTREMA,-0.02219,0.01819
220808,Yorongos,1997,-0.037089390759729,PERDIDA EXTREMA,-0.02219,0.01819
010523,Trita,1998,0.0370205457668087,GANANCIA EXTREMA,-0.02219,0.01819
060901,San Ignacio,1996,-0.03691303695554332,PERDIDA EXTREMA,-0.02219,0.01819
010608,Milpuc,1997,-0.03675816560825762,PERDIDA EXTREMA,-0.02219,0.01819
220404,Piscoyacu,2003,-0.036631556075712446,PERDIDA EXTREMA,-0.02219,0.01819
220511,Zapatero,1998,-0.03646743088197102,PERDIDA EXTREMA,-0.02219,0.01819
060901,San Ignacio,1989,-0.03636795519327901,PERDIDA EXTREMA,-0.02219,0.01819
100804,Umari,2001,-0.0362118085154112,PERDIDA EXTREMA,-0.02219,0.01819
060811,San Jose Del Alto,2000,-0.03587267398750049,PERDIDA EXTREMA,-0.02219,0.01819
250102,Campoverde,2005,-0.0357221477315936,PERDIDA EXTREMA,-0.02219,0.01819
220902,Alberto Leveau,1991,0.03571673643038498,GANANCIA EXTREMA,-0.02219,0.01819
010111,Levanto,1987,-0.03565445710415949,PERDIDA EXTREMA,-0.02219,0.01819
250305,Alexander Von Humboldt,1996,-0.03557484104537678,PERDIDA EXTREMA,-0.02219,0.01819
250304,Neshuya,2005,-0.03531553999957482,PERDIDA EXTREMA,-0.02219,0.01819
010120,Soloco,1987,-0.03483379913183082,PERDIDA EXTREMA,-0.02219,0.01819
010204,El Parco,1988,0.034420289855072395,GANANCIA EXTREMA,-0.02219,0.01819
060803,Chontali,1996,-0.03438240440082463,PERDIDA EXTREMA,-0.02219,0.01819
120604,Mazamari,2017,-0.034010539477763,PERDIDA EXTREMA,-0.02219,0.01819
220510,Tabalosos,2019,0.03399137880245873,GANANCIA EXTREMA,-0.02219,0.01819
010307,Jazan,1996,0.03392158934798695,GANANCIA EXTREMA,-0.02219,0.01819
120209,Mariscal Castilla,2010,0.03363228699551568,GANANCIA EXTREMA,-0.02219,0.01819
060803,Chontali,1998,-0.033564371490879374,PERDIDA EXTREMA,-0.02219,0.01819
010609,Omia,1990,-0.03350056643469823,PERDIDA EXTREMA,-0.02219,0.01819
010109,La Jalca,1987,-0.03337369510858268,PERDIDA EXTREMA,-0.02219,0.01819
220302,Agua Blanca,1988,-0.03325907528370259,PERDIDA EXTREMA,-0.02219,0.01819
010112,Magdalena,1987,-0.033154792380502285,PERDIDA EXTREMA,-0.02219,0.01819
250106,Nueva Requena,2013,-0.03312573042420197,PERDIDA EXTREMA,-0.02219,0.01819
220405,Sacanche,2017,0.033034450212364286,GANANCIA EXTREMA,-0.02219,0.01819
060810,San Felipe,1998,-0.03286671992775014,PERDIDA EXTREMA,-0.02219,0.01819
220502,Alonso De Alvarado,2019,0.03268385606503765,GANANCIA EXTREMA,-0.02219,0.01819
250304,Neshuya,2007,-0.03253105094977288,PERDIDA EXTREMA,-0.02219,0.01819
220204,Huallaga,2002,-0.03244670359899937,PERDIDA EXTREMA,-0.02219,0.01819
060810,San Felipe,1991,0.0323561082357845,GANANCIA EXTREMA,-0.02219,0.01819
220704,Pilluana,2005,0.03234770864986303,GANANCIA EXTREMA,-0.02219,0.01819
220807,San Fernando,1988,-0.03198074720409759,PERDIDA EXTREMA,-0.02219,0.01819
060810,San Felipe,2009,0.03197749140296641,GANANCIA EXTREMA,-0.02219,0.01819
220708,Shamboyacu,2007,-0.03189052667756509,PERDIDA EXTREMA,-0.02219,0.01819
220902,Alberto Leveau,1987,0.031788238523296486,GANANCIA EXTREMA,-0.02219,0.01819
220902,Alberto Leveau,1990,0.0317196184725177,GANANCIA EXTREMA,-0.02219,0.01819
060901,San Ignacio,1987,-0.03146722008301239,PERDIDA EXTREMA,-0.02219,0.01819
220501,Lamas,2016,0.03140211040855695,GANANCIA EXTREMA,-0.02219,0.01819
060809,Sallique,2011,-0.031279404220349,PERDIDA EXTREMA,-0.02219,0.01819
010204,El Parco,1995,0.031188797493145293,GANANCIA EXTREMA,-0.02219,0.01819
220802,Awajun,2006,-0.03072250852768732,PERDIDA EXTREMA,-0.02219,0.01819
120209,Mariscal Castilla,1997,-0.030642750373692074,PERDIDA EXTREMA,-0.02219,0.01819
050502,Anco,1986,-0.030460102596814642,PERDIDA EXTREMA,-0.02219,0.01819
010703,Cumba,2017,-0.03039528951343301,PERDIDA EXTREMA,-0.02219,0.01819
220710,Tres Unidos,2007,-0.03037070227606553,PERDIDA EXTREMA,-0.02219,0.01819
220804,Nueva Cajamarca,1987,-0.03035079125045259,PERDIDA EXTREMA,-0.02219,0.01819
010703,Cumba,1998,-0.03029774555214315,PERDIDA EXTREMA,-0.02219,0.01819
010523,Trita,2012,0.030277972139176892,GANANCIA EXTREMA,-0.02219,0.01819
220702,Buenos Aires,2002,-0.030256948684443286,PERDIDA EXTREMA,-0.02219,0.01819
220710,Tres Unidos,2012,0.02973333684762891,GANANCIA EXTREMA,-0.02219,0.01819
100505,Jircan,1989,-0.029701505783510385,PERDIDA EXTREMA,-0.02219,0.01819
060902,Chirinos,1999,-0.0296855295554177,PERDIDA EXTREMA,-0.02219,0.01819
010608,Milpuc,2019,0.029663032910659193,GANANCIA EXTREMA,-0.02219,0.01819
010307,Jazan,2019,-0.029624150199020816,PERDIDA EXTREMA,-0.02219,0.01819
220501,Lamas,2001,0.02946608173885573,GANANCIA EXTREMA,-0.02219,0.01819
220405,Sacanche,2005,-0.02923164722280147,PERDIDA EXTREMA,-0.02219,0.01819
120209,Mariscal Castilla,2006,-0.029116841056302967,PERDIDA EXTREMA,-0.02219,0.01819
010206,La Peca,1991,0.029090979411347584,GANANCIA EXTREMA,-0.02219,0.01819
220909,La Banda De Shilcayo,1988,-0.029067210427411894,PERDIDA EXTREMA,-0.02219,0.01819
220404,Piscoyacu,1988,-0.02899216307906549,PERDIDA EXTREMA,-0.02219,0.01819
010513,Ocumal,1998,0.028919188982514554,GANANCIA EXTREMA,-0.02219,0.01819
010102,Asuncion,1987,-0.02890748583966929,PERDIDA EXTREMA,-0.02219,0.01819
010117,Quinjalca,1998,0.02887829706472267,GANANCIA EXTREMA,-0.02219,0.01819
010601,San Nicolas,1988,-0.028796631403118056,PERDIDA EXTREMA,-0.02219,0.01819
250306,Huipoca,1993,-0.028732645778456023,PERDIDA EXTREMA,-0.02219,0.01819
220403,El Eslabon,2003,-0.028708338376754294,PERDIDA EXTREMA,-0.02219,0.01819
010609,Omia,1988,-0.02868883196033778,PERDIDA EXTREMA,-0.02219,0.01819
050512,Union Progreso,2011,-0.028649142755222595,PERDIDA EXTREMA,-0.02219,0.01819
220204,Huallaga,2010,-0.028543548894971238,PERDIDA EXTREMA,-0.02219,0.01819
010707,Yamon,2013,0.028499316437059663,GANANCIA EXTREMA,-0.02219,0.01819
010610,Santa Rosa,1987,-0.028434560956315386,PERDIDA EXTREMA,-0.02219,0.01819
050512,Union Progreso,2010,-0.028359307069761225,PERDIDA EXTREMA,-0.02219,0.01819
100505,Jircan,2018,-0.02835547140786321,PERDIDA EXTREMA,-0.02219,0.01819
220605,Pajarillo,2001,-0.0283408397415999,PERDIDA EXTREMA,-0.02219,0.01819
060904,La Coipa,2014,-0.028308944878424502,PERDIDA EXTREMA,-0.02219,0.01819
220507,Rumisapa,1998,-0.028275161686888706,PERDIDA EXTREMA,-0.02219,0.01819
060901,San Ignacio,2017,0.028241736260439132,GANANCIA EXTREMA,-0.02219,0.01819
100113,San Pablo De Pillao,2011,-0.028053636805515314,PERDIDA EXTREMA,-0.02219,0.01819
010120,Soloco,2011,0.02790033894273647,GANANCIA EXTREMA,-0.02219,0.01819
100804,Umari,2016,-0.02789492574812691,PERDIDA EXTREMA,-0.02219,0.01819
250304,Neshuya,2003,-0.027873231353488515,PERDIDA EXTREMA,-0.02219,0.01819
220708,Shamboyacu,2008,-0.027816028019526873,PERDIDA EXTREMA,-0.02219,0.01819
010305,Cuispes,2011,0.027642246428274952,GANANCIA EXTREMA,-0.02219,0.01819
010112,Magdalena,1995,0.027641027660719686,GANANCIA EXTREMA,-0.02219,0.01819
220704,Pilluana,2009,0.0275819081382212,GANANCIA EXTREMA,-0.02219,0.01819
100804,Umari,2003,-0.027507963569473798,PERDIDA EXTREMA,-0.02219,0.01819
220304,Santa Rosa,1997,-0.0274807310615644,PERDIDA EXTREMA,-0.02219,0.01819
120304,San Luis De Shuaro,2019,-0.027409388377251043,PERDIDA EXTREMA,-0.02219,0.01819
060803,Chontali,2000,-0.027351170941931235,PERDIDA EXTREMA,-0.02219,0.01819
250304,Neshuya,1993,-0.0272653200036842,PERDIDA EXTREMA,-0.02219,0.01819
010611,Totora,1998,-0.027246959861022213,PERDIDA EXTREMA,-0.02219,0.01819
220605,Pajarillo,1988,-0.027163631891204854,PERDIDA EXTREMA,-0.02219,0.01819
220708,Shamboyacu,2005,-0.027060821276028046,PERDIDA EXTREMA,-0.02219,0.01819
220808,Yorongos,1988,-0.027020561723226755,PERDIDA EXTREMA,-0.02219,0.01819
100804,Umari,2005,-0.0269976221454529,PERDIDA EXTREMA,-0.02219,0.01819
010512,Ocalli,1998,0.02678926981138907,GANANCIA EXTREMA,-0.02219,0.01819
220102,Calzada,1988,-0.026782493918301897,PERDIDA EXTREMA,-0.02219,0.01819
220707,San Hilarion,1989,-0.026775349948787996,PERDIDA EXTREMA,-0.02219,0.01819
010204,El Parco,1989,0.026733254994124572,GANANCIA EXTREMA,-0.02219,0.01819
010514,Pisuquia,2019,0.026638467462927362,GANANCIA EXTREMA,-0.02219,0.01819
220803,Elias Soplin Vargas,1997,-0.02659035417049538,PERDIDA EXTREMA,-0.02219,0.01819
220204,Huallaga,2009,-0.02658505105589326,PERDIDA EXTREMA,-0.02219,0.01819
220605,Pajarillo,2002,-0.02656624283279546,PERDIDA EXTREMA,-0.02219,0.01819
220203,Bajo Biavo,2002,-0.026446766989439485,PERDIDA EXTREMA,-0.02219,0.01819
220404,Piscoyacu,2005,-0.026384794299343706,PERDIDA EXTREMA,-0.02219,0.01819
080901,Santa Ana,1988,-0.02629310632838655,PERDIDA EXTREMA,-0.02219,0.01819
250304,Neshuya,1996,-0.026240798078490002,PERDIDA EXTREMA,-0.02219,0.01819
220405,Sacanche,2003,-0.026180624910828898,PERDIDA EXTREMA,-0.02219,0.01819
220106,Yantalo,1988,-0.02617694027467271,PERDIDA EXTREMA,-0.02219,0.01819
220702,Buenos Aires,1996,-0.026154214859999303,PERDIDA EXTREMA,-0.02219,0.01819
010202,Aramango,1996,-0.026087468117431678,PERDIDA EXTREMA,-0.02219,0.01819
100608,Castillo Grande,2012,0.026024789542704818,GANANCIA EXTREMA,-0.02219,0.01819
220204,Huallaga,2007,-0.026021031360187186,PERDIDA EXTREMA,-0.02219,0.01819
050502,Anco,1988,-0.026001902010380773,PERDIDA EXTREMA,-0.02219,0.01819
120304,San Luis De Shuaro,1988,0.02589881435912411,GANANCIA EXTREMA,-0.02219,0.01819
100804,Umari,2002,0.025887208937143885,GANANCIA EXTREMA,-0.02219,0.01819
220902,Alberto Leveau,2005,0.025801139092842873,GANANCIA EXTREMA,-0.02219,0.01819
100113,San Pablo De Pillao,2007,-0.025774919843566724,PERDIDA EXTREMA,-0.02219,0.01819
100903,Honoria,2002,-0.02573879619309405,PERDIDA EXTREMA,-0.02219,0.01819
220503,Barranquita,2009,-0.025565796628373993,PERDIDA EXTREMA,-0.02219,0.01819
220708,Shamboyacu,1997,-0.025552668887064978,PERDIDA EXTREMA,-0.02219,0.01819
100804,Umari,1991,0.025500246758490802,GANANCIA EXTREMA,-0.02219,0.01819
010311,Valera,1987,0.02546478359493437,GANANCIA EXTREMA,-0.02219,0.01819
220204,Huallaga,2001,-0.02542586947269343,PERDIDA EXTREMA,-0.02219,0.01819
220502,Alonso De Alvarado,1987,-0.025403110891118796,PERDIDA EXTREMA,-0.02219,0.01819
220403,El Eslabon,1988,-0.025397480900268388,PERDIDA EXTREMA,-0.02219,0.01819
220902,Alberto Leveau,1997,-0.025389418788169915,PERDIDA EXTREMA,-0.02219,0.01819
060801,Jaen,1998,-0.025335980965212224,PERDIDA EXTREMA,-0.02219,0.01819
220704,Pilluana,1996,-0.0252834157933694,PERDIDA EXTREMA,-0.02219,0.01819
100505,Jircan,2013,-0.025278821406384044,PERDIDA EXTREMA,-0.02219,0.01819
220601,Juanjui,1988,-0.02526548576116494,PERDIDA EXTREMA,-0.02219,0.01819
100903,Honoria,2011,-0.025161484361832964,PERDIDA EXTREMA,-0.02219,0.01819
220305,Shatoja,1987,-0.025152187925230884,PERDIDA EXTREMA,-0.02219,0.01819
010204,El Parco,2019,-0.025117508813160994,PERDIDA EXTREMA,-0.02219,0.01819
160112,Belen,2017,-0.02510585448031899,PERDIDA EXTREMA,-0.02219,0.01819
220501,Lamas,2017,0.025037931058156382,GANANCIA EXTREMA,-0.02219,0.01819
220404,Piscoyacu,2009,-0.02503666612346489,PERDIDA EXTREMA,-0.02219,0.01819
120607,Rio Negro,1988,0.02502775871300189,GANANCIA EXTREMA,-0.02219,0.01819
100505,Jircan,2014,0.02498668757210898,GANANCIA EXTREMA,-0.02219,0.01819
220710,Tres Unidos,1999,-0.024979453351320124,PERDIDA EXTREMA,-0.02219,0.01819
220204,Huallaga,2003,-0.02496911732647744,PERDIDA EXTREMA,-0.02219,0.01819
220601,Juanjui,2005,-0.02495041029167272,PERDIDA EXTREMA,-0.02219,0.01819
010307,Jazan,1989,0.024880528843331307,GANANCIA EXTREMA,-0.02219,0.01819
010608,Milpuc,1990,-0.024863992718697603,PERDIDA EXTREMA,-0.02219,0.01819
100605,Luyando,1997,-0.0248293231534428,PERDIDA EXTREMA,-0.02219,0.01819
010308,Recta,1995,0.024773203070481475,GANANCIA EXTREMA,-0.02219,0.01819
220507,Rumisapa,1993,0.024720722646854376,GANANCIA EXTREMA,-0.02219,0.01819
120609,Vizcatán Del Ene,2019,-0.024691855428898735,PERDIDA EXTREMA,-0.02219,0.01819
010204,El Parco,2002,-0.024676850763807323,PERDIDA EXTREMA,-0.02219,0.01819
220204,Huallaga,2011,-0.02464731467800707,PERDIDA EXTREMA,-0.02219,0.01819
220501,Lamas,1992,0.02463974076438802,GANANCIA EXTREMA,-0.02219,0.01819
220506,Pinto Recodo,1988,-0.024613493346717252,PERDIDA EXTREMA,-0.02219,0.01819
220507,Rumisapa,1997,-0.02458709711903359,PERDIDA EXTREMA,-0.02219,0.01819
220708,Shamboyacu,2002,-0.02456230794798575,PERDIDA EXTREMA,-0.02219,0.01819
220507,Rumisapa,1995,-0.0245603720134695,PERDIDA EXTREMA,-0.02219,0.01819
060811,San Jose Del Alto,1992,0.024518908230641623,GANANCIA EXTREMA,-0.02219,0.01819
010510,Luya Viejo,2003,-0.024447245417782648,PERDIDA EXTREMA,-0.02219,0.01819
250305,Alexander Von Humboldt,1998,-0.02444263642977368,PERDIDA EXTREMA,-0.02219,0.01819
220902,Alberto Leveau,1995,-0.024308652988403234,PERDIDA EXTREMA,-0.02219,0.01819
060804,Colasay,2000,-0.024294344416052382,PERDIDA EXTREMA,-0.02219,0.01819
010310,Shipasbamba,1987,0.024290377519159745,GANANCIA EXTREMA,-0.02219,0.01819
080903,Huayopata,1989,0.024236774261436778,GANANCIA EXTREMA,-0.02219,0.01819
010515,Providencia,2013,0.024216513341222212,GANANCIA EXTREMA,-0.02219,0.01819
250305,Alexander Von Humboldt,2001,-0.024119776667140214,PERDIDA EXTREMA,-0.02219,0.01819
220605,Pajarillo,1998,-0.02411616679258688,PERDIDA EXTREMA,-0.02219,0.01819
060811,San Jose Del Alto,1997,-0.024093428904346625,PERDIDA EXTREMA,-0.02219,0.01819
220802,Awajun,2008,-0.024007503662250795,PERDIDA EXTREMA,-0.02219,0.01819
010204,El Parco,2015,-0.023942420681551113,PERDIDA EXTREMA,-0.02219,0.01819
220909,La Banda De Shilcayo,1987,-0.023926139165433846,PERDIDA EXTREMA,-0.02219,0.01819
250305,Alexander Von Humboldt,2002,-0.023917451215889896,PERDIDA EXTREMA,-0.02219,0.01819
010102,Asuncion,2005,-0.023906720416390304,PERDIDA EXTREMA,-0.02219,0.01819
010102,Asuncion,1993,-0.0238812063070879,PERDIDA EXTREMA,-0.02219,0.01819
250304,Neshuya,2001,-0.02387433664685168,PERDIDA EXTREMA,-0.02219,0.01819
010604,Huambo,1987,-0.023810886612100096,PERDIDA EXTREMA,-0.02219,0.01819
220704,Pilluana,2010,0.02380303089329544,GANANCIA EXTREMA,-0.02219,0.01819
120209,Mariscal Castilla,2005,-0.023745017438963623,PERDIDA EXTREMA,-0.02219,0.01819
220205,San Pablo,2003,-0.02374021985086472,PERDIDA EXTREMA,-0.02219,0.01819
010705,Jamalca,1989,0.023738759432178402,GANANCIA EXTREMA,-0.02219,0.01819
010515,Providencia,1988,0.023697369927854317,GANANCIA EXTREMA,-0.02219,0.01819
010521,Santo Tomas,2011,0.02366092589666613,GANANCIA EXTREMA,-0.02219,0.01819
220808,Yorongos,1987,-0.02359542009633897,PERDIDA EXTREMA,-0.02219,0.01819
220302,Agua Blanca,2003,-0.023568690634760858,PERDIDA EXTREMA,-0.02219,0.01819
220704,Pilluana,1995,-0.023556300076616465,PERDIDA EXTREMA,-0.02219,0.01819
250105,Yarinacocha,2005,-0.023514935903008516,PERDIDA EXTREMA,-0.02219,0.01819
220705,Pucacaca,2002,-0.023500384965353116,PERDIDA EXTREMA,-0.02219,0.01819
220605,Pajarillo,1987,0.02347582819403038,GANANCIA EXTREMA,-0.02219,0.01819
100605,Luyando,1996,-0.023474996435982387,PERDIDA EXTREMA,-0.02219,0.01819
060801,Jaen,1989,0.023470264544507624,GANANCIA EXTREMA,-0.02219,0.01819
220204,Huallaga,1987,0.023453530659487742,GANANCIA EXTREMA,-0.02219,0.01819
100605,Luyando,2018,0.023403716082431802,GANANCIA EXTREMA,-0.02219,0.01819
220704,Pilluana,1997,-0.023400470087135028,PERDIDA EXTREMA,-0.02219,0.01819
250305,Alexander Von Humboldt,2003,-0.023306170065303722,PERDIDA EXTREMA,-0.02219,0.01819
010308,Recta,2005,-0.02328237010721307,PERDIDA EXTREMA,-0.02219,0.01819
220102,Calzada,1987,-0.023260097153688514,PERDIDA EXTREMA,-0.02219,0.01819
010706,Lonya Grande,1988,0.0232394606921541,GANANCIA EXTREMA,-0.02219,0.01819
220702,Buenos Aires,2010,0.02322409828301447,GANANCIA EXTREMA,-0.02219,0.01819
220203,Bajo Biavo,1988,-0.023218775465683628,PERDIDA EXTREMA,-0.02219,0.01819
220914,Shapaja,2016,0.023180057305733914,GANANCIA EXTREMA,-0.02219,0.01819
080904,Maranura,1996,-0.023120560614005803,PERDIDA EXTREMA,-0.02219,0.01819
220510,Tabalosos,2007,-0.02309950707959396,PERDIDA EXTREMA,-0.02219,0.01819
120209,Mariscal Castilla,1993,0.023091056302939728,GANANCIA EXTREMA,-0.02219,0.01819
220511,Zapatero,1987,-0.023069049280174392,PERDIDA EXTREMA,-0.02219,0.01819
250306,Huipoca,2007,-0.023067580943937904,PERDIDA EXTREMA,-0.02219,0.01819
010611,Totora,1994,0.02304105330529399,GANANCIA EXTREMA,-0.02219,0.01819
220501,Lamas,1991,-0.023033248889529623,PERDIDA EXTREMA,-0.02219,0.01819
220304,Santa Rosa,2019,0.0230300784298354,GANANCIA EXTREMA,-0.02219,0.01819
010117,Quinjalca,1993,-0.02301205598809497,PERDIDA EXTREMA,-0.02219,0.01819
220704,Pilluana,2018,0.022984923448517602,GANANCIA EXTREMA,-0.02219,0.01819
220906,El Porvenir,2008,-0.022954867288769498,PERDIDA EXTREMA,-0.02219,0.01819
220205,San Pablo,1995,-0.022849897829808175,PERDIDA EXTREMA,-0.02219,0.01819
250305,Alexander Von Humboldt,1991,-0.02281542322610086,PERDIDA EXTREMA,-0.02219,0.01819
100905,Yuyapichis,2010,-0.022719497097886898,PERDIDA EXTREMA,-0.02219,0.01819
010507,Longuita,1987,-0.02269284372538327,PERDIDA EXTREMA,-0.02219,0.01819
100605,Luyando,2012,0.02262755223265911,GANANCIA EXTREMA,-0.02219,0.01819
220902,Alberto Leveau,1996,-0.022610306731626895,PERDIDA EXTREMA,-0.02219,0.01819
010202,Aramango,2015,0.022579376203347046,GANANCIA EXTREMA,-0.02219,0.01819
220707,San Hilarion,1987,-0.02253328781153985,PERDIDA EXTREMA,-0.02219,0.01819
060811,San Jose Del Alto,1987,-0.02252568765227214,PERDIDA EXTREMA,-0.02219,0.01819
100904,Tournavista,2012,-0.02250727022929888,PERDIDA EXTREMA,-0.02219,0.01819
010109,La Jalca,2008,0.022425862106024874,GANANCIA EXTREMA,-0.02219,0.01819
220707,San Hilarion,2004,-0.022422328439740513,PERDIDA EXTREMA,-0.02219,0.01819
100903,Honoria,2005,-0.022413666274653243,PERDIDA EXTREMA,-0.02219,0.01819
010522,Tingo,1998,0.02239073711676448,GANANCIA EXTREMA,-0.02219,0.01819
010303,Churuja,1993,-0.02238993710691828,PERDIDA EXTREMA,-0.02219,0.01819
010109,La Jalca,1995,0.022347049172105893,GANANCIA EXTREMA,-0.02219,0.01819
100804,Umari,1998,0.022281170083897878,GANANCIA EXTREMA,-0.02219,0.01819
220505,Cuñumbuqui,1998,-0.022265804135077838,PERDIDA EXTREMA,-0.02219,0.01819
100904,Tournavista,2011,-0.02223533422761048,PERDIDA EXTREMA,-0.02219,0.01819
250102,Campoverde,1988,-0.02222778122435909,PERDIDA EXTREMA,-0.02219,0.01819
100904,Tournavista,2008,-0.022214533152854488,PERDIDA EXTREMA,-0.02219,0.01819
010523,Trita,2003,-0.0221996056230519,PERDIDA EXTREMA,-0.02219,0.01819
010703,Cumba,2013,0.022163170356094608,GANANCIA EXTREMA,-0.02219,0.01819
220912,San Antonio,2013,0.02212991965136868,GANANCIA EXTREMA,-0.02219,0.01819
010707,Yamon,1988,0.022123777473972095,GANANCIA EXTREMA,-0.02219,0.01819
010307,Jazan,2016,0.0220860192328014,GANANCIA EXTREMA,-0.02219,0.01819
220702,Buenos Aires,2005,0.022085718035480983,GANANCIA EXTREMA,-0.02219,0.01819
220704,Pilluana,2004,0.021972028516888065,GANANCIA EXTREMA,-0.02219,0.01819
220902,Alberto Leveau,2016,0.021958416249228008,GANANCIA EXTREMA,-0.02219,0.01819
010202,Aramango,1988,0.021950665222361776,GANANCIA EXTREMA,-0.02219,0.01819
120302,Perene,1988,0.021891384014354753,GANANCIA EXTREMA,-0.02219,0.01819
010510,Luya Viejo,1998,0.021834462475710303,GANANCIA EXTREMA,-0.02219,0.01819
220510,Tabalosos,2017,0.02178128866283069,GANANCIA EXTREMA,-0.02219,0.01819
010203,Copallin,1994,0.021583704303251072,GANANCIA EXTREMA,-0.02219,0.01819
010608,Milpuc,2017,0.021554309827689577,GANANCIA EXTREMA,-0.02219,0.01819
220708,Shamboyacu,2012,0.021550525366128337,GANANCIA EXTREMA,-0.02219,0.01819
010206,La Peca,1987,0.021497544058684814,GANANCIA EXTREMA,-0.02219,0.01819
221002,Nuevo Progreso,1995,0.021451704719053333,GANANCIA EXTREMA,-0.02219,0.01819
100505,Jircan,1996,0.02139972783480748,GANANCIA EXTREMA,-0.02219,0.01819
010114,Molinopampa,2011,0.021328630217519184,GANANCIA EXTREMA,-0.02219,0.01819
010304,Corosha,1991,0.02131433798054272,GANANCIA EXTREMA,-0.02219,0.01819
220106,Yantalo,1998,0.0212967103161929,GANANCIA EXTREMA,-0.02219,0.01819
220502,Alonso De Alvarado,2002,0.020972265970691018,GANANCIA EXTREMA,-0.02219,0.01819
010307,Jazan,2014,0.020970563715993318,GANANCIA EXTREMA,-0.02219,0.01819
010311,Valera,1999,0.020871091657262697,GANANCIA EXTREMA,-0.02219,0.01819
220704,Pilluana,2019,0.0208552469256042,GANANCIA EXTREMA,-0.02219,0.01819
010610,Santa Rosa,2016,0.02083150215346749,GANANCIA EXTREMA,-0.02219,0.01819
100505,Jircan,2016,0.0207599917167115,GANANCIA EXTREMA,-0.02219,0.01819
120209,Mariscal Castilla,2004,0.020739910313901322,GANANCIA EXTREMA,-0.02219,0.01819
220701,Picota,1991,0.020735990851168118,GANANCIA EXTREMA,-0.02219,0.01819
010117,Quinjalca,2015,0.020704380270450906,GANANCIA EXTREMA,-0.02219,0.01819
010608,Milpuc,2016,0.020664832550731205,GANANCIA EXTREMA,-0.02219,0.01819
220913,Sauce,2014,0.020483105400811885,GANANCIA EXTREMA,-0.02219,0.01819
010507,Longuita,2011,0.02048112464400409,GANANCIA EXTREMA,-0.02219,0.01819
010604,Huambo,2017,0.020479651994734088,GANANCIA EXTREMA,-0.02219,0.01819
060812,Santa Rosa,2001,0.0203626579651654,GANANCIA EXTREMA,-0.02219,0.01819
100608,Castillo Grande,1990,0.020305427471551285,GANANCIA EXTREMA,-0.02219,0.01819
010202,Aramango,2003,0.02028602312041372,GANANCIA EXTREMA,-0.02219,0.01819
220706,San Cristobal,1991,0.02027565445798779,GANANCIA EXTREMA,-0.02219,0.01819
220707,San Hilarion,1998,0.020271423694093516,GANANCIA EXTREMA,-0.02219,0.01819
100804,Umari,2014,0.020211763650231,GANANCIA EXTREMA,-0.02219,0.01819
220912,San Antonio,1993,0.02018929592809482,GANANCIA EXTREMA,-0.02219,0.01819
010515,Providencia,1987,0.020170248501736876,GANANCIA EXTREMA,-0.02219,0.01819
010115,Montevideo,1995,0.020109213833752304,GANANCIA EXTREMA,-0.02219,0.01819
010120,Soloco,2012,0.0200987096390558,GANANCIA EXTREMA,-0.02219,0.01819
100505,Jircan,2019,0.02004999556252396,GANANCIA EXTREMA,-0.02219,0.01819
010705,Jamalca,1988,0.019962080929550208,GANANCIA EXTREMA,-0.02219,0.01819
120209,Mariscal Castilla,1996,0.019930244145490772,GANANCIA EXTREMA,-0.02219,0.01819
220302,Agua Blanca,2019,0.019712313070386178,GANANCIA EXTREMA,-0.02219,0.01819
010111,Levanto,2003,0.019686582946215392,GANANCIA EXTREMA,-0.02219,0.01819
010514,Pisuquia,2008,0.01967322338903904,GANANCIA EXTREMA,-0.02219,0.01819
100608,Castillo Grande,2005,0.019637040483946044,GANANCIA EXTREMA,-0.02219,0.01819
010606,Longar,1991,0.019612719075369434,GANANCIA EXTREMA,-0.02219,0.01819
220902,Alberto Leveau,2014,0.01950524943388454,GANANCIA EXTREMA,-0.02219,0.01819
060902,Chirinos,2015,0.019476750005004317,GANANCIA EXTREMA,-0.02219,0.01819
060803,Chontali,2006,0.01946725847337738,GANANCIA EXTREMA,-0.02219,0.01819
220913,Sauce,1993,0.019391142774113357,GANANCIA EXTREMA,-0.02219,0.01819
100505,Jircan,1992,0.01936588468479128,GANANCIA EXTREMA,-0.02219,0.01819
010304,Corosha,2007,0.019291000304886508,GANANCIA EXTREMA,-0.02219,0.01819
010102,Asuncion,2011,0.01928866663264789,GANANCIA EXTREMA,-0.02219,0.01819
220403,El Eslabon,2018,0.01906769101511613,GANANCIA EXTREMA,-0.02219,0.01819
100113,San Pablo De Pillao,2018,0.01891052654266767,GANANCIA EXTREMA,-0.02219,0.01819
060901,San Ignacio,1998,0.0188553282992448,GANANCIA EXTREMA,-0.02219,0.01819
100804,Umari,2000,0.01885459195118669,GANANCIA EXTREMA,-0.02219,0.01819
010706,Lonya Grande,1993,0.01875906456165366,GANANCIA EXTREMA,-0.02219,0.01819
100113,San Pablo De Pillao,2006,0.01875742292421967,GANANCIA EXTREMA,-0.02219,0.01819
100113,San Pablo De Pillao,1987,0.018703910979907756,GANANCIA EXTREMA,-0.02219,0.01819
220913,Sauce,1991,0.01861620155516608,GANANCIA EXTREMA,-0.02219,0.01819
010515,Providencia,2004,0.018597549337710406,GANANCIA EXTREMA,-0.02219,0.01819
010104,Cheto,1992,0.01843655952049772,GANANCIA EXTREMA,-0.02219,0.01819
220914,Shapaja,1987,0.018413296125698975,GANANCIA EXTREMA,-0.02219,0.01819
220902,Alberto Leveau,2009,0.01835586358333907,GANANCIA EXTREMA,-0.02219,0.01819
010705,Jamalca,1996,0.018279326999951773,GANANCIA EXTREMA,-0.02219,0.01819
060809,Sallique,1991,0.018274077117772458,GANANCIA EXTREMA,-0.02219,0.01819
010503,Cocabamba,2005,0.018212459593709984,GANANCIA EXTREMA,-0.02219,0.01819
