categoria,tipo_fuente,archivo,ruta,anio,crs,bbox_minx,bbox_miny,bbox_maxx,bbox_maxy,res_x,res_y,width,height,n_bandas,dtype,nodata,file_size_mb
srtm,raster,N00W075.hgt,D:\VisualCode\Tesis\deforestation-forecast\data\raw\variables-locales\elevacion\N00W075.SRTMGL1\N00W075.hgt,,EPSG:4326,-75.000139,-0.000139,-73.999861,1.000139,0.00027778,0.00027778,3601.0,3601.0,1.0,int16,-32768.0,24.73
srtm,raster,N00W076.hgt,D:\VisualCode\Tesis\deforestation-forecast\data\raw\variables-locales\elevacion\N00W076.SRTMGL1\N00W076.hgt,,EPSG:4326,-76.000139,-0.000139,-74.999861,1.000139,0.00027778,0.00027778,3601.0,3601.0,1.0,int16,-32768.0,24.73
srtm,raster,S01W074.hgt,D:\VisualCode\Tesis\deforestation-forecast\data\raw\variables-locales\elevacion\S01W074.SRTMGL1\S01W074.hgt,,EPSG:4326,-74.000139,-1.000139,-72.999861,0.000139,0.00027778,0.00027778,3601.0,3601.0,1.0,int16,-32768.0,24.73
srtm,raster,S01W075.hgt,D:\VisualCode\Tesis\deforestation-forecast\data\raw\variables-locales\elevacion\S01W075.SRTMGL1\S01W075.hgt,,EPSG:4326,-75.000139,-1.000139,-73.999861,0.000139,0.00027778,0.00027778,3601.0,3601.0,1.0,int16,-32768.0,24.73
srtm,raster,S01W076.hgt,D:\VisualCode\Tesis\deforestation-forecast\data\raw\variables-locales\elevacion\S01W076.SRTMGL1\S01W076.hgt,,EPSG:4326,-76.000139,-1.000139,-74.999861,0.000139,0.00027778,0.00027778,3601.0,3601.0,1.0,int16,-32768.0,24.73
srtm,raster,S01W077.hgt,D:\VisualCode\Tesis\deforestation-forecast\data\raw\variables-locales\elevacion\S01W077.SRTMGL1\S01W077.hgt,,EPSG:4326,-77.000139,-1.000139,-75.999861,0.000139,0.00027778,0.00027778,3601.0,3601.0,1.0,int16,-32768.0,24.73
srtm,raster,S02W071.hgt,D:\VisualCode\Tesis\deforestation-forecast\data\raw\variables-locales\elevacion\S02W071.SRTMGL1\S02W071.hgt,,EPSG:4326,-71.000139,-2.000139,-69.999861,-0.999861,0.00027778,0.00027778,3601.0,3601.0,1.0,int16,-32768.0,24.73
srtm,raster,S02W072.hgt,D:\VisualCode\Tesis\deforestation-forecast\data\raw\variables-locales\elevacion\S02W072.SRTMGL1\S02W072.hgt,,EPSG:4326,-72.000139,-2.000139,-70.999861,-0.999861,0.00027778,0.00027778,3601.0,3601.0,1.0,int16,-32768.0,24.73
srtm,raster,S02W073.hgt,D:\VisualCode\Tesis\deforestation-forecast\data\raw\variables-locales\elevacion\S02W073.SRTMGL1\S02W073.hgt,,EPSG:4326,-73.000139,-2.000139,-71.999861,-0.999861,0.00027778,0.00027778,3601.0,3601.0,1.0,int16,-32768.0,24.73
srtm,raster,S02W074.hgt,D:\VisualCode\Tesis\deforestation-forecast\data\raw\variables-locales\elevacion\S02W074.SRTMGL1\S02W074.hgt,,EPSG:4326,-74.000139,-2.000139,-72.999861,-0.999861,0.00027778,0.00027778,3601.0,3601.0,1.0,int16,-32768.0,24.73
srtm,raster,S02W075.hgt,D:\VisualCode\Tesis\deforestation-forecast\data\raw\variables-locales\elevacion\S02W075.SRTMGL1\S02W075.hgt,,EPSG:4326,-75.000139,-2.000139,-73.999861,-0.999861,0.00027778,0.00027778,3601.0,3601.0,1.0,int16,-32768.0,24.73
srtm,raster,S02W076.hgt,D:\VisualCode\Tesis\deforestation-forecast\data\raw\variables-locales\elevacion\S02W076.SRTMGL1\S02W076.hgt,,EPSG:4326,-76.000139,-2.000139,-74.999861,-0.999861,0.00027778,0.00027778,3601.0,3601.0,1.0,int16,-32768.0,24.73
srtm,raster,S02W077.hgt,D:\VisualCode\Tesis\deforestation-forecast\data\raw\variables-locales\elevacion\S02W077.SRTMGL1\S02W077.hgt,,EPSG:4326,-77.000139,-2.000139,-75.999861,-0.999861,0.00027778,0.00027778,3601.0,3601.0,1.0,int16,-32768.0,24.73
srtm,raster,S03W070.hgt,D:\VisualCode\Tesis\deforestation-forecast\data\raw\variables-locales\elevacion\S03W070.SRTMGL1\S03W070.hgt,,EPSG:4326,-70.000139,-3.000139,-68.999861,-1.999861,0.00027778,0.00027778,3601.0,3601.0,1.0,int16,-32768.0,24.73
srtm,raster,S03W071.hgt,D:\VisualCode\Tesis\deforestation-forecast\data\raw\variables-locales\elevacion\S03W071.SRTMGL1\S03W071.hgt,,EPSG:4326,-71.000139,-3.000139,-69.999861,-1.999861,0.00027778,0.00027778,3601.0,3601.0,1.0,int16,-32768.0,24.73
srtm,raster,S03W072.hgt,D:\VisualCode\Tesis\deforestation-forecast\data\raw\variables-locales\elevacion\S03W072.SRTMGL1\S03W072.hgt,,EPSG:4326,-72.000139,-3.000139,-70.999861,-1.999861,0.00027778,0.00027778,3601.0,3601.0,1.0,int16,-32768.0,24.73
srtm,raster,S03W073.hgt,D:\VisualCode\Tesis\deforestation-forecast\data\raw\variables-locales\elevacion\S03W073.SRTMGL1\S03W073.hgt,,EPSG:4326,-73.000139,-3.000139,-71.999861,-1.999861,0.00027778,0.00027778,3601.0,3601.0,1.0,int16,-32768.0,24.73
srtm,raster,S03W074.hgt,D:\VisualCode\Tesis\deforestation-forecast\data\raw\variables-locales\elevacion\S03W074.SRTMGL1\S03W074.hgt,,EPSG:4326,-74.000139,-3.000139,-72.999861,-1.999861,0.00027778,0.00027778,3601.0,3601.0,1.0,int16,-32768.0,24.73
srtm,raster,S03W075.hgt,D:\VisualCode\Tesis\deforestation-forecast\data\raw\variables-locales\elevacion\S03W075.SRTMGL1\S03W075.hgt,,EPSG:4326,-75.000139,-3.000139,-73.999861,-1.999861,0.00027778,0.00027778,3601.0,3601.0,1.0,int16,-32768.0,24.73
srtm,raster,S03W076.hgt,D:\VisualCode\Tesis\deforestation-forecast\data\raw\variables-locales\elevacion\S03W076.SRTMGL1\S03W076.hgt,,EPSG:4326,-76.000139,-3.000139,-74.999861,-1.999861,0.00027778,0.00027778,3601.0,3601.0,1.0,int16,-32768.0,24.73
srtm,raster,S03W077.hgt,D:\VisualCode\Tesis\deforestation-forecast\data\raw\variables-locales\elevacion\S03W077.SRTMGL1\S03W077.hgt,,EPSG:4326,-77.000139,-3.000139,-75.999861,-1.999861,0.00027778,0.00027778,3601.0,3601.0,1.0,int16,-32768.0,24.73
srtm,raster,S03W078.hgt,D:\VisualCode\Tesis\deforestation-forecast\data\raw\variables-locales\elevacion\S03W078.SRTMGL1\S03W078.hgt,,EPSG:4326,-78.000139,-3.000139,-76.999861,-1.999861,0.00027778,0.00027778,3601.0,3601.0,1.0,int16,-32768.0,24.73
srtm,raster,S03W079.hgt,D:\VisualCode\Tesis\deforestation-forecast\data\raw\variables-locales\elevacion\S03W079.SRTMGL1\S03W079.hgt,,EPSG:4326,-79.000139,-3.000139,-77.999861,-1.999861,0.00027778,0.00027778,3601.0,3601.0,1.0,int16,-32768.0,24.73
srtm,raster,S04W070.hgt,D:\VisualCode\Tesis\deforestation-forecast\data\raw\variables-locales\elevacion\S04W070.SRTMGL1\S04W070.hgt,,EPSG:4326,-70.000139,-4.000139,-68.999861,-2.999861,0.00027778,0.00027778,3601.0,3601.0,1.0,int16,-32768.0,24.73
srtm,raster,S04W071.hgt,D:\VisualCode\Tesis\deforestation-forecast\data\raw\variables-locales\elevacion\S04W071.SRTMGL1\S04W071.hgt,,EPSG:4326,-71.000139,-4.000139,-69.999861,-2.999861,0.00027778,0.00027778,3601.0,3601.0,1.0,int16,-32768.0,24.73
srtm,raster,S04W072.hgt,D:\VisualCode\Tesis\deforestation-forecast\data\raw\variables-locales\elevacion\S04W072.SRTMGL1\S04W072.hgt,,EPSG:4326,-72.000139,-4.000139,-70.999861,-2.999861,0.00027778,0.00027778,3601.0,3601.0,1.0,int16,-32768.0,24.73
srtm,raster,S04W073.hgt,D:\VisualCode\Tesis\deforestation-forecast\data\raw\variables-locales\elevacion\S04W073.SRTMGL1\S04W073.hgt,,EPSG:4326,-73.000139,-4.000139,-71.999861,-2.999861,0.00027778,0.00027778,3601.0,3601.0,1.0,int16,-32768.0,24.73
srtm,raster,S04W074.hgt,D:\VisualCode\Tesis\deforestation-forecast\data\raw\variables-locales\elevacion\S04W074.SRTMGL1\S04W074.hgt,,EPSG:4326,-74.000139,-4.000139,-72.999861,-2.999861,0.00027778,0.00027778,3601.0,3601.0,1.0,int16,-32768.0,24.73
srtm,raster,S04W075.hgt,D:\VisualCode\Tesis\deforestation-forecast\data\raw\variables-locales\elevacion\S04W075.SRTMGL1\S04W075.hgt,,EPSG:4326,-75.000139,-4.000139,-73.999861,-2.999861,0.00027778,0.00027778,3601.0,3601.0,1.0,int16,-32768.0,24.73
srtm,raster,S04W076.hgt,D:\VisualCode\Tesis\deforestation-forecast\data\raw\variables-locales\elevacion\S04W076.SRTMGL1\S04W076.hgt,,EPSG:4326,-76.000139,-4.000139,-74.999861,-2.999861,0.00027778,0.00027778,3601.0,3601.0,1.0,int16,-32768.0,24.73
srtm,raster,S04W077.hgt,D:\VisualCode\Tesis\deforestation-forecast\data\raw\variables-locales\elevacion\S04W077.SRTMGL1\S04W077.hgt,,EPSG:4326,-77.000139,-4.000139,-75.999861,-2.999861,0.00027778,0.00027778,3601.0,3601.0,1.0,int16,-32768.0,24.73
srtm,raster,S04W078.hgt,D:\VisualCode\Tesis\deforestation-forecast\data\raw\variables-locales\elevacion\S04W078.SRTMGL1\S04W078.hgt,,EPSG:4326,-78.000139,-4.000139,-76.999861,-2.999861,0.00027778,0.00027778,3601.0,3601.0,1.0,int16,-32768.0,24.73
srtm,raster,S04W079.hgt,D:\VisualCode\Tesis\deforestation-forecast\data\raw\variables-locales\elevacion\S04W079.SRTMGL1\S04W079.hgt,,EPSG:4326,-79.000139,-4.000139,-77.999861,-2.999861,0.00027778,0.00027778,3601.0,3601.0,1.0,int16,-32768.0,24.73
srtm,raster,S04W080.hgt,D:\VisualCode\Tesis\deforestation-forecast\data\raw\variables-locales\elevacion\S04W080.SRTMGL1\S04W080.hgt,,EPSG:4326,-80.000139,-4.000139,-78.999861,-2.999861,0.00027778,0.00027778,3601.0,3601.0,1.0,int16,-32768.0,24.73
srtm,raster,S04W081.hgt,D:\VisualCode\Tesis\deforestation-forecast\data\raw\variables-locales\elevacion\S04W081.SRTMGL1\S04W081.hgt,,EPSG:4326,-81.000139,-4.000139,-79.999861,-2.999861,0.00027778,0.00027778,3601.0,3601.0,1.0,int16,-32768.0,24.73
srtm,raster,S05W070.hgt,D:\VisualCode\Tesis\deforestation-forecast\data\raw\variables-locales\elevacion\S05W070.SRTMGL1\S05W070.hgt,,EPSG:4326,-70.000139,-5.000139,-68.999861,-3.999861,0.00027778,0.00027778,3601.0,3601.0,1.0,int16,-32768.0,24.73
srtm,raster,S05W071.hgt,D:\VisualCode\Tesis\deforestation-forecast\data\raw\variables-locales\elevacion\S05W071.SRTMGL1\S05W071.hgt,,EPSG:4326,-71.000139,-5.000139,-69.999861,-3.999861,0.00027778,0.00027778,3601.0,3601.0,1.0,int16,-32768.0,24.73
srtm,raster,S05W072.hgt,D:\VisualCode\Tesis\deforestation-forecast\data\raw\variables-locales\elevacion\S05W072.SRTMGL1\S05W072.hgt,,EPSG:4326,-72.000139,-5.000139,-70.999861,-3.999861,0.00027778,0.00027778,3601.0,3601.0,1.0,int16,-32768.0,24.73
srtm,raster,S05W073.hgt,D:\VisualCode\Tesis\deforestation-forecast\data\raw\variables-locales\elevacion\S05W073.SRTMGL1\S05W073.hgt,,EPSG:4326,-73.000139,-5.000139,-71.999861,-3.999861,0.00027778,0.00027778,3601.0,3601.0,1.0,int16,-32768.0,24.73
srtm,raster,S05W074.hgt,D:\VisualCode\Tesis\deforestation-forecast\data\raw\variables-locales\elevacion\S05W074.SRTMGL1\S05W074.hgt,,EPSG:4326,-74.000139,-5.000139,-72.999861,-3.999861,0.00027778,0.00027778,3601.0,3601.0,1.0,int16,-32768.0,24.73
srtm,raster,S05W075.hgt,D:\VisualCode\Tesis\deforestation-forecast\data\raw\variables-locales\elevacion\S05W075.SRTMGL1\S05W075.hgt,,EPSG:4326,-75.000139,-5.000139,-73.999861,-3.999861,0.00027778,0.00027778,3601.0,3601.0,1.0,int16,-32768.0,24.73
srtm,raster,S05W076.hgt,D:\VisualCode\Tesis\deforestation-forecast\data\raw\variables-locales\elevacion\S05W076.SRTMGL1\S05W076.hgt,,EPSG:4326,-76.000139,-5.000139,-74.999861,-3.999861,0.00027778,0.00027778,3601.0,3601.0,1.0,int16,-32768.0,24.73
srtm,raster,S05W077.hgt,D:\VisualCode\Tesis\deforestation-forecast\data\raw\variables-locales\elevacion\S05W077.SRTMGL1\S05W077.hgt,,EPSG:4326,-77.000139,-5.000139,-75.999861,-3.999861,0.00027778,0.00027778,3601.0,3601.0,1.0,int16,-32768.0,24.73
srtm,raster,S05W078.hgt,D:\VisualCode\Tesis\deforestation-forecast\data\raw\variables-locales\elevacion\S05W078.SRTMGL1\S05W078.hgt,,EPSG:4326,-78.000139,-5.000139,-76.999861,-3.999861,0.00027778,0.00027778,3601.0,3601.0,1.0,int16,-32768.0,24.73
srtm,raster,S05W079.hgt,D:\VisualCode\Tesis\deforestation-forecast\data\raw\variables-locales\elevacion\S05W079.SRTMGL1\S05W079.hgt,,EPSG:4326,-79.000139,-5.000139,-77.999861,-3.999861,0.00027778,0.00027778,3601.0,3601.0,1.0,int16,-32768.0,24.73
srtm,raster,S05W080.hgt,D:\VisualCode\Tesis\deforestation-forecast\data\raw\variables-locales\elevacion\S05W080.SRTMGL1\S05W080.hgt,,EPSG:4326,-80.000139,-5.000139,-78.999861,-3.999861,0.00027778,0.00027778,3601.0,3601.0,1.0,int16,-32768.0,24.73
srtm,raster,S05W081.hgt,D:\VisualCode\Tesis\deforestation-forecast\data\raw\variables-locales\elevacion\S05W081.SRTMGL1\S05W081.hgt,,EPSG:4326,-81.000139,-5.000139,-79.999861,-3.999861,0.00027778,0.00027778,3601.0,3601.0,1.0,int16,-32768.0,24.73
srtm,raster,S05W082.hgt,D:\VisualCode\Tesis\deforestation-forecast\data\raw\variables-locales\elevacion\S05W082.SRTMGL1\S05W082.hgt,,EPSG:4326,-82.000139,-5.000139,-80.999861,-3.999861,0.00027778,0.00027778,3601.0,3601.0,1.0,int16,-32768.0,24.73
srtm,raster,S06W072.hgt,D:\VisualCode\Tesis\deforestation-forecast\data\raw\variables-locales\elevacion\S06W072.SRTMGL1\S06W072.hgt,,EPSG:4326,-72.000139,-6.000139,-70.999861,-4.999861,0.00027778,0.00027778,3601.0,3601.0,1.0,int16,-32768.0,24.73
srtm,raster,S06W073.hgt,D:\VisualCode\Tesis\deforestation-forecast\data\raw\variables-locales\elevacion\S06W073.SRTMGL1\S06W073.hgt,,EPSG:4326,-73.000139,-6.000139,-71.999861,-4.999861,0.00027778,0.00027778,3601.0,3601.0,1.0,int16,-32768.0,24.73
srtm,raster,S06W074.hgt,D:\VisualCode\Tesis\deforestation-forecast\data\raw\variables-locales\elevacion\S06W074.SRTMGL1\S06W074.hgt,,EPSG:4326,-74.000139,-6.000139,-72.999861,-4.999861,0.00027778,0.00027778,3601.0,3601.0,1.0,int16,-32768.0,24.73
srtm,raster,S06W075.hgt,D:\VisualCode\Tesis\deforestation-forecast\data\raw\variables-locales\elevacion\S06W075.SRTMGL1\S06W075.hgt,,EPSG:4326,-75.000139,-6.000139,-73.999861,-4.999861,0.00027778,0.00027778,3601.0,3601.0,1.0,int16,-32768.0,24.73
srtm,raster,S06W076.hgt,D:\VisualCode\Tesis\deforestation-forecast\data\raw\variables-locales\elevacion\S06W076.SRTMGL1\S06W076.hgt,,EPSG:4326,-76.000139,-6.000139,-74.999861,-4.999861,0.00027778,0.00027778,3601.0,3601.0,1.0,int16,-32768.0,24.73
srtm,raster,S06W077.hgt,D:\VisualCode\Tesis\deforestation-forecast\data\raw\variables-locales\elevacion\S06W077.SRTMGL1\S06W077.hgt,,EPSG:4326,-77.000139,-6.000139,-75.999861,-4.999861,0.00027778,0.00027778,3601.0,3601.0,1.0,int16,-32768.0,24.73
srtm,raster,S06W078.hgt,D:\VisualCode\Tesis\deforestation-forecast\data\raw\variables-locales\elevacion\S06W078.SRTMGL1\S06W078.hgt,,EPSG:4326,-78.000139,-6.000139,-76.999861,-4.999861,0.00027778,0.00027778,3601.0,3601.0,1.0,int16,-32768.0,24.73
srtm,raster,S06W079.hgt,D:\VisualCode\Tesis\deforestation-forecast\data\raw\variables-locales\elevacion\S06W079.SRTMGL1\S06W079.hgt,,EPSG:4326,-79.000139,-6.000139,-77.999861,-4.999861,0.00027778,0.00027778,3601.0,3601.0,1.0,int16,-32768.0,24.73
srtm,raster,S06W080.hgt,D:\VisualCode\Tesis\deforestation-forecast\data\raw\variables-locales\elevacion\S06W080.SRTMGL1\S06W080.hgt,,EPSG:4326,-80.000139,-6.000139,-78.999861,-4.999861,0.00027778,0.00027778,3601.0,3601.0,1.0,int16,-32768.0,24.73
srtm,raster,S06W081.hgt,D:\VisualCode\Tesis\deforestation-forecast\data\raw\variables-locales\elevacion\S06W081.SRTMGL1\S06W081.hgt,,EPSG:4326,-81.000139,-6.000139,-79.999861,-4.999861,0.00027778,0.00027778,3601.0,3601.0,1.0,int16,-32768.0,24.73
srtm,raster,S06W082.hgt,D:\VisualCode\Tesis\deforestation-forecast\data\raw\variables-locales\elevacion\S06W082.SRTMGL1\S06W082.hgt,,EPSG:4326,-82.000139,-6.000139,-80.999861,-4.999861,0.00027778,0.00027778,3601.0,3601.0,1.0,int16,-32768.0,24.73
srtm,raster,S07W073.hgt,D:\VisualCode\Tesis\deforestation-forecast\data\raw\variables-locales\elevacion\S07W073.SRTMGL1\S07W073.hgt,,EPSG:4326,-73.000139,-7.000139,-71.999861,-5.999861,0.00027778,0.00027778,3601.0,3601.0,1.0,int16,-32768.0,24.73
srtm,raster,S07W074.hgt,D:\VisualCode\Tesis\deforestation-forecast\data\raw\variables-locales\elevacion\S07W074.SRTMGL1\S07W074.hgt,,EPSG:4326,-74.000139,-7.000139,-72.999861,-5.999861,0.00027778,0.00027778,3601.0,3601.0,1.0,int16,-32768.0,24.73
srtm,raster,S07W075.hgt,D:\VisualCode\Tesis\deforestation-forecast\data\raw\variables-locales\elevacion\S07W075.SRTMGL1\S07W075.hgt,,EPSG:4326,-75.000139,-7.000139,-73.999861,-5.999861,0.00027778,0.00027778,3601.0,3601.0,1.0,int16,-32768.0,24.73
srtm,raster,S07W076.hgt,D:\VisualCode\Tesis\deforestation-forecast\data\raw\variables-locales\elevacion\S07W076.SRTMGL1\S07W076.hgt,,EPSG:4326,-76.000139,-7.000139,-74.999861,-5.999861,0.00027778,0.00027778,3601.0,3601.0,1.0,int16,-32768.0,24.73
srtm,raster,S07W077.hgt,D:\VisualCode\Tesis\deforestation-forecast\data\raw\variables-locales\elevacion\S07W077.SRTMGL1\S07W077.hgt,,EPSG:4326,-77.000139,-7.000139,-75.999861,-5.999861,0.00027778,0.00027778,3601.0,3601.0,1.0,int16,-32768.0,24.73
srtm,raster,S07W078.hgt,D:\VisualCode\Tesis\deforestation-forecast\data\raw\variables-locales\elevacion\S07W078.SRTMGL1\S07W078.hgt,,EPSG:4326,-78.000139,-7.000139,-76.999861,-5.999861,0.00027778,0.00027778,3601.0,3601.0,1.0,int16,-32768.0,24.73
srtm,raster,S07W079.hgt,D:\VisualCode\Tesis\deforestation-forecast\data\raw\variables-locales\elevacion\S07W079.SRTMGL1\S07W079.hgt,,EPSG:4326,-79.000139,-7.000139,-77.999861,-5.999861,0.00027778,0.00027778,3601.0,3601.0,1.0,int16,-32768.0,24.73
srtm,raster,S07W080.hgt,D:\VisualCode\Tesis\deforestation-forecast\data\raw\variables-locales\elevacion\S07W080.SRTMGL1\S07W080.hgt,,EPSG:4326,-80.000139,-7.000139,-78.999861,-5.999861,0.00027778,0.00027778,3601.0,3601.0,1.0,int16,-32768.0,24.73
srtm,raster,S07W081.hgt,D:\VisualCode\Tesis\deforestation-forecast\data\raw\variables-locales\elevacion\S07W081.SRTMGL1\S07W081.hgt,,EPSG:4326,-81.000139,-7.000139,-79.999861,-5.999861,0.00027778,0.00027778,3601.0,3601.0,1.0,int16,-32768.0,24.73
srtm,raster,S07W082.hgt,D:\VisualCode\Tesis\deforestation-forecast\data\raw\variables-locales\elevacion\S07W082.SRTMGL1\S07W082.hgt,,EPSG:4326,-82.000139,-7.000139,-80.999861,-5.999861,0.00027778,0.00027778,3601.0,3601.0,1.0,int16,-32768.0,24.73
srtm,raster,S08W074.hgt,D:\VisualCode\Tesis\deforestation-forecast\data\raw\variables-locales\elevacion\S08W074.SRTMGL1\S08W074.hgt,,EPSG:4326,-74.000139,-8.000139,-72.999861,-6.999861,0.00027778,0.00027778,3601.0,3601.0,1.0,int16,-32768.0,24.73
srtm,raster,S08W075.hgt,D:\VisualCode\Tesis\deforestation-forecast\data\raw\variables-locales\elevacion\S08W075.SRTMGL1\S08W075.hgt,,EPSG:4326,-75.000139,-8.000139,-73.999861,-6.999861,0.00027778,0.00027778,3601.0,3601.0,1.0,int16,-32768.0,24.73
srtm,raster,S08W076.hgt,D:\VisualCode\Tesis\deforestation-forecast\data\raw\variables-locales\elevacion\S08W076.SRTMGL1\S08W076.hgt,,EPSG:4326,-76.000139,-8.000139,-74.999861,-6.999861,0.00027778,0.00027778,3601.0,3601.0,1.0,int16,-32768.0,24.73
srtm,raster,S08W077.hgt,D:\VisualCode\Tesis\deforestation-forecast\data\raw\variables-locales\elevacion\S08W077.SRTMGL1\S08W077.hgt,,EPSG:4326,-77.000139,-8.000139,-75.999861,-6.999861,0.00027778,0.00027778,3601.0,3601.0,1.0,int16,-32768.0,24.73
srtm,raster,S08W078.hgt,D:\VisualCode\Tesis\deforestation-forecast\data\raw\variables-locales\elevacion\S08W078.SRTMGL1\S08W078.hgt,,EPSG:4326,-78.000139,-8.000139,-76.999861,-6.999861,0.00027778,0.00027778,3601.0,3601.0,1.0,int16,-32768.0,24.73
srtm,raster,S08W079.hgt,D:\VisualCode\Tesis\deforestation-forecast\data\raw\variables-locales\elevacion\S08W079.SRTMGL1\S08W079.hgt,,EPSG:4326,-79.000139,-8.000139,-77.999861,-6.999861,0.00027778,0.00027778,3601.0,3601.0,1.0,int16,-32768.0,24.73
srtm,raster,S08W080.hgt,D:\VisualCode\Tesis\deforestation-forecast\data\raw\variables-locales\elevacion\S08W080.SRTMGL1\S08W080.hgt,,EPSG:4326,-80.000139,-8.000139,-78.999861,-6.999861,0.00027778,0.00027778,3601.0,3601.0,1.0,int16,-32768.0,24.73
srtm,raster,S09W073.hgt,D:\VisualCode\Tesis\deforestation-forecast\data\raw\variables-locales\elevacion\S09W073.SRTMGL1\S09W073.hgt,,EPSG:4326,-73.000139,-9.000139,-71.999861,-7.999861,0.00027778,0.00027778,3601.0,3601.0,1.0,int16,-32768.0,24.73
srtm,raster,S09W074.hgt,D:\VisualCode\Tesis\deforestation-forecast\data\raw\variables-locales\elevacion\S09W074.SRTMGL1\S09W074.hgt,,EPSG:4326,-74.000139,-9.000139,-72.999861,-7.999861,0.00027778,0.00027778,3601.0,3601.0,1.0,int16,-32768.0,24.73
srtm,raster,S09W075.hgt,D:\VisualCode\Tesis\deforestation-forecast\data\raw\variables-locales\elevacion\S09W075.SRTMGL1\S09W075.hgt,,EPSG:4326,-75.000139,-9.000139,-73.999861,-7.999861,0.00027778,0.00027778,3601.0,3601.0,1.0,int16,-32768.0,24.73
srtm,raster,S09W076.hgt,D:\VisualCode\Tesis\deforestation-forecast\data\raw\variables-locales\elevacion\S09W076.SRTMGL1\S09W076.hgt,,EPSG:4326,-76.000139,-9.000139,-74.999861,-7.999861,0.00027778,0.00027778,3601.0,3601.0,1.0,int16,-32768.0,24.73
srtm,raster,S09W077.hgt,D:\VisualCode\Tesis\deforestation-forecast\data\raw\variables-locales\elevacion\S09W077.SRTMGL1\S09W077.hgt,,EPSG:4326,-77.000139,-9.000139,-75.999861,-7.999861,0.00027778,0.00027778,3601.0,3601.0,1.0,int16,-32768.0,24.73
srtm,raster,S09W078.hgt,D:\VisualCode\Tesis\deforestation-forecast\data\raw\variables-locales\elevacion\S09W078.SRTMGL1\S09W078.hgt,,EPSG:4326,-78.000139,-9.000139,-76.999861,-7.999861,0.00027778,0.00027778,3601.0,3601.0,1.0,int16,-32768.0,24.73
srtm,raster,S09W079.hgt,D:\VisualCode\Tesis\deforestation-forecast\data\raw\variables-locales\elevacion\S09W079.SRTMGL1\S09W079.hgt,,EPSG:4326,-79.000139,-9.000139,-77.999861,-7.999861,0.00027778,0.00027778,3601.0,3601.0,1.0,int16,-32768.0,24.73
srtm,raster,S09W080.hgt,D:\VisualCode\Tesis\deforestation-forecast\data\raw\variables-locales\elevacion\S09W080.SRTMGL1\S09W080.hgt,,EPSG:4326,-80.000139,-9.000139,-78.999861,-7.999861,0.00027778,0.00027778,3601.0,3601.0,1.0,int16,-32768.0,24.73
srtm,raster,S10W071.hgt,D:\VisualCode\Tesis\deforestation-forecast\data\raw\variables-locales\elevacion\S10W071.SRTMGL1\S10W071.hgt,,EPSG:4326,-71.000139,-10.000139,-69.999861,-8.999861,0.00027778,0.00027778,3601.0,3601.0,1.0,int16,-32768.0,24.73
srtm,raster,S10W072.hgt,D:\VisualCode\Tesis\deforestation-forecast\data\raw\variables-locales\elevacion\S10W072.SRTMGL1\S10W072.hgt,,EPSG:4326,-72.000139,-10.000139,-70.999861,-8.999861,0.00027778,0.00027778,3601.0,3601.0,1.0,int16,-32768.0,24.73
srtm,raster,S10W073.hgt,D:\VisualCode\Tesis\deforestation-forecast\data\raw\variables-locales\elevacion\S10W073.SRTMGL1\S10W073.hgt,,EPSG:4326,-73.000139,-10.000139,-71.999861,-8.999861,0.00027778,0.00027778,3601.0,3601.0,1.0,int16,-32768.0,24.73
srtm,raster,S10W074.hgt,D:\VisualCode\Tesis\deforestation-forecast\data\raw\variables-locales\elevacion\S10W074.SRTMGL1\S10W074.hgt,,EPSG:4326,-74.000139,-10.000139,-72.999861,-8.999861,0.00027778,0.00027778,3601.0,3601.0,1.0,int16,-32768.0,24.73
srtm,raster,S10W075.hgt,D:\VisualCode\Tesis\deforestation-forecast\data\raw\variables-locales\elevacion\S10W075.SRTMGL1\S10W075.hgt,,EPSG:4326,-75.000139,-10.000139,-73.999861,-8.999861,0.00027778,0.00027778,3601.0,3601.0,1.0,int16,-32768.0,24.73
srtm,raster,S10W076.hgt,D:\VisualCode\Tesis\deforestation-forecast\data\raw\variables-locales\elevacion\S10W076.SRTMGL1\S10W076.hgt,,EPSG:4326,-76.000139,-10.000139,-74.999861,-8.999861,0.00027778,0.00027778,3601.0,3601.0,1.0,int16,-32768.0,24.73
srtm,raster,S10W077.hgt,D:\VisualCode\Tesis\deforestation-forecast\data\raw\variables-locales\elevacion\S10W077.SRTMGL1\S10W077.hgt,,EPSG:4326,-77.000139,-10.000139,-75.999861,-8.999861,0.00027778,0.00027778,3601.0,3601.0,1.0,int16,-32768.0,24.73
srtm,raster,S10W078.hgt,D:\VisualCode\Tesis\deforestation-forecast\data\raw\variables-locales\elevacion\S10W078.SRTMGL1\S10W078.hgt,,EPSG:4326,-78.000139,-10.000139,-76.999861,-8.999861,0.00027778,0.00027778,3601.0,3601.0,1.0,int16,-32768.0,24.73
srtm,raster,S10W079.hgt,D:\VisualCode\Tesis\deforestation-forecast\data\raw\variables-locales\elevacion\S10W079.SRTMGL1\S10W079.hgt,,EPSG:4326,-79.000139,-10.000139,-77.999861,-8.999861,0.00027778,0.00027778,3601.0,3601.0,1.0,int16,-32768.0,24.73
srtm,raster,S11W070.hgt,D:\VisualCode\Tesis\deforestation-forecast\data\raw\variables-locales\elevacion\S11W070.SRTMGL1\S11W070.hgt,,EPSG:4326,-70.000139,-11.000139,-68.999861,-9.999861,0.00027778,0.00027778,3601.0,3601.0,1.0,int16,-32768.0,24.73
srtm,raster,S11W071.hgt,D:\VisualCode\Tesis\deforestation-forecast\data\raw\variables-locales\elevacion\S11W071.SRTMGL1\S11W071.hgt,,EPSG:4326,-71.000139,-11.000139,-69.999861,-9.999861,0.00027778,0.00027778,3601.0,3601.0,1.0,int16,-32768.0,24.73
srtm,raster,S11W072.hgt,D:\VisualCode\Tesis\deforestation-forecast\data\raw\variables-locales\elevacion\S11W072.SRTMGL1\S11W072.hgt,,EPSG:4326,-72.000139,-11.000139,-70.999861,-9.999861,0.00027778,0.00027778,3601.0,3601.0,1.0,int16,-32768.0,24.73
srtm,raster,S11W073.hgt,D:\VisualCode\Tesis\deforestation-forecast\data\raw\variables-locales\elevacion\S11W073.SRTMGL1\S11W073.hgt,,EPSG:4326,-73.000139,-11.000139,-71.999861,-9.999861,0.00027778,0.00027778,3601.0,3601.0,1.0,int16,-32768.0,24.73
srtm,raster,S11W074.hgt,D:\VisualCode\Tesis\deforestation-forecast\data\raw\variables-locales\elevacion\S11W074.SRTMGL1\S11W074.hgt,,EPSG:4326,-74.000139,-11.000139,-72.999861,-9.999861,0.00027778,0.00027778,3601.0,3601.0,1.0,int16,-32768.0,24.73
srtm,raster,S11W075.hgt,D:\VisualCode\Tesis\deforestation-forecast\data\raw\variables-locales\elevacion\S11W075.SRTMGL1\S11W075.hgt,,EPSG:4326,-75.000139,-11.000139,-73.999861,-9.999861,0.00027778,0.00027778,3601.0,3601.0,1.0,int16,-32768.0,24.73
srtm,raster,S11W076.hgt,D:\VisualCode\Tesis\deforestation-forecast\data\raw\variables-locales\elevacion\S11W076.SRTMGL1\S11W076.hgt,,EPSG:4326,-76.000139,-11.000139,-74.999861,-9.999861,0.00027778,0.00027778,3601.0,3601.0,1.0,int16,-32768.0,24.73
srtm,raster,S11W077.hgt,D:\VisualCode\Tesis\deforestation-forecast\data\raw\variables-locales\elevacion\S11W077.SRTMGL1\S11W077.hgt,,EPSG:4326,-77.000139,-11.000139,-75.999861,-9.999861,0.00027778,0.00027778,3601.0,3601.0,1.0,int16,-32768.0,24.73
srtm,raster,S11W078.hgt,D:\VisualCode\Tesis\deforestation-forecast\data\raw\variables-locales\elevacion\S11W078.SRTMGL1\S11W078.hgt,,EPSG:4326,-78.000139,-11.000139,-76.999861,-9.999861,0.00027778,0.00027778,3601.0,3601.0,1.0,int16,-32768.0,24.73
srtm,raster,S11W079.hgt,D:\VisualCode\Tesis\deforestation-forecast\data\raw\variables-locales\elevacion\S11W079.SRTMGL1\S11W079.hgt,,EPSG:4326,-79.000139,-11.000139,-77.999861,-9.999861,0.00027778,0.00027778,3601.0,3601.0,1.0,int16,-32768.0,24.73
srtm,raster,S12W069.hgt,D:\VisualCode\Tesis\deforestation-forecast\data\raw\variables-locales\elevacion\S12W069.SRTMGL1\S12W069.hgt,,EPSG:4326,-69.000139,-12.000139,-67.999861,-10.999861,0.00027778,0.00027778,3601.0,3601.0,1.0,int16,-32768.0,24.73
srtm,raster,S12W070.hgt,D:\VisualCode\Tesis\deforestation-forecast\data\raw\variables-locales\elevacion\S12W070.SRTMGL1\S12W070.hgt,,EPSG:4326,-70.000139,-12.000139,-68.999861,-10.999861,0.00027778,0.00027778,3601.0,3601.0,1.0,int16,-32768.0,24.73
srtm,raster,S12W071.hgt,D:\VisualCode\Tesis\deforestation-forecast\data\raw\variables-locales\elevacion\S12W071.SRTMGL1\S12W071.hgt,,EPSG:4326,-71.000139,-12.000139,-69.999861,-10.999861,0.00027778,0.00027778,3601.0,3601.0,1.0,int16,-32768.0,24.73
srtm,raster,S12W072.hgt,D:\VisualCode\Tesis\deforestation-forecast\data\raw\variables-locales\elevacion\S12W072.SRTMGL1\S12W072.hgt,,EPSG:4326,-72.000139,-12.000139,-70.999861,-10.999861,0.00027778,0.00027778,3601.0,3601.0,1.0,int16,-32768.0,24.73
srtm,raster,S12W073.hgt,D:\VisualCode\Tesis\deforestation-forecast\data\raw\variables-locales\elevacion\S12W073.SRTMGL1\S12W073.hgt,,EPSG:4326,-73.000139,-12.000139,-71.999861,-10.999861,0.00027778,0.00027778,3601.0,3601.0,1.0,int16,-32768.0,24.73
srtm,raster,S12W074.hgt,D:\VisualCode\Tesis\deforestation-forecast\data\raw\variables-locales\elevacion\S12W074.SRTMGL1\S12W074.hgt,,EPSG:4326,-74.000139,-12.000139,-72.999861,-10.999861,0.00027778,0.00027778,3601.0,3601.0,1.0,int16,-32768.0,24.73
srtm,raster,S12W075.hgt,D:\VisualCode\Tesis\deforestation-forecast\data\raw\variables-locales\elevacion\S12W075.SRTMGL1\S12W075.hgt,,EPSG:4326,-75.000139,-12.000139,-73.999861,-10.999861,0.00027778,0.00027778,3601.0,3601.0,1.0,int16,-32768.0,24.73
srtm,raster,S12W076.hgt,D:\VisualCode\Tesis\deforestation-forecast\data\raw\variables-locales\elevacion\S12W076.SRTMGL1\S12W076.hgt,,EPSG:4326,-76.000139,-12.000139,-74.999861,-10.999861,0.00027778,0.00027778,3601.0,3601.0,1.0,int16,-32768.0,24.73
srtm,raster,S12W077.hgt,D:\VisualCode\Tesis\deforestation-forecast\data\raw\variables-locales\elevacion\S12W077.SRTMGL1\S12W077.hgt,,EPSG:4326,-77.000139,-12.000139,-75.999861,-10.999861,0.00027778,0.00027778,3601.0,3601.0,1.0,int16,-32768.0,24.73
srtm,raster,S12W078.hgt,D:\VisualCode\Tesis\deforestation-forecast\data\raw\variables-locales\elevacion\S12W078.SRTMGL1\S12W078.hgt,,EPSG:4326,-78.000139,-12.000139,-76.999861,-10.999861,0.00027778,0.00027778,3601.0,3601.0,1.0,int16,-32768.0,24.73
srtm,raster,S13W069.hgt,D:\VisualCode\Tesis\deforestation-forecast\data\raw\variables-locales\elevacion\S13W069.SRTMGL1\S13W069.hgt,,EPSG:4326,-69.000139,-13.000139,-67.999861,-11.999861,0.00027778,0.00027778,3601.0,3601.0,1.0,int16,-32768.0,24.73
srtm,raster,S13W070.hgt,D:\VisualCode\Tesis\deforestation-forecast\data\raw\variables-locales\elevacion\S13W070.SRTMGL1\S13W070.hgt,,EPSG:4326,-70.000139,-13.000139,-68.999861,-11.999861,0.00027778,0.00027778,3601.0,3601.0,1.0,int16,-32768.0,24.73
srtm,raster,S13W071.hgt,D:\VisualCode\Tesis\deforestation-forecast\data\raw\variables-locales\elevacion\S13W071.SRTMGL1\S13W071.hgt,,EPSG:4326,-71.000139,-13.000139,-69.999861,-11.999861,0.00027778,0.00027778,3601.0,3601.0,1.0,int16,-32768.0,24.73
srtm,raster,S13W072.hgt,D:\VisualCode\Tesis\deforestation-forecast\data\raw\variables-locales\elevacion\S13W072.SRTMGL1\S13W072.hgt,,EPSG:4326,-72.000139,-13.000139,-70.999861,-11.999861,0.00027778,0.00027778,3601.0,3601.0,1.0,int16,-32768.0,24.73
srtm,raster,S13W073.hgt,D:\VisualCode\Tesis\deforestation-forecast\data\raw\variables-locales\elevacion\S13W073.SRTMGL1\S13W073.hgt,,EPSG:4326,-73.000139,-13.000139,-71.999861,-11.999861,0.00027778,0.00027778,3601.0,3601.0,1.0,int16,-32768.0,24.73
srtm,raster,S13W074.hgt,D:\VisualCode\Tesis\deforestation-forecast\data\raw\variables-locales\elevacion\S13W074.SRTMGL1\S13W074.hgt,,EPSG:4326,-74.000139,-13.000139,-72.999861,-11.999861,0.00027778,0.00027778,3601.0,3601.0,1.0,int16,-32768.0,24.73
srtm,raster,S13W075.hgt,D:\VisualCode\Tesis\deforestation-forecast\data\raw\variables-locales\elevacion\S13W075.SRTMGL1\S13W075.hgt,,EPSG:4326,-75.000139,-13.000139,-73.999861,-11.999861,0.00027778,0.00027778,3601.0,3601.0,1.0,int16,-32768.0,24.73
srtm,raster,S13W076.hgt,D:\VisualCode\Tesis\deforestation-forecast\data\raw\variables-locales\elevacion\S13W076.SRTMGL1\S13W076.hgt,,EPSG:4326,-76.000139,-13.000139,-74.999861,-11.999861,0.00027778,0.00027778,3601.0,3601.0,1.0,int16,-32768.0,24.73
srtm,raster,S13W077.hgt,D:\VisualCode\Tesis\deforestation-forecast\data\raw\variables-locales\elevacion\S13W077.SRTMGL1\S13W077.hgt,,EPSG:4326,-77.000139,-13.000139,-75.999861,-11.999861,0.00027778,0.00027778,3601.0,3601.0,1.0,int16,-32768.0,24.73
srtm,raster,S13W078.hgt,D:\VisualCode\Tesis\deforestation-forecast\data\raw\variables-locales\elevacion\S13W078.SRTMGL1\S13W078.hgt,,EPSG:4326,-78.000139,-13.000139,-76.999861,-11.999861,0.00027778,0.00027778,3601.0,3601.0,1.0,int16,-32768.0,24.73
srtm,raster,S14W069.hgt,D:\VisualCode\Tesis\deforestation-forecast\data\raw\variables-locales\elevacion\S14W069.SRTMGL1\S14W069.hgt,,EPSG:4326,-69.000139,-14.000139,-67.999861,-12.999861,0.00027778,0.00027778,3601.0,3601.0,1.0,int16,-32768.0,24.73
srtm,raster,S14W070.hgt,D:\VisualCode\Tesis\deforestation-forecast\data\raw\variables-locales\elevacion\S14W070.SRTMGL1\S14W070.hgt,,EPSG:4326,-70.000139,-14.000139,-68.999861,-12.999861,0.00027778,0.00027778,3601.0,3601.0,1.0,int16,-32768.0,24.73
srtm,raster,S14W071.hgt,D:\VisualCode\Tesis\deforestation-forecast\data\raw\variables-locales\elevacion\S14W071.SRTMGL1\S14W071.hgt,,EPSG:4326,-71.000139,-14.000139,-69.999861,-12.999861,0.00027778,0.00027778,3601.0,3601.0,1.0,int16,-32768.0,24.73
srtm,raster,S14W072.hgt,D:\VisualCode\Tesis\deforestation-forecast\data\raw\variables-locales\elevacion\S14W072.SRTMGL1\S14W072.hgt,,EPSG:4326,-72.000139,-14.000139,-70.999861,-12.999861,0.00027778,0.00027778,3601.0,3601.0,1.0,int16,-32768.0,24.73
srtm,raster,S14W073.hgt,D:\VisualCode\Tesis\deforestation-forecast\data\raw\variables-locales\elevacion\S14W073.SRTMGL1\S14W073.hgt,,EPSG:4326,-73.000139,-14.000139,-71.999861,-12.999861,0.00027778,0.00027778,3601.0,3601.0,1.0,int16,-32768.0,24.73
srtm,raster,S14W074.hgt,D:\VisualCode\Tesis\deforestation-forecast\data\raw\variables-locales\elevacion\S14W074.SRTMGL1\S14W074.hgt,,EPSG:4326,-74.000139,-14.000139,-72.999861,-12.999861,0.00027778,0.00027778,3601.0,3601.0,1.0,int16,-32768.0,24.73
srtm,raster,S14W075.hgt,D:\VisualCode\Tesis\deforestation-forecast\data\raw\variables-locales\elevacion\S14W075.SRTMGL1\S14W075.hgt,,EPSG:4326,-75.000139,-14.000139,-73.999861,-12.999861,0.00027778,0.00027778,3601.0,3601.0,1.0,int16,-32768.0,24.73
srtm,raster,S14W076.hgt,D:\VisualCode\Tesis\deforestation-forecast\data\raw\variables-locales\elevacion\S14W076.SRTMGL1\S14W076.hgt,,EPSG:4326,-76.000139,-14.000139,-74.999861,-12.999861,0.00027778,0.00027778,3601.0,3601.0,1.0,int16,-32768.0,24.73
srtm,raster,S14W077.hgt,D:\VisualCode\Tesis\deforestation-forecast\data\raw\variables-locales\elevacion\S14W077.SRTMGL1\S14W077.hgt,,EPSG:4326,-77.000139,-14.000139,-75.999861,-12.999861,0.00027778,0.00027778,3601.0,3601.0,1.0,int16,-32768.0,24.73
srtm,raster,S15W069.hgt,D:\VisualCode\Tesis\deforestation-forecast\data\raw\variables-locales\elevacion\S15W069.SRTMGL1\S15W069.hgt,,EPSG:4326,-69.000139,-15.000139,-67.999861,-13.999861,0.00027778,0.00027778,3601.0,3601.0,1.0,int16,-32768.0,24.73
srtm,raster,S15W070.hgt,D:\VisualCode\Tesis\deforestation-forecast\data\raw\variables-locales\elevacion\S15W070.SRTMGL1\S15W070.hgt,,EPSG:4326,-70.000139,-15.000139,-68.999861,-13.999861,0.00027778,0.00027778,3601.0,3601.0,1.0,int16,-32768.0,24.73
srtm,raster,S15W071.hgt,D:\VisualCode\Tesis\deforestation-forecast\data\raw\variables-locales\elevacion\S15W071.SRTMGL1\S15W071.hgt,,EPSG:4326,-71.000139,-15.000139,-69.999861,-13.999861,0.00027778,0.00027778,3601.0,3601.0,1.0,int16,-32768.0,24.73
srtm,raster,S15W072.hgt,D:\VisualCode\Tesis\deforestation-forecast\data\raw\variables-locales\elevacion\S15W072.SRTMGL1\S15W072.hgt,,EPSG:4326,-72.000139,-15.000139,-70.999861,-13.999861,0.00027778,0.00027778,3601.0,3601.0,1.0,int16,-32768.0,24.73
srtm,raster,S15W073.hgt,D:\VisualCode\Tesis\deforestation-forecast\data\raw\variables-locales\elevacion\S15W073.SRTMGL1\S15W073.hgt,,EPSG:4326,-73.000139,-15.000139,-71.999861,-13.999861,0.00027778,0.00027778,3601.0,3601.0,1.0,int16,-32768.0,24.73
srtm,raster,S15W074.hgt,D:\VisualCode\Tesis\deforestation-forecast\data\raw\variables-locales\elevacion\S15W074.SRTMGL1\S15W074.hgt,,EPSG:4326,-74.000139,-15.000139,-72.999861,-13.999861,0.00027778,0.00027778,3601.0,3601.0,1.0,int16,-32768.0,24.73
srtm,raster,S15W075.hgt,D:\VisualCode\Tesis\deforestation-forecast\data\raw\variables-locales\elevacion\S15W075.SRTMGL1\S15W075.hgt,,EPSG:4326,-75.000139,-15.000139,-73.999861,-13.999861,0.00027778,0.00027778,3601.0,3601.0,1.0,int16,-32768.0,24.73
srtm,raster,S15W076.hgt,D:\VisualCode\Tesis\deforestation-forecast\data\raw\variables-locales\elevacion\S15W076.SRTMGL1\S15W076.hgt,,EPSG:4326,-76.000139,-15.000139,-74.999861,-13.999861,0.00027778,0.00027778,3601.0,3601.0,1.0,int16,-32768.0,24.73
srtm,raster,S15W077.hgt,D:\VisualCode\Tesis\deforestation-forecast\data\raw\variables-locales\elevacion\S15W077.SRTMGL1\S15W077.hgt,,EPSG:4326,-77.000139,-15.000139,-75.999861,-13.999861,0.00027778,0.00027778,3601.0,3601.0,1.0,int16,-32768.0,24.73
srtm,raster,S16W069.hgt,D:\VisualCode\Tesis\deforestation-forecast\data\raw\variables-locales\elevacion\S16W069.SRTMGL1\S16W069.hgt,,EPSG:4326,-69.000139,-16.000139,-67.999861,-14.999861,0.00027778,0.00027778,3601.0,3601.0,1.0,int16,-32768.0,24.73
srtm,raster,S16W070.hgt,D:\VisualCode\Tesis\deforestation-forecast\data\raw\variables-locales\elevacion\S16W070.SRTMGL1\S16W070.hgt,,EPSG:4326,-70.000139,-16.000139,-68.999861,-14.999861,0.00027778,0.00027778,3601.0,3601.0,1.0,int16,-32768.0,24.73
srtm,raster,S16W071.hgt,D:\VisualCode\Tesis\deforestation-forecast\data\raw\variables-locales\elevacion\S16W071.SRTMGL1\S16W071.hgt,,EPSG:4326,-71.000139,-16.000139,-69.999861,-14.999861,0.00027778,0.00027778,3601.0,3601.0,1.0,int16,-32768.0,24.73
srtm,raster,S16W072.hgt,D:\VisualCode\Tesis\deforestation-forecast\data\raw\variables-locales\elevacion\S16W072.SRTMGL1\S16W072.hgt,,EPSG:4326,-72.000139,-16.000139,-70.999861,-14.999861,0.00027778,0.00027778,3601.0,3601.0,1.0,int16,-32768.0,24.73
srtm,raster,S16W073.hgt,D:\VisualCode\Tesis\deforestation-forecast\data\raw\variables-locales\elevacion\S16W073.SRTMGL1\S16W073.hgt,,EPSG:4326,-73.000139,-16.000139,-71.999861,-14.999861,0.00027778,0.00027778,3601.0,3601.0,1.0,int16,-32768.0,24.73
srtm,raster,S16W074.hgt,D:\VisualCode\Tesis\deforestation-forecast\data\raw\variables-locales\elevacion\S16W074.SRTMGL1\S16W074.hgt,,EPSG:4326,-74.000139,-16.000139,-72.999861,-14.999861,0.00027778,0.00027778,3601.0,3601.0,1.0,int16,-32768.0,24.73
srtm,raster,S16W075.hgt,D:\VisualCode\Tesis\deforestation-forecast\data\raw\variables-locales\elevacion\S16W075.SRTMGL1\S16W075.hgt,,EPSG:4326,-75.000139,-16.000139,-73.999861,-14.999861,0.00027778,0.00027778,3601.0,3601.0,1.0,int16,-32768.0,24.73
srtm,raster,S16W076.hgt,D:\VisualCode\Tesis\deforestation-forecast\data\raw\variables-locales\elevacion\S16W076.SRTMGL1\S16W076.hgt,,EPSG:4326,-76.000139,-16.000139,-74.999861,-14.999861,0.00027778,0.00027778,3601.0,3601.0,1.0,int16,-32768.0,24.73
srtm,raster,S17W069.hgt,D:\VisualCode\Tesis\deforestation-forecast\data\raw\variables-locales\elevacion\S17W069.SRTMGL1\S17W069.hgt,,EPSG:4326,-69.000139,-17.000139,-67.999861,-15.999861,0.00027778,0.00027778,3601.0,3601.0,1.0,int16,-32768.0,24.73
srtm,raster,S17W070.hgt,D:\VisualCode\Tesis\deforestation-forecast\data\raw\variables-locales\elevacion\S17W070.SRTMGL1\S17W070.hgt,,EPSG:4326,-70.000139,-17.000139,-68.999861,-15.999861,0.00027778,0.00027778,3601.0,3601.0,1.0,int16,-32768.0,24.73
srtm,raster,S17W071.hgt,D:\VisualCode\Tesis\deforestation-forecast\data\raw\variables-locales\elevacion\S17W071.SRTMGL1\S17W071.hgt,,EPSG:4326,-71.000139,-17.000139,-69.999861,-15.999861,0.00027778,0.00027778,3601.0,3601.0,1.0,int16,-32768.0,24.73
srtm,raster,S17W072.hgt,D:\VisualCode\Tesis\deforestation-forecast\data\raw\variables-locales\elevacion\S17W072.SRTMGL1\S17W072.hgt,,EPSG:4326,-72.000139,-17.000139,-70.999861,-15.999861,0.00027778,0.00027778,3601.0,3601.0,1.0,int16,-32768.0,24.73
srtm,raster,S17W073.hgt,D:\VisualCode\Tesis\deforestation-forecast\data\raw\variables-locales\elevacion\S17W073.SRTMGL1\S17W073.hgt,,EPSG:4326,-73.000139,-17.000139,-71.999861,-15.999861,0.00027778,0.00027778,3601.0,3601.0,1.0,int16,-32768.0,24.73
srtm,raster,S17W074.hgt,D:\VisualCode\Tesis\deforestation-forecast\data\raw\variables-locales\elevacion\S17W074.SRTMGL1\S17W074.hgt,,EPSG:4326,-74.000139,-17.000139,-72.999861,-15.999861,0.00027778,0.00027778,3601.0,3601.0,1.0,int16,-32768.0,24.73
srtm,raster,S17W075.hgt,D:\VisualCode\Tesis\deforestation-forecast\data\raw\variables-locales\elevacion\S17W075.SRTMGL1\S17W075.hgt,,EPSG:4326,-75.000139,-17.000139,-73.999861,-15.999861,0.00027778,0.00027778,3601.0,3601.0,1.0,int16,-32768.0,24.73
srtm,raster,S18W069.hgt,D:\VisualCode\Tesis\deforestation-forecast\data\raw\variables-locales\elevacion\S18W069.SRTMGL1\S18W069.hgt,,EPSG:4326,-69.000139,-18.000139,-67.999861,-16.999861,0.00027778,0.00027778,3601.0,3601.0,1.0,int16,-32768.0,24.73
srtm,raster,S18W070.hgt,D:\VisualCode\Tesis\deforestation-forecast\data\raw\variables-locales\elevacion\S18W070.SRTMGL1\S18W070.hgt,,EPSG:4326,-70.000139,-18.000139,-68.999861,-16.999861,0.00027778,0.00027778,3601.0,3601.0,1.0,int16,-32768.0,24.73
srtm,raster,S18W071.hgt,D:\VisualCode\Tesis\deforestation-forecast\data\raw\variables-locales\elevacion\S18W071.SRTMGL1\S18W071.hgt,,EPSG:4326,-71.000139,-18.000139,-69.999861,-16.999861,0.00027778,0.00027778,3601.0,3601.0,1.0,int16,-32768.0,24.73
srtm,raster,S18W072.hgt,D:\VisualCode\Tesis\deforestation-forecast\data\raw\variables-locales\elevacion\S18W072.SRTMGL1\S18W072.hgt,,EPSG:4326,-72.000139,-18.000139,-70.999861,-16.999861,0.00027778,0.00027778,3601.0,3601.0,1.0,int16,-32768.0,24.73
srtm,raster,S18W073.hgt,D:\VisualCode\Tesis\deforestation-forecast\data\raw\variables-locales\elevacion\S18W073.SRTMGL1\S18W073.hgt,,EPSG:4326,-73.000139,-18.000139,-71.999861,-16.999861,0.00027778,0.00027778,3601.0,3601.0,1.0,int16,-32768.0,24.73
srtm,raster,S19W070.hgt,D:\VisualCode\Tesis\deforestation-forecast\data\raw\variables-locales\elevacion\S19W070.SRTMGL1\S19W070.hgt,,EPSG:4326,-70.000139,-19.000139,-68.999861,-17.999861,0.00027778,0.00027778,3601.0,3601.0,1.0,int16,-32768.0,24.73
srtm,raster,S19W071.hgt,D:\VisualCode\Tesis\deforestation-forecast\data\raw\variables-locales\elevacion\S19W071.SRTMGL1\S19W071.hgt,,EPSG:4326,-71.000139,-19.000139,-69.999861,-17.999861,0.00027778,0.00027778,3601.0,3601.0,1.0,int16,-32768.0,24.73
