geocode,departamento,distrito,pendiente_media_deg,pendiente_mediana_deg,pendiente_std_deg,pendiente_min_deg,pendiente_max_deg,pendiente_count_px
250305,Ucayali,Alexander Von Humboldt,5.6317592779115655,4.75020694732666,3.790750575087503,0.007865501567721367,32.601112365722656,218422
220509,San Martin,Shanao,12.59910462805772,12.105783462524414,5.3993637442167195,0.08774836361408234,37.563533782958984,25918
250304,Ucayali,Neshuya,4.308462760058822,3.4370105266571045,3.189678327257663,0.0015815255464985967,29.833127975463867,663696
220501,San Martin,Lamas,11.7498140447889,11.062705993652344,5.68946401737726,0.05937601625919342,53.759647369384766,137802
220902,San Martin,Alberto Leveau,13.261002267573696,11.937318801879883,7.518878905677887,0.0,54.466285705566406,55125
250102,Ucayali,Campoverde,3.085072601553909,2.5522401332855225,2.1571340202952736,0.0,21.57019805908203,1410507
220702,San Martin,Buenos Aires,12.869905166065026,12.426294326782227,7.374140785507878,0.0,52.06822204589844,331316
220502,San Martin,Alonso De Alvarado,16.75566845258853,15.554207801818848,8.50479015776522,0.015097927302122116,65.35348510742188,315430
220404,San Martin,Piscoyacu,13.709944614259216,13.083776473999023,7.725108369186721,0.0055933743715286255,72.6736068725586,191385
220708,San Martin,Shamboyacu,12.287494074779868,11.420515060424805,6.005828026834109,0.029273876920342445,50.40345001220703,417706
220204,San Martin,Huallaga,11.824228026327363,11.436315536499023,6.923772269700723,1.2722218874358041e-14,42.229217529296875,272872
220605,San Martin,Pajarillo,10.681869017840532,9.902379989624023,7.06819107591169,0.0,63.55684280395508,483730
010703,Amazonas,Cumba,16.294408764756767,14.517597198486328,9.206691025672676,0.0,74.25618743896484,321378
220704,San Martin,Pilluana,12.106168947137048,11.204231262207031,8.627612536574016,0.0,61.24089813232422,72792
220104,San Martin,Jepelacio,14.913068325518958,13.833191871643066,8.576911479682801,0.007801698055118322,57.703548431396484,411208
220505,San Martin,Cuñumbuqui,13.7082982906027,12.858444213867188,6.925208019332755,0.031523048877716064,55.077369689941406,193811
220507,San Martin,Rumisapa,9.311022919903941,8.910677909851074,5.365573307628503,0.03823147714138031,32.7862663269043,35395
220913,San Martin,Sauce,12.637643956617346,11.50880241394043,8.526615818580494,0.0,65.73089599609375,107324
010608,Amazonas,Milpuc,17.007620085666208,15.763442993164062,9.94586060732753,0.07138644903898239,74.67115783691406,45759
220405,San Martin,Sacanche,14.626040305485379,14.458565711975098,8.301034837018678,0.00800476223230362,65.97381591796875,172185
220709,San Martin,Tingo De Ponasa,11.118235386417256,10.813653945922852,6.533537558770838,6.361109437179021e-15,44.331939697265625,356894
220304,San Martin,Santa Rosa,13.011476049246864,12.660371780395508,7.232031539189343,0.0,56.6525764465332,265357
100903,Huanuco,Honoria,3.742297173930694,2.931560516357422,2.953080560275259,0.0,36.04154586791992,1009954
220203,San Martin,Bajo Biavo,11.940898450021804,11.670441627502441,6.687592664405526,0.0,47.00613021850586,1194791
220710,San Martin,Tres Unidos,12.317190816618947,11.548139572143555,6.33031925937356,0.03327052667737007,58.41633224487305,394321
220510,San Martin,Tabalosos,18.68911569568162,17.355085372924805,9.463947325464574,0.05326489731669426,65.91999053955078,385399
100904,Huanuco,Tournavista,7.610008984027436,5.912111282348633,6.646064655559881,0.0,73.07129669189453,1852176
010701,Amazonas,Bagua Grande,12.392623874236348,11.131779670715332,7.912584641734807,0.005697155836969614,76.72774505615234,776695
220701,San Martin,Picota,9.13230303318519,8.388668060302734,6.965154025883898,0.0,48.84865951538086,231308
220403,San Martin,El Eslabon,13.132414711510933,13.106483459472656,7.555957363434072,0.00621534651145339,55.54011154174805,132726
250105,Ucayali,Yarinacocha,2.4577679163725055,2.0910511016845703,1.8601755256921846,0.0,46.7134895324707,703979
220914,San Martin,Shapaja,17.90913347928143,15.51437759399414,11.029273365235838,0.0,70.41687774658203,253058
010707,Amazonas,Yamon,21.272441310004982,19.03046226501465,11.547234126566657,0.05341191962361336,86.35379028320312,144488
010705,Amazonas,Jamalca,18.656199357119554,15.727462768554688,11.010819883259886,0.021434098482131958,75.57108306884766,373942
220205,San Martin,San Pablo,11.386668303991925,10.948934555053711,7.493652217698466,0.0,66.25708770751953,370523
220705,San Martin,Pucacaca,10.201618913164229,9.789180755615234,7.385306610489953,0.0,49.50005340576172,216040
220601,San Martin,Juanjui,14.148443842179566,14.05077838897705,7.9252896359288325,0.0,61.08845138549805,476719
100905,Huanuco,Yuyapichis,7.5662468953767545,5.72114896774292,6.871926522748637,0.0,86.99339294433594,2198737
100608,Huanuco,Castillo Grande,14.469489633317428,11.669343948364258,12.038988634785431,0.016212647780776024,68.59260559082031,111077
220302,San Martin,Agua Blanca,14.271170589140132,12.689579010009766,8.594295342321832,0.024779854342341423,67.02787017822266,162525
250306,Ucayali,Huipoca,6.934779492684263,6.200527667999268,4.21590344049323,0.0,39.782081604003906,627893
010611,Amazonas,Totora,16.01095747889023,15.110610961914062,11.130212368375936,0.03693193942308426,57.16497802734375,20725
010706,Amazonas,Lonya Grande,21.597909319834454,20.68942642211914,8.60514600760722,0.13387680053710938,76.70270538330078,388773
220706,San Martin,San Cristobal,9.44159679282993,8.518274307250977,7.741614263752661,0.0,42.963897705078125,32022
010303,Amazonas,Churuja,17.428574323527677,14.142535209655762,11.696105641622943,0.1259317845106125,71.37265014648438,33926
220301,San Martin,San Jose De Sisa,14.752049610779446,12.811927795410156,9.117039502903769,0.015096347779035568,68.61140441894531,328477
010204,Amazonas,El Parco,11.193380514895372,10.176713943481445,6.45752569452728,0.09342217445373535,38.61885452270508,19402
010306,Amazonas,Florida,20.641341159579408,19.8338623046875,10.612842389245067,0.0,76.2088851928711,236810
220303,San Martin,San Martin,18.197936392853666,17.182485580444336,8.547664463625818,0.03675904497504234,67.16429138183594,554466
220106,San Martin,Yantalo,3.965808436918597,2.677889347076416,4.603551635766767,0.002253887476399541,65.23772430419922,74174
220305,San Martin,Shatoja,12.188995464389018,10.130762100219727,8.877469186017647,0.015912067145109177,64.15214538574219,66033
010104,Amazonas,Cheto,20.287102780039238,19.323413848876953,9.837354438889413,0.08780946582555771,70.52091217041016,74927
160201,Loreto,Yurimaguas,4.152954393385628,3.5753328800201416,2.813437670412288,0.0,26.93938636779785,2379304
060901,Cajamarca,San Ignacio,21.174424590043387,21.252220153808594,9.125412698483581,2.5444437748716082e-14,67.34554290771484,380772
220511,San Martin,Zapatero,11.752656151555458,10.844931602478027,5.999122358096977,0.05503122881054878,50.8655891418457,185701
060811,Cajamarca,San Jose Del Alto,25.31547619047619,25.508575439453125,9.319323121664706,0.03400404006242752,87.10496520996094,538944
010206,Amazonas,La Peca,17.80880387967579,15.714123725891113,10.33511948576859,0.06487768888473511,75.0916976928711,147435
220401,San Martin,Saposoa,15.29412942080526,14.440759658813477,8.32749002137561,0.025254331529140472,72.60932922363281,559570
060902,Cajamarca,Chirinos,19.376185792320985,19.474609375,9.67774109303038,0.021955544129014015,67.3071517944336,380231
220908,San Martin,Juan Guerra,10.917960500586625,9.709821701049805,8.304379906810787,0.0,57.81462478637695,204560
060904,Cajamarca,La Coipa,22.57160926902701,22.538951873779297,8.717856305181952,0.036715131253004074,66.88947296142578,432451
220808,San Martin,Yorongos,13.807711849810541,9.045049667358398,12.770338592584805,0.008752413094043732,64.82732391357422,87090
120607,Junin,Rio Negro,20.84518261686055,21.304155349731445,9.94105494643666,0.022449782118201256,63.457740783691406,519722
060812,Cajamarca,Santa Rosa,17.998033653730335,16.423587799072266,9.927136429541946,1.2722218874358041e-14,69.36502838134766,332088
250106,Ucayali,Nueva Requena,4.179550950512095,3.245948314666748,3.400437892833476,0.0,36.794029235839844,2193344
220802,San Martin,Awajun,15.279624729951568,10.053606033325195,14.51003394509025,0.0,83.08671569824219,539718
250302,Ucayali,Irazola,6.919961047416163,6.311209678649902,3.9387349018701485,0.0029607766773551702,42.982730865478516,1998327
010109,Amazonas,La Jalca,18.356353852320773,17.57045555114746,8.455013574837253,0.041675008833408356,66.6390380859375,132219
220906,San Martin,El Porvenir,4.8934193377493616,3.5658509731292725,4.195529744006166,0.0,36.59258270263672,520981
220707,San Martin,San Hilarion,7.2678721462837315,4.840554714202881,6.382280037118743,0.0,31.487003326416016,110689
220806,San Martin,Posic,2.373367553970323,1.9752898216247559,1.6667407118106434,7.196773423511979e-14,13.25793743133545,56003
220406,San Martin,Tingo De Saposoa,11.347344800672431,10.507598876953125,8.38914108890139,0.0,45.510372161865234,49968
100901,Huanuco,Puerto Inca,9.596428296283019,6.772292137145996,8.908310468924304,0.0,74.27779388427734,2544108
010105,Amazonas,Chiliquin,22.626385181456286,21.408058166503906,9.891885038735087,0.14556574821472168,71.42198944091797,150973
220105,San Martin,Soritor,16.68475313737511,16.01797866821289,8.966181863656063,0.0010845628567039967,80.64918518066406,621459
220201,San Martin,Bellavista,9.245639713816052,7.021826267242432,7.912001759992286,0.0,43.620948791503906,276186
060803,Cajamarca,Chontali,25.005791185584943,25.39867401123047,10.076229490592716,1.0177775099486433e-13,82.80268859863281,494372
100605,Huanuco,Luyando,12.595581351214575,10.203742980957031,10.761944602197905,0.004540599882602692,71.3669662475586,118560
010307,Amazonas,Jazan,25.035460784435067,24.44512176513672,10.6756120887593,0.1137886494398117,76.09172821044922,80797
010502,Amazonas,Camporredondo,24.571237048490794,23.74475860595703,8.915933270563864,0.07477612048387527,86.86687469482422,233467
010515,Amazonas,Providencia,30.55216817435534,30.91959571838379,8.921243867083517,0.07277557253837585,69.64330291748047,124252
010102,Amazonas,Asuncion,19.702647794849717,18.61095428466797,8.933207358137762,0.17051421105861664,62.822689056396484,37163
010510,Amazonas,Luya Viejo,21.26532006920415,19.34807586669922,11.572444169034611,0.15436773002147675,72.50727844238281,72250
100601,Huanuco,Rupa-Rupa,15.712467913590217,15.439995765686035,10.341167258735164,0.018313173204660416,72.26066589355469,277376
010514,Amazonas,Pisuquia,28.50384170189167,28.92066764831543,10.054593026921161,0.12562088668346405,72.55948638916016,310149
060810,Cajamarca,San Felipe,24.402077319192575,24.82509994506836,8.949307611044437,0.013476992957293987,65.9985122680664,274007
010305,Amazonas,Cuispes,20.590673789201485,18.993738174438477,10.444216574733241,0.06120584160089493,85.80130004882812,102866
060905,Cajamarca,Namballe,25.167111566762344,25.306560516357422,8.911086913648916,0.0477006658911705,68.5082778930664,676931
010119,Amazonas,San Isidro De Maino,19.48966026587888,18.82915496826172,7.948030798460528,0.10520921647548676,64.84716796875,115090
060801,Cajamarca,Jaen,21.516720077558,21.709178924560547,9.740618005662567,0.00257654907181859,71.32347869873047,594136
010513,Amazonas,Ocumal,26.740778052318465,26.118608474731445,9.694318848689827,0.16861142218112946,72.69013214111328,388123
220912,San Martin,San Antonio,17.889018677574914,14.659584045410156,11.156067470007066,0.05844668671488762,74.53359985351562,83362
220903,San Martin,Cacatachi,6.097718227319938,4.924776554107666,5.041199252967268,0.0008433540351688862,38.485164642333984,55842
120602,Junin,Coviriali,20.880949400606614,21.61664581298828,9.609516506614506,0.03798595443367958,59.38279724121094,103855
120304,Junin,San Luis De Shuaro,20.145522041876635,18.915359497070312,9.960753382690694,0.06275913864374161,67.03392791748047,204792
120601,Junin,Satipo,21.0923445819588,21.297563552856445,9.618652048450677,0.010300464928150177,72.57508850097656,867869
010203,Amazonas,Copallin,15.96262022871857,13.931848526000977,10.000139129034697,0.022045399993658066,68.99068450927734,105632
010112,Amazonas,Magdalena,19.61419877101706,18.261690139770508,9.149592509677339,0.1313810646533966,74.50968933105469,144347
220102,San Martin,Calzada,3.7176856487782746,2.260159492492676,4.723973671111472,0.0,67.55119323730469,123432
060805,Cajamarca,Huabal,22.113339768339767,22.473140716552734,8.253923513813847,0.11985724419355392,56.74445724487305,90650
010610,Amazonas,Santa Rosa,13.483855302222016,13.058476448059082,5.796182209931529,0.18211495876312256,49.82512283325195,21557
220503,San Martin,Barranquita,8.565092411586992,4.931554317474365,9.393781919032378,0.0009809518232941628,74.8501968383789,1125400
220801,San Martin,Rioja,9.882533828101133,4.6313676834106445,11.516288103559296,3.5983867117559895e-14,85.78455352783203,222596
220703,San Martin,Caspisapa,9.430268141822586,8.865485191345215,7.292107374991709,0.0,38.17611312866211,80918
080904,Cusco,Maranura,27.839070366801423,28.494945526123047,10.415977733240341,0.058349609375,73.10472869873047,175381
010117,Amazonas,Quinjalca,15.8860436741334,14.043224334716797,9.157043294508282,0.017807113006711006,67.67314910888672,87901
250303,Ucayali,Curimana,7.428274235888242,6.586493968963623,4.786477793874287,0.0,56.1746940612793,1999184
010308,Amazonas,Recta,16.85762565208668,12.241337776184082,11.796530826759197,0.10784485936164856,67.16533660888672,29904
010115,Amazonas,Montevideo,20.65512481219064,19.20413589477539,10.206391984397385,0.09338626265525818,76.59700775146484,131117
010114,Amazonas,Molinopampa,15.803563008897871,14.813225746154785,8.362260478509011,0.013448060490190983,77.18585205078125,362671
010503,Amazonas,Cocabamba,29.94299609343857,31.09119415283203,10.349830917896496,0.031824126839637756,75.4596939086914,363747
060809,Cajamarca,Sallique,25.90949698127471,26.147533416748047,9.364338735055481,0.0,84.41941833496094,391556
010120,Amazonas,Soloco,20.352337750338805,19.781139373779297,8.71749045252846,0.1986667960882187,66.56170654296875,79692
010521,Amazonas,Santo Tomas,22.980908749765465,22.805801391601562,8.91141601191055,0.11944229155778885,72.42401123046875,95934
100113,Huanuco,San Pablo De Pillao,26.33539956361977,25.442302703857422,11.957477993383174,0.12127148360013962,86.85782623291016,631101
010602,Amazonas,Chirimoto,20.017228542134557,18.305374145507812,10.749510172431533,0.014769760891795158,72.59369659423828,163856
100603,Huanuco,Hermilio Valdizan,18.403183682598787,18.555023193359375,7.825018405348197,0.0260921623557806,59.559505462646484,304019
010111,Amazonas,Levanto,20.463671463671464,18.703880310058594,10.204400833664202,0.06117793917655945,73.52079772949219,79772
010518,Amazonas,San Jeronimo,24.941897652179797,24.35175895690918,12.098606929209602,0.06574367731809616,77.7254409790039,221695
010609,Amazonas,Omia,21.759011281298726,20.639245986938477,10.006681150105162,0.06890785694122314,76.20709228515625,239866
100902,Huanuco,Codo Del Pozuzo,14.550160434667884,9.320080757141113,12.824441153792241,0.0,80.31953430175781,3429745
010113,Amazonas,Mariscal Castilla,16.897575310522058,16.166662216186523,8.045612660107745,0.052695516496896744,64.02235412597656,84052
220101,San Martin,Moyobamba,11.582030490166433,9.998327255249023,8.386985164278308,2.5444437748716082e-14,70.02958679199219,2873779
010310,Amazonas,Shipasbamba,29.559614363392942,28.688827514648438,12.451486085813038,0.13849319517612457,75.08092498779297,133701
100103,Huanuco,Chinchao,27.301161120797794,27.23735809326172,9.582110833182174,0.042766861617565155,78.78311920166016,858567
010311,Amazonas,Valera,23.17973266981597,20.477149963378906,13.317932444512957,0.13606220483779907,75.47772216796875,83193
060907,Cajamarca,Tabaconas,26.72921297601574,27.203346252441406,9.871109942096949,0.0,87.08978271484375,826417
160112,Loreto,Belen,2.5115850440030316,1.971797227859497,2.428342908607667,0.0,58.43915939331055,695293
200307,Piura,Sondor,27.113876356741205,28.220544815063477,10.746132091560774,0.07421563565731049,72.83181762695312,367056
220803,San Martin,Elias Soplin Vargas,19.06820801400872,18.92066764831543,13.133013510717277,7.196773423511979e-14,85.02255249023438,180459
010506,Amazonas,Inguilpata,22.54542002547287,21.9664306640625,9.572291463068545,0.09459684044122696,75.77179718017578,126409
220506,San Martin,Pinto Recodo,17.7338493184701,15.9259614944458,10.260194647579324,0.0074316514655947685,84.98876953125,596012
120303,Junin,Pichanaqui,21.32905354224278,21.033893585205078,9.859070419336394,0.0,88.16615295410156,1322806
010202,Amazonas,Aramango,24.107581854043392,23.889230728149414,10.345147979454527,0.0,77.27885437011719,823875
010606,Amazonas,Longar,18.943098952389647,16.876766204833984,13.034194434682135,0.0016998326173052192,72.27854919433594,87628
160101,Loreto,Iquitos,2.978914810728903,2.5475668907165527,2.0945701107717913,0.0,22.585243225097656,390683
010507,Amazonas,Longuita,24.208840123387727,23.972047805786133,8.78926199493089,0.0493275448679924,70.28055572509766,62567
221001,San Martin,Tocache,15.741078302285585,14.643193244934082,11.70863219717745,0.0,69.3488540649414,1071629
010511,Amazonas,Maria,26.070590876532783,26.457496643066406,7.652537125332895,0.3787219524383545,66.477783203125,93539
080901,Cusco,Santa Ana,28.10083918799393,28.934173583984375,10.651150459713882,0.036422401666641235,73.06625366210938,417189
120302,Junin,Perene,21.58271792324624,21.27912712097168,9.867457870853846,0.0020182994194328785,73.34423828125,1586476
050409,Ayacucho,Canayre,24.08094742685179,24.86421012878418,12.410058165572634,0.0,74.94373321533203,286439
221002,San Martin,Nuevo Progreso,15.379469365208626,14.696647644042969,10.203291609219317,0.0,71.19571685791016,878005
200303,Piura,El Carmen De La Frontera,26.397496087636934,26.67285919189453,10.326328974133068,0.0,78.10821533203125,702900
100609,Huanuco,Pueblo Nuevo,13.91843716716009,13.617284774780273,9.51154801514995,2.5444437748716082e-14,61.238426208496094,340817
080903,Cusco,Huayopata,30.182889570964807,30.85549545288086,10.900451739089284,0.06131749972701073,74.9134521484375,564942
010604,Amazonas,Huambo,10.865590853599574,10.025437355041504,7.6794236551214485,0.0,49.81751251220703,82732
100505,Huanuco,Jircan,25.657781668666757,25.65778923034668,9.439872502920354,0.030181949958205223,76.12086486816406,254155
010512,Amazonas,Ocalli,26.071972959712152,25.22749137878418,10.127504773566894,0.09568408131599426,79.1314926147461,183430
010101,Amazonas,Chachapoyas,20.772515585004104,20.089332580566406,10.811424772060322,0.03877515718340874,71.10832977294922,163298
060903,Cajamarca,Huarango,19.82789147985485,18.410503387451172,10.733243471148086,0.02815551869571209,78.18817901611328,969737
010116,Amazonas,Olleros,19.087435523413678,18.17123031616211,9.385596712166636,0.05341271311044693,65.64839172363281,113801
010605,Amazonas,Limabamba,21.470242783955253,20.875438690185547,10.528922090218614,0.0,87.53482055664062,655068
100804,Huanuco,Umari,24.210960157385205,23.369705200195312,9.051140305531979,0.03922023996710777,69.49190521240234,167233
220504,San Martin,Caynarachi,12.326034651011437,6.945035457611084,11.999856307730136,1.2722218874358041e-14,79.74752807617188,1353669
080905,Cusco,Ocobamba,29.355717472571815,29.70147705078125,10.536535930321783,0.0,76.89310455322266,919401
010517,Amazonas,San Francisco Del Yeso,23.850756934698257,23.30988311767578,9.70505916205893,0.13188277184963226,71.73003387451172,193808
120609,Junin,Vizcatán Del Ene,25.915460412861275,26.411144256591797,12.9603535246598,0.0,77.71125793457031,646561
060807,Cajamarca,Pomahuaca,27.159193782462133,28.049617767333984,9.62633933550576,0.007985363714396954,75.80686950683594,868897
010304,Amazonas,Corosha,19.48062971243205,18.845027923583984,8.796694414318274,0.11883805692195892,63.11974334716797,68436
221005,San Martin,Uchiza,14.324145841893591,12.451949119567871,11.571126221858993,0.0,67.9620590209961,642504
220807,San Martin,San Fernando,2.0946915692424675,1.7439631223678589,1.468039373200366,0.0,13.139289855957031,73647
050512,Ayacucho,Union Progreso,16.903493751502044,16.426685333251953,8.656239185974444,0.0,65.7581558227539,41610
060804,Cajamarca,Colasay,24.76462217250808,24.978435516357422,9.493032270889735,0.015004370361566544,67.36548614501953,643680
160503,Loreto,Capelo,2.1739910561151348,1.759730577468872,1.8214470979239312,0.0,35.26906967163086,852426
220910,San Martin,Morales,6.294031405242085,4.702601432800293,5.234800284530892,0.020142298191785812,35.03032302856445,53948
120604,Junin,Mazamari,17.395317655841733,16.83342170715332,8.743140936430587,0.0,71.85446166992188,1339500
120603,Junin,Llaylla,23.788711835172435,23.537128448486328,12.594055519815099,0.009279567748308182,88.8014907836914,328149
010520,Amazonas,Santa Catalina,23.196910273851742,22.767642974853516,10.7785045672204,0.07759446650743484,73.9201889038086,175679
010603,Amazonas,Cochamal,19.678839646241837,19.196426391601562,9.370339884583611,0.014335816726088524,68.62899017333984,192674
120209,Junin,Mariscal Castilla,32.66741138542746,33.591331481933594,10.938022835027947,0.2030075043439865,72.41425323486328,59866
010601,Amazonas,San Nicolas,18.538130844555493,17.685930252075195,9.523746786944761,1.0177775099486433e-13,65.61268615722656,108862
010519,Amazonas,San Juan De Lopecancha,25.725502608128668,24.81056785583496,11.3184669109838,0.11050000786781311,75.5576400756836,92020
160211,Loreto,Teniente Cesar Lopez Rojas,4.403054750818555,3.8173770904541016,2.9956194411291177,0.0,34.638031005859375,1405221
080408,Cusco,Yanatile,29.7851926129169,30.441974639892578,9.973844156743024,0.0,78.16596221923828,2125169
050408,Ayacucho,Llochegua,25.684925543850447,25.908832550048828,11.541856873290431,0.0,86.79900360107422,549048
100507,Huanuco,Monzon,26.449981663557057,27.03365135192871,10.753446527108565,0.0,80.25115203857422,1494292
081304,Cusco,Machupicchu,35.08118162664609,35.86893081665039,11.519426118231694,0.11029450595378876,77.21520233154297,384927
220909,San Martin,La Banda De Shilcayo,17.86704146244349,15.654924392700195,11.782158083293321,0.00659993477165699,75.81156921386719,283799
220103,San Martin,Habana,2.3979100288595365,1.8398114442825317,1.9244173779322489,0.0,17.454347610473633,73286
100606,Huanuco,Mariano Damaso Beraun,24.511239716854792,24.3970890045166,10.626433142679609,0.018507977947592735,77.93917083740234,794504
010508,Amazonas,Lonya Chico,18.688148380482147,17.651935577392578,9.202672564511515,0.051426000893116,72.50448608398438,74127
170102,Madre De Dios,Inambari,3.7853558509142107,2.594919443130493,3.7462782799776653,0.0,61.396114349365234,5197598
050502,Ayacucho,Anco,28.890622588259507,29.50584602355957,11.428257183182785,0.0,88.39016723632812,796883
010523,Amazonas,Trita,12.097082494969818,9.878414154052734,8.693748715362872,0.07920675724744797,61.958614349365234,14910
010516,Amazonas,San Cristobal,23.199022272655302,19.527006149291992,14.6848418687015,0.10968974232673645,75.45984649658203,37894
080918,Cusco,Union Ashaninka,20.509164798120544,18.83634376525879,11.953940486968154,0.0,71.63152313232422,326903
221006,San Martin,Santa Lucia,5.389060356052757,2.5438015460968018,6.674980027067673,0.0,60.451847076416016,285688
100702,Huanuco,Cholon,24.557133004308376,25.175256729125977,11.612850475669802,0.0,81.53645324707031,2344503
211205,Puno,Phara,30.305472684003586,30.849849700927734,11.251829749475025,2.0355550198972866e-13,82.6297836303711,463904
170204,Madre De Dios,Huepetuhe,11.623843746797348,10.524065971374512,7.775243503860405,0.0,56.265708923339844,1629509
010302,Amazonas,Chisquilla,21.03622795626616,19.152448654174805,11.016464020820491,0.034127745777368546,77.46243286132812,172498
050507,Ayacucho,Santa Rosa,24.37865880007049,24.281721115112305,12.50249446966266,0.0,76.53491973876953,414241
220804,San Martin,Nueva Cajamarca,17.94593474577938,16.789464950561523,14.522317088276802,0.0,82.0994644165039,355931
220809,San Martin,Yuracyacu,2.0030946161522993,1.6388146877288818,1.4694143590075128,2.5444437748716082e-14,13.955669403076172,66133
160603,Loreto,Padre Marquez,3.890004543704809,3.0217013359069824,3.2090893153466853,0.0,47.96266174316406,2592598
010522,Amazonas,Tingo,26.69485426954113,26.530590057373047,10.489338039858628,0.13733907043933868,74.86348724365234,116242
080906,Cusco,Quellouno,26.929302248288785,27.362258911132812,9.279130918770388,0.00987289845943451,73.79520416259766,2094126
010301,Amazonas,Jumbilla,20.682092543437008,19.487628936767578,10.24961359191807,0.023311113938689232,70.27356719970703,169153
080917,Cusco,Manitea,26.061087261402317,25.471494674682617,11.277910220947538,0.0,83.07549285888672,151877
