geocode,departamento,distrito,elev_media_m,elev_mediana_m,elev_std_m,elev_min_m,elev_max_m,elev_count_px
250305,Ucayali,Alexander Von Humboldt,244.2809365925045,240.0,23.044734520121963,196.0,350.0,218665
220509,San Martin,Shanao,501.2741197456181,497.0,133.7168165735748,260.0,849.0,25788
250304,Ucayali,Neshuya,219.36252130343925,212.0,30.477875743714495,163.0,366.0,664212
220501,San Martin,Lamas,666.9343310578214,665.0,201.2148876101147,230.0,1315.0,137112
220902,San Martin,Alberto Leveau,570.5563913882919,589.0,220.55181394817092,184.0,1017.0,54902
250102,Ucayali,Campoverde,190.13452432672634,188.0,26.54721577186809,136.0,274.0,1410979
220702,San Martin,Buenos Aires,507.9364375058722,487.0,197.07675909715852,187.0,1178.0,329943
220502,San Martin,Alonso De Alvarado,1241.4158653769541,1208.0,276.3605317792691,514.0,2180.0,313765
220404,San Martin,Piscoyacu,625.347656844281,633.0,171.38558681327095,283.0,1205.0,190619
220708,San Martin,Shamboyacu,794.7104442618777,816.0,226.51429718873322,257.0,1487.0,416286
220204,San Martin,Huallaga,460.7713320367504,446.0,122.85905006253815,240.0,1102.0,271997
220605,San Martin,Pajarillo,413.12013597089776,393.0,111.3173979432836,251.0,1102.0,482162
010703,Amazonas,Cumba,1247.8038709596387,1142.0,592.2541741986971,403.0,2772.0,318474
220704,San Martin,Pilluana,400.8367225870537,357.0,182.2191742759592,190.0,1086.0,72484
220104,San Martin,Jepelacio,1215.484876654957,1208.0,245.254559683804,682.0,2033.0,408772
220505,San Martin,Cuñumbuqui,614.7638829858915,584.0,255.82210761231042,199.0,1361.0,192934
220507,San Martin,Rumisapa,519.9323020153279,430.0,212.80540909132694,226.0,954.0,35230
220913,San Martin,Sauce,777.3322915399515,758.0,157.4717211108143,281.0,1458.0,106867
010608,Amazonas,Milpuc,1773.2947238886325,1774.0,166.2466138203914,1182.0,2191.0,45507
220405,San Martin,Sacanche,519.2969666235325,474.0,185.76777639035205,251.0,1151.0,171558
220709,San Martin,Tingo De Ponasa,460.3187831989674,399.0,203.58071724790338,210.0,1105.0,355621
220304,San Martin,Santa Rosa,588.9756909088844,485.0,269.27563372586286,270.0,1366.0,264181
100903,Huanuco,Honoria,184.19913401498903,172.0,29.3271169409143,131.0,393.0,1010872
220203,San Martin,Bajo Biavo,545.4695343451324,443.0,275.5140330588314,218.0,1834.0,1190882
220710,San Martin,Tres Unidos,817.7414673139637,810.0,246.58562835646813,227.0,1676.0,392813
220510,San Martin,Tabalosos,899.2602381356043,893.0,321.53421254811997,259.0,1755.0,383395
100904,Huanuco,Tournavista,280.9408856559951,230.0,180.68086299099514,139.0,1528.0,1855235
010701,Amazonas,Bagua Grande,1300.2003081443913,1167.0,688.1760914091841,385.0,2983.0,769769
220701,San Martin,Picota,323.3041712232464,313.0,88.15415166154087,203.0,638.0,230436
220403,San Martin,El Eslabon,498.1815038959074,441.0,185.91371885077717,272.0,1073.0,132190
250105,Ucayali,Yarinacocha,152.17344325935778,151.0,8.474368985283238,113.0,220.0,703746
220914,San Martin,Shapaja,602.9940457997086,583.0,258.6018347282654,175.0,1466.0,251923
010707,Amazonas,Yamon,1426.0115560520894,1430.0,553.8879738924004,465.0,3099.0,143215
010705,Amazonas,Jamalca,1720.4212381124435,1663.0,698.9178389602561,480.0,3609.0,370871
220205,San Martin,San Pablo,415.85294053872383,361.0,173.94722085489718,245.0,1387.0,368946
220705,San Martin,Pucacaca,378.299776421536,349.0,138.56898677550882,200.0,880.0,215137
220601,San Martin,Juanjui,493.08586274340547,459.0,168.39018388439294,251.0,1253.0,474979
100905,Huanuco,Yuyapichis,332.4015640721168,281.0,201.85341095449672,182.0,2393.0,2206420
100608,Huanuco,Castillo Grande,743.8856352151528,686.0,145.89685810225674,568.0,1494.0,111293
220302,San Martin,Agua Blanca,545.425566503072,461.0,241.28957495181882,279.0,1401.0,161782
250306,Ucayali,Huipoca,290.6336072771701,287.0,32.53569742896865,203.0,403.0,628596
010611,Amazonas,Totora,1813.6953439821334,1759.0,166.9903532789856,1643.0,2363.0,20597
010706,Amazonas,Lonya Grande,1695.2981732530209,1676.0,581.0111602442437,485.0,3621.0,385494
220706,San Martin,San Cristobal,310.05177222727133,301.0,73.13684290235184,223.0,524.0,31909
010303,Amazonas,Churuja,2226.622137744647,2338.0,453.5326615242872,1335.0,2804.0,33671
220301,San Martin,San Jose De Sisa,699.3621269775239,561.0,334.1257697645807,299.0,1820.0,326924
010204,Amazonas,El Parco,657.573469600584,652.0,69.5478053213381,516.0,944.0,19178
010306,Amazonas,Florida,2391.464979053847,2341.0,363.9570323641229,1574.0,3588.0,234888
220303,San Martin,San Martin,1267.2709838265157,1319.0,419.70089298215,405.0,2242.0,551520
220106,San Martin,Yantalo,830.0125802380338,819.0,45.29933126174153,798.0,1433.0,73687
220305,San Martin,Shatoja,672.3575494672755,552.0,283.50918812889967,369.0,1671.0,65700
010104,Amazonas,Cheto,2534.2782859829404,2465.0,301.2262057825676,2048.0,3471.0,74445
160201,Loreto,Yurimaguas,163.57268256556839,163.0,22.26578468066709,95.0,275.0,2365698
060901,Cajamarca,San Ignacio,1295.5834896162612,1288.0,372.3275673308108,534.0,2707.0,376454
220511,San Martin,Zapatero,707.533092014847,694.0,250.86977907349169,224.0,1552.0,184818
060811,Cajamarca,San Jose Del Alto,1779.043928836036,1756.0,474.56984562462844,0.0,3372.0,533135
010206,Amazonas,La Peca,1080.3470561256272,938.0,453.3517880972977,438.0,2511.0,146083
220401,San Martin,Saposoa,818.0099583393912,777.0,344.0851705281323,286.0,1930.0,557121
060902,Cajamarca,Chirinos,1193.2115071727087,1170.0,504.2546075801396,415.0,2700.0,376148
220908,San Martin,Juan Guerra,344.095331866664,311.0,129.65369666144625,180.0,866.0,203636
060904,Cajamarca,La Coipa,1473.7296725492627,1507.0,424.29192804941067,487.0,2615.0,427759
220808,San Martin,Yorongos,1120.1155192127785,961.0,347.7203301182015,824.0,2333.0,86583
120607,Junin,Rio Negro,983.2371977070691,960.0,273.82478658579873,381.0,1947.0,523871
060812,Cajamarca,Santa Rosa,1067.1961357975506,1013.0,480.04462858293147,319.0,2338.0,328813
250106,Ucayali,Nueva Requena,201.11080305748544,186.0,51.324871165581435,110.0,495.0,2192259
220802,San Martin,Awajun,1540.2639292958888,1187.0,822.065360895406,812.0,3819.0,535867
250302,Ucayali,Irazola,273.4233371856733,269.0,36.93115844654983,175.0,492.0,2001381
010109,Amazonas,La Jalca,2920.608450103895,2995.0,398.38623612304013,1871.0,3734.0,131383
220906,San Martin,El Porvenir,188.98554646289506,180.0,41.69151720591711,124.0,455.0,518489
220707,San Martin,San Hilarion,314.5989407144736,307.0,66.45125657050016,219.0,541.0,110263
220806,San Martin,Posic,817.9373865209341,818.0,5.369482229048223,805.0,845.0,55627
220406,San Martin,Tingo De Saposoa,351.71266745666713,346.0,80.06324091338637,245.0,702.0,49789
100901,Huanuco,Puerto Inca,408.6469846468011,256.0,364.52076653428185,137.0,2150.0,2550348
010105,Amazonas,Chiliquin,2657.6969260230467,2628.0,339.05368117953316,1832.0,3630.0,149871
220105,San Martin,Soritor,1456.3263680400341,1470.0,370.9696585358497,831.0,2578.0,617873
220201,San Martin,Bellavista,402.3244507611556,351.0,153.33483505194943,235.0,1169.0,275108
060803,Cajamarca,Chontali,2399.218192006512,2326.0,607.3502148126908,1179.0,3959.0,488973
100605,Huanuco,Luyando,736.2571176099306,706.0,128.30806522043932,578.0,1494.0,118825
010307,Amazonas,Jazan,1926.997654749133,1895.0,462.94450733357473,928.0,3061.0,80162
010502,Amazonas,Camporredondo,1684.3405460724325,1609.0,583.1873361577547,528.0,3608.0,231581
010515,Amazonas,Providencia,1668.5426128990398,1620.0,544.7523190437598,556.0,3170.0,123296
010102,Amazonas,Asuncion,2836.789017184366,2832.0,299.36183573183627,2154.0,3464.0,36894
010510,Amazonas,Luya Viejo,2559.387569549999,2706.0,428.5709813689978,1205.0,3250.0,71711
100601,Huanuco,Rupa-Rupa,854.8664982692487,809.0,202.7820798277999,559.0,1806.0,277914
010514,Amazonas,Pisuquia,2379.0726116221454,2384.0,799.266682183433,672.0,3900.0,307981
060810,Cajamarca,San Felipe,2131.0026126425328,2106.0,528.9210021107651,1085.0,3698.0,270990
010305,Amazonas,Cuispes,2234.198845822229,2147.0,486.9546977082778,1329.0,3309.0,102064
060905,Cajamarca,Namballe,1988.5237150575329,1927.0,776.0738357451218,635.0,3702.0,668921
010119,Amazonas,San Isidro De Maino,2857.1519308498537,2913.0,299.87359111700715,1811.0,3527.0,114302
060801,Cajamarca,Jaen,1473.0141133350787,1406.0,620.9995048487897,428.0,3221.0,588238
010513,Amazonas,Ocumal,2057.531159226542,2105.0,517.5724581862835,577.0,3604.0,385231
220912,San Martin,San Antonio,750.8958315748857,717.0,237.9892583007379,316.0,1429.0,82933
220903,San Martin,Cacatachi,379.01148576880837,310.0,149.58658451419532,251.0,855.0,55547
120602,Junin,Coviriali,1045.3431773060477,1014.0,246.85562485160435,629.0,1757.0,104768
120304,Junin,San Luis De Shuaro,1402.0785492629946,1425.0,350.1161057801789,688.0,2512.0,206240
120601,Junin,Satipo,1110.050610183981,1101.0,362.3652002615509,323.0,2747.0,874982
010203,Amazonas,Copallin,1311.1477787331614,1057.0,787.9507794049488,398.0,3375.0,104670
010112,Amazonas,Magdalena,2705.943285018763,2775.0,402.7305529770551,1760.0,3514.0,143366
220102,San Martin,Calzada,837.8105580693816,827.0,44.4849555747819,805.0,1438.0,122655
060805,Cajamarca,Huabal,1642.2664757404889,1697.0,400.273956013039,670.0,2455.0,89738
010610,Amazonas,Santa Rosa,1920.025064177363,1897.0,122.94089491499074,1703.0,2347.0,21425
220503,San Martin,Barranquita,295.77149734773707,185.0,251.09849291501016,124.0,1641.0,1119987
220801,San Martin,Rioja,988.4761480664382,851.0,297.3621809586992,0.0,2332.0,221198
220703,San Martin,Caspisapa,343.67736654098036,328.0,104.35967230849747,213.0,637.0,80624
080904,Cusco,Maranura,2090.5303958808136,1982.0,707.4576641969659,996.0,4298.0,177705
010117,Amazonas,Quinjalca,3081.4945358321115,3094.0,315.9908052541248,2242.0,3650.0,87296
250303,Ucayali,Curimana,252.79056150913425,257.0,43.295353369755176,142.0,432.0,1999451
010308,Amazonas,Recta,2471.9699245588035,2370.0,356.8006602751669,1920.0,3421.0,29692
010115,Amazonas,Montevideo,2839.023661509179,2807.0,376.69043183155117,2019.0,3798.0,130296
010114,Amazonas,Molinopampa,2765.6225796602644,2706.0,335.6593558274983,1996.0,3698.0,360280
010503,Amazonas,Cocabamba,2238.088770577313,2284.0,717.7542861822271,731.0,3746.0,361381
060809,Cajamarca,Sallique,2416.3483328038187,2377.0,577.4702093871052,1239.0,3965.0,387147
010120,Amazonas,Soloco,2927.779109870258,2996.0,280.65137442316876,2035.0,3492.0,79157
010521,Amazonas,Santo Tomas,2940.7019937040923,2932.0,365.4806474468173,1939.0,3727.0,95300
100113,Huanuco,San Pablo De Pillao,2376.588094561304,2398.0,603.7471779994279,787.0,4246.0,633240
010602,Amazonas,Chirimoto,1946.726739189156,1956.0,329.9635280741471,1140.0,2683.0,162892
100603,Huanuco,Hermilio Valdizan,1299.0029148011502,1297.0,360.8653125188137,609.0,2260.0,304652
010111,Amazonas,Levanto,2747.453361105851,2787.0,469.429208375156,1723.0,3496.0,79215
010518,Amazonas,San Jeronimo,2207.9632325859507,2199.0,596.6248581918862,744.0,3602.0,219923
010609,Amazonas,Omia,2146.093969415061,2149.0,407.80836962584823,1301.0,3340.0,238418
100902,Huanuco,Codo Del Pozuzo,856.8109574925909,434.0,716.2235746108664,208.0,3998.0,3441353
010113,Amazonas,Mariscal Castilla,2905.4881905787993,2960.0,411.6008414395306,1961.0,3796.0,83535
220101,San Martin,Moyobamba,1127.2739700108793,1031.0,293.56388498640433,765.0,2275.0,2854035
010310,Amazonas,Shipasbamba,2078.477058202654,2060.0,567.0521131309215,718.0,3553.0,132640
100103,Huanuco,Chinchao,2397.954925642464,2347.0,773.3765265590173,742.0,4060.0,861177
010311,Amazonas,Valera,2218.6366267803505,2182.0,432.1070712049137,1384.0,3053.0,82568
060907,Cajamarca,Tabaconas,2247.3821730354216,2168.0,600.7712691124832,809.0,3819.0,816931
160112,Loreto,Belen,97.3236830607597,99.0,8.725698884139103,54.0,242.0,688927
200307,Piura,Sondor,2387.2733630689836,2328.0,461.74159005439105,1423.0,3760.0,362752
220803,San Martin,Elias Soplin Vargas,1388.3426639742058,1334.0,487.1071207856962,341.0,2829.0,179266
010506,Amazonas,Inguilpata,2717.5255200446322,2756.0,364.51255856849014,1687.0,3515.0,125470
220506,San Martin,Pinto Recodo,1112.6280855213981,1127.0,323.88481602842353,282.0,2505.0,592647
120303,Junin,Pichanaqui,1375.8819852946692,1180.0,737.073415479473,416.0,4319.0,1333122
010202,Amazonas,Aramango,1268.881390643173,1172.0,588.6418886718145,293.0,3495.0,815939
010606,Amazonas,Longar,2193.2367843812804,2175.0,475.5876572031137,1558.0,3382.0,87075
160101,Loreto,Iquitos,107.39396812030697,104.0,13.621009586325359,68.0,153.0,387143
010507,Amazonas,Longuita,3187.6877002076526,3221.0,349.71813274706835,2101.0,3877.0,62123
221001,San Martin,Tocache,969.1671618454836,844.0,517.0012272557431,462.0,3643.0,1070657
010511,Amazonas,Maria,3169.023111369459,3182.0,285.15084149371114,2345.0,3744.0,92898
080901,Cusco,Santa Ana,2176.9210419826827,2149.0,711.8948125607855,926.0,4197.0,422579
120302,Junin,Perene,1479.809598558527,1307.0,712.8482774607261,476.0,4181.0,1598365
050409,Ayacucho,Canayre,1200.9488810178273,1123.0,530.6079427995569,461.0,2705.0,289951
221002,San Martin,Nuevo Progreso,905.0152231826087,851.0,326.2161549583261,492.0,2350.0,878003
200303,Piura,El Carmen De La Frontera,2733.3487151341765,2794.0,581.4764190252283,959.0,3916.0,694197
100609,Huanuco,Pueblo Nuevo,1010.6349405813276,805.0,442.34771765931885,551.0,2368.0,341391
080903,Cusco,Huayopata,3033.497780634838,3041.0,859.7423588570098,1164.0,5788.0,572461
010604,Amazonas,Huambo,1769.6585585366447,1704.0,190.9505566454785,1556.0,2354.0,82222
100505,Huanuco,Jircan,2962.7616744398038,3045.0,652.2952331517315,1301.0,4155.0,254509
010512,Amazonas,Ocalli,2032.0289072287303,1990.0,537.2927569645021,829.0,3606.0,181996
010101,Amazonas,Chachapoyas,2429.969330373659,2393.0,377.37382900273764,1604.0,3412.0,162180
060903,Cajamarca,Huarango,1427.6046526900416,1396.0,506.52987771168614,394.0,2858.0,959316
010116,Amazonas,Olleros,3163.6466569921777,3154.0,380.57518314204276,2156.0,4001.0,113012
010605,Amazonas,Limabamba,2251.8572683490183,2167.0,447.52177947252613,1155.0,3782.0,651152
100804,Huanuco,Umari,2764.322945146322,2743.0,462.8488384091619,1604.0,4209.0,167883
220504,San Martin,Caynarachi,373.8554154506501,206.0,254.34624981134948,146.0,1525.0,1346610
080905,Cusco,Ocobamba,2955.750988133802,2928.0,969.1972904752844,903.0,5277.0,931048
010517,Amazonas,San Francisco Del Yeso,2895.44235482263,2887.0,394.12145218782615,1965.0,3761.0,192592
120609,Junin,Vizcatán Del Ene,1353.3759787929469,1230.0,679.3595481789013,438.0,3482.0,654122
060807,Cajamarca,Pomahuaca,2035.1726339884942,2047.0,531.2363294717751,921.0,3675.0,859738
010304,Amazonas,Corosha,2390.8234297916206,2410.0,331.0433001544918,1743.0,3116.0,67905
221005,San Martin,Uchiza,991.25616955672,839.0,591.4601261421151,476.0,4088.0,642145
220807,San Martin,San Fernando,822.922207337744,822.0,6.503224428051364,805.0,854.0,73156
050512,Ayacucho,Union Progreso,1140.9740982984977,1139.0,298.1177392753953,656.0,1980.0,42198
060804,Cajamarca,Colasay,1694.3354215347338,1696.0,488.2143771416214,576.0,3236.0,637231
160503,Loreto,Capelo,109.59856247439525,110.0,5.423686390349905,70.0,159.0,847011
220910,San Martin,Morales,319.3084413166518,297.0,70.92933659376683,243.0,704.0,53712
120604,Junin,Mazamari,931.507738453375,878.0,365.48245939507217,302.0,2037.0,1351239
120603,Junin,Llaylla,2147.637952955175,1935.0,942.4001320883663,-342.0,4353.0,331131
010520,Amazonas,Santa Catalina,2292.859504985714,2277.0,529.6675520143297,1071.0,3589.0,174298
010603,Amazonas,Cochamal,2384.7797097209013,2331.0,412.75187575298946,1564.0,3497.0,191402
120209,Junin,Mariscal Castilla,3003.4100587310777,3000.0,424.06801830285707,1971.0,4034.0,60445
010601,Amazonas,San Nicolas,2161.606776465369,2169.0,438.60343508733143,1468.0,3461.0,108198
010519,Amazonas,San Juan De Lopecancha,2613.6525519187235,2666.0,340.1540435328281,1820.0,3515.0,91441
160211,Loreto,Teniente Cesar Lopez Rojas,178.91973961716656,185.0,25.82602622243927,116.0,258.0,1397788
080408,Cusco,Yanatile,2883.6342946338705,2941.0,778.2471477732812,905.0,5281.0,2150004
050408,Ayacucho,Llochegua,1909.9369111557985,1706.0,1032.30688780378,479.0,4440.0,555962
100507,Huanuco,Monzon,2213.7139763803193,2045.0,1005.7307123472918,658.0,4700.0,1497226
081304,Cusco,Machupicchu,3455.241695426816,3498.0,819.7780078502886,1388.0,6234.0,390297
220909,San Martin,La Banda De Shilcayo,678.4161165055417,685.0,272.805118200841,195.0,1657.0,282493
220103,San Martin,Habana,837.2260341701917,834.0,13.672490169753319,815.0,886.0,72812
100606,Huanuco,Mariano Damaso Beraun,1408.1728231361706,1362.0,447.5173821306302,639.0,3525.0,796398
010508,Amazonas,Lonya Chico,2631.727549425912,2581.0,323.9510639194962,1685.0,3573.0,73595
170102,Madre De Dios,Inambari,277.2809822142412,259.0,55.57721816699941,180.0,592.0,5235762
050502,Ayacucho,Anco,2749.336784739123,2905.0,1009.5226761584631,632.0,4626.0,808656
010523,Amazonas,Trita,2887.9674198988196,2877.0,116.4929229483621,2552.0,3236.0,14825
010516,Amazonas,San Cristobal,2393.181093363808,2449.0,422.9983623288752,1403.0,3263.0,37627
080918,Cusco,Union Ashaninka,1619.2947957311637,1522.0,802.6716741134229,477.0,3625.0,330863
221006,San Martin,Santa Lucia,597.7268248929626,499.0,223.2464195273433,465.0,1506.0,285414
100702,Huanuco,Cholon,2648.3284217989703,2901.0,1100.7579448543909,491.0,4791.0,2344074
211205,Puno,Phara,2815.437818392731,2938.0,887.0977132150744,926.0,4683.0,468957
170204,Madre De Dios,Huepetuhe,481.9148615770333,435.0,151.8604682848734,267.0,1246.0,1644886
010302,Amazonas,Chisquilla,2834.7008521549183,2873.0,393.68910016987263,1860.0,3679.0,171213
050507,Ayacucho,Santa Rosa,2121.2721992136053,1901.0,1127.9202623562057,581.0,4388.0,419891
220804,San Martin,Nueva Cajamarca,1457.961795006704,1273.0,647.4137920108406,819.0,3611.0,353514
220809,San Martin,Yuracyacu,818.7037358421629,817.0,6.432274374088752,804.0,847.0,65688
160603,Loreto,Padre Marquez,176.57926290985174,159.0,41.70703693632231,76.0,500.0,2589534
010522,Amazonas,Tingo,2675.138936535163,2691.0,443.69594131856417,1736.0,3629.0,115434
080906,Cusco,Quellouno,1870.4354871844278,1784.0,709.7247826957927,532.0,4054.0,2117463
010301,Amazonas,Jumbilla,2674.4378596704437,2672.0,386.725003353931,1771.0,3453.0,167862
080917,Cusco,Manitea,1778.690527861524,1686.0,740.8587094794649,615.0,3637.0,153904
