modelo,window_size,unidades_ocultas,num_capas,dropout,epocas,lr,lote,rmse_train,mae_train,rmse_test,mae_test,gap_rmse,gap_mae,ratio_rmse,ratio_mae
LSTM_w6_h16_l2_d0.0_e50_lr0.001_b8,6,16,2,0.0,50,0.001,8,0.00956,0.007177,0.011067,0.007788,0.001507,0.00061,1.15766,1.085037
LSTM_w6_h16_l2_d0.0_e50_lr0.0005_b8,6,16,2,0.0,50,0.0005,8,0.009474,0.007019,0.011174,0.007857,0.001699,0.000838,1.179341,1.11934
LSTM_w6_h32_l1_d0.0_e50_lr0.0005_b8,6,32,1,0.0,50,0.0005,8,0.009141,0.006642,0.01118,0.00787,0.002039,0.001228,1.223102,1.184908
LSTM_w6_h16_l1_d0.0_e50_lr0.001_b8,6,16,1,0.0,50,0.001,8,0.009281,0.006813,0.011183,0.007824,0.001901,0.001011,1.204841,1.148333
LSTM_w6_h32_l2_d0.0_e50_lr0.0005_b8,6,32,2,0.0,50,0.0005,8,0.009368,0.006916,0.0112,0.007904,0.001832,0.000988,1.195568,1.142833
LSTM_w6_h64_l2_d0.1_e50_lr0.0005_b8,6,64,2,0.1,50,0.0005,8,0.010044,0.00751,0.011206,0.007716,0.001163,0.000206,1.115777,1.027446
LSTM_w6_h32_l1_d0.0_e50_lr0.001_b8,6,32,1,0.0,50,0.001,8,0.00902,0.006576,0.01121,0.007914,0.00219,0.001338,1.242827,1.203496
LSTM_w6_h16_l1_d0.0_e50_lr0.0005_b8,6,16,1,0.0,50,0.0005,8,0.0093,0.006802,0.011215,0.007904,0.001915,0.001103,1.205898,1.162145
LSTM_w6_h32_l2_d0.0_e50_lr0.001_b8,6,32,2,0.0,50,0.001,8,0.009388,0.007022,0.011235,0.007883,0.001847,0.000861,1.196741,1.122569
LSTM_w6_h64_l1_d0.0_e50_lr0.0005_b8,6,64,1,0.0,50,0.0005,8,0.009149,0.006674,0.011243,0.007959,0.002094,0.001285,1.228906,1.192517
LSTM_w6_h16_l2_d0.0_e50_lr0.001_b16,6,16,2,0.0,50,0.001,16,0.009386,0.006946,0.01128,0.007885,0.001893,0.000939,1.201711,1.135203
LSTM_w6_h64_l2_d0.0_e50_lr0.001_b16,6,64,2,0.0,50,0.001,16,0.00968,0.00728,0.011315,0.008014,0.001634,0.000735,1.168807,1.100911
LSTM_w6_h32_l2_d0.0_e50_lr0.001_b16,6,32,2,0.0,50,0.001,16,0.009615,0.0072,0.011324,0.00802,0.001709,0.000819,1.177716,1.11381
LSTM_w6_h64_l2_d0.0_e50_lr0.001_b8,6,64,2,0.0,50,0.001,8,0.009422,0.007064,0.011364,0.008001,0.001943,0.000937,1.206178,1.132637
LSTM_w6_h64_l2_d0.1_e50_lr0.001_b8,6,64,2,0.1,50,0.001,8,0.010031,0.007409,0.011371,0.007818,0.00134,0.00041,1.133638,1.055273
LSTM_w6_h32_l2_d0.0_e50_lr0.0005_b16,6,32,2,0.0,50,0.0005,16,0.009233,0.006735,0.011373,0.008017,0.00214,0.001282,1.231747,1.190321
LSTM_w6_h64_l1_d0.0_e50_lr0.001_b8,6,64,1,0.0,50,0.001,8,0.009073,0.006633,0.011378,0.00803,0.002306,0.001397,1.254138,1.210616
LSTM_w6_h64_l2_d0.0_e50_lr0.0005_b8,6,64,2,0.0,50,0.0005,8,0.009372,0.006953,0.011424,0.008125,0.002052,0.001172,1.218976,1.168526
LSTM_w6_h64_l2_d0.0_e50_lr0.0005_b16,6,64,2,0.0,50,0.0005,16,0.009477,0.007032,0.011435,0.008098,0.001958,0.001066,1.206578,1.151626
LSTM_w4_h64_l1_d0.1_e50_lr0.0005_b8,4,64,1,0.1,50,0.0005,8,0.009805,0.007116,0.011447,0.008041,0.001642,0.000925,1.1675,1.130055
LSTM_w6_h16_l1_d0.1_e50_lr0.0005_b8,6,16,1,0.1,50,0.0005,8,0.009916,0.007331,0.011559,0.008036,0.001643,0.000706,1.165657,1.096275
LSTM_w4_h64_l1_d0.1_e50_lr0.001_b16,4,64,1,0.1,50,0.001,16,0.009856,0.007191,0.011563,0.008192,0.001707,0.001002,1.173163,1.139288
LSTM_w5_h32_l2_d0.0_e50_lr0.0005_b16,5,32,2,0.0,50,0.0005,16,0.009138,0.006497,0.011565,0.008283,0.002427,0.001785,1.265646,1.274796
LSTM_w5_h16_l1_d0.1_e50_lr0.0005_b8,5,16,1,0.1,50,0.0005,8,0.009703,0.007086,0.011576,0.008117,0.001873,0.00103,1.193016,1.145415
LSTM_w3_h16_l1_d0.1_e50_lr0.0005_b16,3,16,1,0.1,50,0.0005,16,0.010333,0.007397,0.011587,0.008146,0.001254,0.000749,1.121331,1.101234
LSTM_w4_h64_l1_d0.1_e50_lr0.001_b8,4,64,1,0.1,50,0.001,8,0.010118,0.007431,0.01159,0.008149,0.001472,0.000718,1.145481,1.096573
LSTM_w3_h32_l1_d0.1_e50_lr0.0005_b16,3,32,1,0.1,50,0.0005,16,0.010268,0.007394,0.011612,0.008155,0.001345,0.000761,1.130947,1.102939
LSTM_w6_h16_l1_d0.0_e50_lr0.0005_b16,6,16,1,0.0,50,0.0005,16,0.009253,0.006745,0.011613,0.008288,0.00236,0.001543,1.255084,1.228736
LSTM_w6_h16_l1_d0.0_e50_lr0.001_b16,6,16,1,0.0,50,0.001,16,0.009604,0.007178,0.01162,0.008335,0.002015,0.001157,1.209823,1.161181
LSTM_w3_h16_l1_d0.1_e50_lr0.001_b16,3,16,1,0.1,50,0.001,16,0.010539,0.007638,0.011624,0.008152,0.001085,0.000514,1.102987,1.067249
LSTM_w6_h32_l1_d0.1_e50_lr0.0005_b16,6,32,1,0.1,50,0.0005,16,0.009538,0.006952,0.01163,0.008173,0.002092,0.001222,1.219312,1.175772
LSTM_w3_h64_l1_d0.1_e50_lr0.0005_b16,3,64,1,0.1,50,0.0005,16,0.010588,0.007638,0.011652,0.008174,0.001064,0.000535,1.100494,1.070094
LSTM_w3_h16_l2_d0.1_e50_lr0.0005_b16,3,16,2,0.1,50,0.0005,16,0.010993,0.008046,0.011668,0.008016,0.000676,-3e-05,1.061465,0.996293
LSTM_w5_h64_l2_d0.0_e50_lr0.0005_b16,5,64,2,0.0,50,0.0005,16,0.009351,0.006703,0.011675,0.008379,0.002324,0.001675,1.24853,1.249935
LSTM_w3_h32_l2_d0.0_e50_lr0.001_b16,3,32,2,0.0,50,0.001,16,0.010463,0.007659,0.0117,0.008293,0.001238,0.000634,1.118279,1.082725
LSTM_w6_h32_l1_d0.1_e50_lr0.001_b16,6,32,1,0.1,50,0.001,16,0.009522,0.006945,0.011701,0.008208,0.002179,0.001263,1.228845,1.181875
LSTM_w6_h16_l2_d0.0_e50_lr0.0005_b16,6,16,2,0.0,50,0.0005,16,0.009537,0.007088,0.011703,0.008363,0.002167,0.001276,1.227216,1.179961
LSTM_w5_h32_l1_d0.0_e50_lr0.0005_b8,5,32,1,0.0,50,0.0005,8,0.009277,0.006627,0.011717,0.008468,0.00244,0.001841,1.263071,1.277865
LSTM_w4_h16_l1_d0.0_e50_lr0.0005_b16,4,16,1,0.0,50,0.0005,16,0.009288,0.006596,0.011729,0.008368,0.002441,0.001772,1.262842,1.268732
LSTM_w5_h16_l2_d0.0_e50_lr0.001_b16,5,16,2,0.0,50,0.001,16,0.009241,0.006633,0.011734,0.008396,0.002493,0.001763,1.269732,1.26577
LSTM_w3_h32_l1_d0.1_e50_lr0.001_b16,3,32,1,0.1,50,0.001,16,0.010157,0.007182,0.01174,0.008288,0.001583,0.001106,1.15585,1.154052
LSTM_w6_h32_l1_d0.1_e50_lr0.001_b8,6,32,1,0.1,50,0.001,8,0.00987,0.007269,0.011767,0.008507,0.001897,0.001238,1.192168,1.170292
LSTM_w3_h32_l2_d0.0_e50_lr0.0005_b16,3,32,2,0.0,50,0.0005,16,0.0106,0.007661,0.011781,0.008351,0.001181,0.00069,1.111405,1.090094
LSTM_w6_h32_l1_d0.1_e50_lr0.0005_b8,6,32,1,0.1,50,0.0005,8,0.009723,0.007084,0.011789,0.00846,0.002065,0.001376,1.212386,1.19425
LSTM_w5_h32_l1_d0.1_e50_lr0.001_b16,5,32,1,0.1,50,0.001,16,0.009513,0.006948,0.011796,0.008422,0.002284,0.001474,1.240051,1.212132
LSTM_w6_h32_l1_d0.0_e50_lr0.001_b16,6,32,1,0.0,50,0.001,16,0.009157,0.006653,0.0118,0.008557,0.002643,0.001904,1.288599,1.286135
LSTM_w5_h16_l1_d0.0_e50_lr0.0005_b8,5,16,1,0.0,50,0.0005,8,0.009123,0.006432,0.011806,0.008452,0.002683,0.00202,1.294041,1.314152
LSTM_w3_h64_l2_d0.0_e50_lr0.0005_b16,3,64,2,0.0,50,0.0005,16,0.010704,0.007852,0.011811,0.008424,0.001108,0.000571,1.103477,1.072727
LSTM_w3_h16_l1_d0.0_e50_lr0.0005_b8,3,16,1,0.0,50,0.0005,8,0.010212,0.007279,0.011821,0.008429,0.001609,0.001149,1.157551,1.157905
LSTM_w4_h32_l1_d0.0_e50_lr0.001_b16,4,32,1,0.0,50,0.001,16,0.00919,0.00651,0.011824,0.008446,0.002634,0.001935,1.286583,1.297295
LSTM_w3_h64_l1_d0.1_e50_lr0.0005_b8,3,64,1,0.1,50,0.0005,8,0.0102,0.007141,0.011825,0.008346,0.001624,0.001205,1.159251,1.168719
LSTM_w6_h16_l1_d0.1_e50_lr0.001_b8,6,16,1,0.1,50,0.001,8,0.010662,0.008044,0.011826,0.008224,0.001163,0.00018,1.109123,1.022373
LSTM_w3_h64_l1_d0.1_e50_lr0.001_b16,3,64,1,0.1,50,0.001,16,0.010647,0.007583,0.011826,0.008272,0.001179,0.000689,1.110743,1.090918
LSTM_w3_h64_l1_d0.0_e50_lr0.0005_b16,3,64,1,0.0,50,0.0005,16,0.010425,0.007492,0.01183,0.00845,0.001405,0.000958,1.134736,1.127886
LSTM_w4_h32_l1_d0.0_e50_lr0.0005_b16,4,32,1,0.0,50,0.0005,16,0.009227,0.00652,0.011838,0.008481,0.002611,0.001961,1.282951,1.300787
LSTM_w5_h16_l1_d0.1_e50_lr0.001_b8,5,16,1,0.1,50,0.001,8,0.00998,0.007332,0.011839,0.008415,0.001859,0.001083,1.186264,1.147757
LSTM_w4_h64_l1_d0.0_e50_lr0.0005_b16,4,64,1,0.0,50,0.0005,16,0.009255,0.006545,0.011842,0.008486,0.002587,0.001941,1.279485,1.29663
LSTM_w5_h32_l2_d0.0_e50_lr0.001_b16,5,32,2,0.0,50,0.001,16,0.009564,0.006974,0.011858,0.008604,0.002293,0.00163,1.239786,1.233685
LSTM_w3_h32_l1_d0.0_e50_lr0.0005_b8,3,32,1,0.0,50,0.0005,8,0.010176,0.007274,0.011875,0.008517,0.001699,0.001243,1.166912,1.170865
LSTM_w6_h32_l1_d0.0_e50_lr0.0005_b16,6,32,1,0.0,50,0.0005,16,0.009591,0.007171,0.011875,0.008572,0.002284,0.001401,1.238127,1.195313
LSTM_w6_h64_l1_d0.0_e50_lr0.0005_b16,6,64,1,0.0,50,0.0005,16,0.009406,0.006925,0.011878,0.008578,0.002472,0.001654,1.262795,1.238794
LSTM_w4_h64_l1_d0.0_e50_lr0.001_b16,4,64,1,0.0,50,0.001,16,0.009183,0.006512,0.011881,0.008512,0.002698,0.002,1.29381,1.307099
LSTM_w5_h16_l1_d0.0_e50_lr0.0005_b16,5,16,1,0.0,50,0.0005,16,0.009078,0.006409,0.011899,0.008611,0.002822,0.002203,1.310853,1.343739
LSTM_w3_h64_l2_d0.0_e50_lr0.001_b16,3,64,2,0.0,50,0.001,16,0.010366,0.007471,0.0119,0.008379,0.001534,0.000908,1.147956,1.121509
LSTM_w4_h16_l2_d0.1_e50_lr0.001_b16,4,16,2,0.1,50,0.001,16,0.011338,0.008729,0.011919,0.008442,0.000581,-0.000288,1.051281,0.967044
LSTM_w7_h64_l2_d0.0_e50_lr0.001_b8,7,64,2,0.0,50,0.001,8,0.009734,0.007121,0.01192,0.008457,0.002186,0.001336,1.224588,1.187582
LSTM_w4_h32_l2_d0.1_e50_lr0.001_b16,4,32,2,0.1,50,0.001,16,0.010345,0.007691,0.011932,0.008445,0.001587,0.000754,1.153392,1.098012
LSTM_w6_h64_l1_d0.1_e50_lr0.0005_b16,6,64,1,0.1,50,0.0005,16,0.009836,0.007296,0.011936,0.008647,0.0021,0.001351,1.213542,1.18523
LSTM_w6_h64_l1_d0.0_e50_lr0.001_b16,6,64,1,0.0,50,0.001,16,0.009128,0.006594,0.011937,0.008725,0.002809,0.002132,1.307739,1.323299
LSTM_w4_h16_l1_d0.1_e50_lr0.0005_b16,4,16,1,0.1,50,0.0005,16,0.0096,0.006909,0.011941,0.008465,0.002341,0.001556,1.24386,1.225263
LSTM_w3_h64_l1_d0.0_e50_lr0.0005_b8,3,64,1,0.0,50,0.0005,8,0.010181,0.00726,0.011943,0.008567,0.001763,0.001308,1.173142,1.180135
LSTM_w3_h32_l1_d0.0_e50_lr0.001_b16,3,32,1,0.0,50,0.001,16,0.010288,0.007437,0.011962,0.008551,0.001674,0.001114,1.162719,1.149791
LSTM_w3_h16_l2_d0.0_e50_lr0.0005_b16,3,16,2,0.0,50,0.0005,16,0.010606,0.007682,0.011964,0.008507,0.001358,0.000825,1.128042,1.107401
LSTM_w3_h32_l1_d0.1_e50_lr0.0005_b8,3,32,1,0.1,50,0.0005,8,0.010547,0.007644,0.011967,0.008475,0.00142,0.000832,1.134666,1.108784
LSTM_w3_h32_l2_d0.0_e50_lr0.0005_b8,3,32,2,0.0,50,0.0005,8,0.010019,0.007068,0.011968,0.008704,0.001949,0.001636,1.194586,1.231537
LSTM_w4_h16_l1_d0.0_e50_lr0.001_b16,4,16,1,0.0,50,0.001,16,0.009211,0.006528,0.011972,0.008609,0.002761,0.002081,1.299765,1.318857
LSTM_w5_h64_l2_d0.1_e50_lr0.0005_b16,5,64,2,0.1,50,0.0005,16,0.010253,0.007613,0.011973,0.008505,0.00172,0.000892,1.167777,1.117233
LSTM_w4_h64_l1_d0.1_e50_lr0.0005_b16,4,64,1,0.1,50,0.0005,16,0.010304,0.007734,0.011974,0.008695,0.001669,0.00096,1.161995,1.124187
LSTM_w3_h16_l2_d0.0_e50_lr0.001_b16,3,16,2,0.0,50,0.001,16,0.010621,0.007799,0.011975,0.008545,0.001354,0.000747,1.127514,1.095771
LSTM_w3_h64_l1_d0.0_e50_lr0.001_b8,3,64,1,0.0,50,0.001,8,0.009944,0.007113,0.011977,0.008579,0.002033,0.001467,1.204394,1.206213
LSTM_w4_h16_l2_d0.0_e50_lr0.0005_b16,4,16,2,0.0,50,0.0005,16,0.009338,0.006634,0.01199,0.008606,0.002652,0.001972,1.283988,1.297294
LSTM_w5_h64_l1_d0.1_e50_lr0.0005_b16,5,64,1,0.1,50,0.0005,16,0.009433,0.006777,0.011996,0.008704,0.002564,0.001928,1.271768,1.284487
LSTM_w5_h32_l1_d0.0_e50_lr0.001_b16,5,32,1,0.0,50,0.001,16,0.009185,0.006544,0.011996,0.008833,0.002811,0.002289,1.306054,1.349696
LSTM_w5_h32_l1_d0.1_e50_lr0.0005_b16,5,32,1,0.1,50,0.0005,16,0.009676,0.007098,0.012007,0.00862,0.002331,0.001522,1.240949,1.214401
LSTM_w5_h64_l2_d0.1_e50_lr0.001_b8,5,64,2,0.1,50,0.001,8,0.010098,0.007488,0.012008,0.008467,0.001909,0.000979,1.189079,1.130809
LSTM_w5_h16_l1_d0.0_e50_lr0.001_b8,5,16,1,0.0,50,0.001,8,0.009495,0.006912,0.012014,0.00869,0.002519,0.001777,1.265245,1.257086
LSTM_w3_h16_l1_d0.0_e50_lr0.0005_b16,3,16,1,0.0,50,0.0005,16,0.010241,0.007285,0.012016,0.008663,0.001775,0.001378,1.173346,1.189215
LSTM_w3_h16_l2_d0.0_e50_lr0.0005_b8,3,16,2,0.0,50,0.0005,8,0.010002,0.007054,0.012018,0.008703,0.002016,0.001648,1.201579,1.233629
LSTM_w5_h32_l1_d0.0_e50_lr0.0005_b16,5,32,1,0.0,50,0.0005,16,0.009106,0.006452,0.012025,0.008858,0.002919,0.002406,1.320585,1.372864
LSTM_w5_h64_l1_d0.0_e50_lr0.001_b16,5,64,1,0.0,50,0.001,16,0.00925,0.006632,0.012027,0.008791,0.002777,0.002159,1.300207,1.325483
LSTM_w3_h16_l1_d0.0_e50_lr0.001_b8,3,16,1,0.0,50,0.001,8,0.010068,0.007211,0.012031,0.008674,0.001963,0.001463,1.194949,1.202897
LSTM_w3_h64_l2_d0.1_e50_lr0.0005_b16,3,64,2,0.1,50,0.0005,16,0.010405,0.00746,0.012036,0.008467,0.001631,0.001006,1.156727,1.134882
LSTM_w5_h64_l1_d0.0_e50_lr0.0005_b16,5,64,1,0.0,50,0.0005,16,0.009176,0.0065,0.012038,0.008855,0.002863,0.002355,1.311961,1.362293
LSTM_w7_h16_l1_d0.1_e50_lr0.0005_b16,7,16,1,0.1,50,0.0005,16,0.010545,0.008094,0.012041,0.008651,0.001496,0.000557,1.141886,1.068843
LSTM_w5_h16_l1_d0.0_e50_lr0.001_b16,5,16,1,0.0,50,0.001,16,0.009121,0.006428,0.012043,0.008795,0.002922,0.002367,1.320327,1.368226
LSTM_w3_h32_l1_d0.0_e50_lr0.0005_b16,3,32,1,0.0,50,0.0005,16,0.010237,0.007298,0.012049,0.008731,0.001813,0.001433,1.177074,1.196384
LSTM_w5_h16_l2_d0.0_e50_lr0.0005_b16,5,16,2,0.0,50,0.0005,16,0.009134,0.006503,0.012059,0.008797,0.002924,0.002294,1.320137,1.352739
LSTM_w3_h16_l2_d0.1_e50_lr0.001_b16,3,16,2,0.1,50,0.001,16,0.010609,0.007625,0.012061,0.008477,0.001451,0.000852,1.136812,1.111805
LSTM_w7_h64_l2_d0.0_e50_lr0.0005_b8,7,64,2,0.0,50,0.0005,8,0.009613,0.006992,0.012063,0.008648,0.00245,0.001655,1.254876,1.236739
LSTM_w5_h32_l2_d0.1_e50_lr0.0005_b8,5,32,2,0.1,50,0.0005,8,0.010273,0.00776,0.012082,0.008834,0.001809,0.001074,1.176058,1.138395
LSTM_w3_h16_l2_d0.0_e50_lr0.001_b8,3,16,2,0.0,50,0.001,8,0.009877,0.007038,0.012097,0.008788,0.002219,0.001749,1.224682,1.24853
LSTM_w3_h64_l1_d0.1_e50_lr0.001_b8,3,64,1,0.1,50,0.001,8,0.010328,0.007225,0.012101,0.008638,0.001773,0.001414,1.171629,1.195662
LSTM_w4_h32_l1_d0.1_e50_lr0.0005_b16,4,32,1,0.1,50,0.0005,16,0.010105,0.007449,0.012101,0.008823,0.001996,0.001374,1.197484,1.184504
LSTM_w4_h16_l2_d0.1_e50_lr0.0005_b16,4,16,2,0.1,50,0.0005,16,0.010768,0.008147,0.012106,0.008588,0.001338,0.000441,1.124262,1.054103
LSTM_w3_h32_l1_d0.0_e50_lr0.001_b8,3,32,1,0.0,50,0.001,8,0.010043,0.007205,0.012118,0.008696,0.002075,0.001491,1.206611,1.206884
LSTM_w5_h64_l1_d0.0_e50_lr0.0005_b8,5,64,1,0.0,50,0.0005,8,0.009623,0.007051,0.012138,0.008868,0.002516,0.001817,1.261439,1.257687
LSTM_w3_h64_l1_d0.0_e50_lr0.001_b16,3,64,1,0.0,50,0.001,16,0.010366,0.007514,0.012145,0.008755,0.001778,0.001241,1.171565,1.165136
LSTM_w3_h32_l2_d0.0_e50_lr0.001_b8,3,32,2,0.0,50,0.001,8,0.009824,0.007032,0.01215,0.008881,0.002327,0.001849,1.236851,1.262903
LSTM_w3_h64_l2_d0.0_e50_lr0.0005_b8,3,64,2,0.0,50,0.0005,8,0.010098,0.007162,0.01216,0.008807,0.002063,0.001645,1.204253,1.229656
LSTM_w3_h32_l2_d0.1_e50_lr0.001_b16,3,32,2,0.1,50,0.001,16,0.011316,0.008578,0.012161,0.008675,0.000845,9.7e-05,1.074647,1.011337
LSTM_w4_h64_l2_d0.0_e50_lr0.0005_b16,4,64,2,0.0,50,0.0005,16,0.009336,0.006624,0.012165,0.00886,0.002828,0.002235,1.302923,1.337435
LSTM_w4_h32_l2_d0.0_e50_lr0.0005_b16,4,32,2,0.0,50,0.0005,16,0.009441,0.006745,0.012169,0.008938,0.002728,0.002193,1.288941,1.32508
LSTM_w5_h64_l2_d0.1_e50_lr0.0005_b8,5,64,2,0.1,50,0.0005,8,0.009835,0.007177,0.01217,0.008747,0.002336,0.001569,1.23752,1.218646
LSTM_w3_h32_l2_d0.1_e50_lr0.0005_b8,3,32,2,0.1,50,0.0005,8,0.013234,0.010588,0.012172,0.008698,-0.001062,-0.00189,0.919768,0.821492
LSTM_w3_h64_l2_d0.0_e50_lr0.001_b8,3,64,2,0.0,50,0.001,8,0.009864,0.007106,0.012176,0.008874,0.002312,0.001768,1.234343,1.248803
LSTM_w4_h16_l1_d0.0_e50_lr0.0005_b8,4,16,1,0.0,50,0.0005,8,0.009292,0.006566,0.012191,0.008918,0.002899,0.002352,1.311989,1.358205
LSTM_w3_h32_l2_d0.1_e50_lr0.001_b8,3,32,2,0.1,50,0.001,8,0.012865,0.009983,0.012197,0.008694,-0.000668,-0.001289,0.948093,0.870837
LSTM_w4_h64_l1_d0.0_e50_lr0.0005_b8,4,64,1,0.0,50,0.0005,8,0.009312,0.0066,0.012199,0.008901,0.002887,0.002301,1.310042,1.348608
LSTM_w7_h32_l2_d0.0_e50_lr0.001_b8,7,32,2,0.0,50,0.001,8,0.009884,0.007215,0.012214,0.008669,0.00233,0.001454,1.23578,1.201533
LSTM_w5_h16_l2_d0.0_e50_lr0.0005_b8,5,16,2,0.0,50,0.0005,8,0.00952,0.006931,0.01223,0.008977,0.002709,0.002046,1.284575,1.295197
LSTM_w4_h32_l1_d0.0_e50_lr0.0005_b8,4,32,1,0.0,50,0.0005,8,0.009267,0.006527,0.012254,0.008996,0.002988,0.002469,1.322424,1.378214
LSTM_w4_h64_l2_d0.1_e50_lr0.0005_b16,4,64,2,0.1,50,0.0005,16,0.010362,0.007768,0.012258,0.008946,0.001895,0.001178,1.182923,1.151584
LSTM_w7_h32_l2_d0.0_e50_lr0.0005_b8,7,32,2,0.0,50,0.0005,8,0.010018,0.007359,0.012288,0.008866,0.00227,0.001506,1.226607,1.2047
LSTM_w4_h64_l1_d0.0_e50_lr0.001_b8,4,64,1,0.0,50,0.001,8,0.009319,0.006698,0.012294,0.008946,0.002975,0.002248,1.319253,1.335562
LSTM_w6_h32_l2_d0.1_e50_lr0.001_b16,6,32,2,0.1,50,0.001,16,0.010422,0.007893,0.012294,0.009004,0.001872,0.001111,1.17962,1.140763
LSTM_w4_h32_l1_d0.0_e50_lr0.001_b8,4,32,1,0.0,50,0.001,8,0.009244,0.006597,0.012304,0.00904,0.00306,0.002444,1.330966,1.370459
LSTM_w4_h16_l1_d0.1_e50_lr0.001_b16,4,16,1,0.1,50,0.001,16,0.009854,0.007171,0.012322,0.008835,0.002468,0.001664,1.250466,1.232052
LSTM_w3_h16_l1_d0.0_e50_lr0.001_b16,3,16,1,0.0,50,0.001,16,0.010303,0.00738,0.012322,0.008976,0.00202,0.001597,1.196016,1.21636
LSTM_w5_h32_l2_d0.0_e50_lr0.0005_b8,5,32,2,0.0,50,0.0005,8,0.009744,0.007185,0.01233,0.00913,0.002586,0.001945,1.265387,1.270756
LSTM_w5_h64_l2_d0.0_e50_lr0.001_b16,5,64,2,0.0,50,0.001,16,0.010039,0.007477,0.012331,0.009084,0.002292,0.001606,1.228321,1.214845
LSTM_w6_h64_l1_d0.1_e50_lr0.001_b16,6,64,1,0.1,50,0.001,16,0.0101,0.007476,0.012339,0.009179,0.002239,0.001703,1.221665,1.227779
LSTM_w7_h32_l1_d0.1_e50_lr0.0005_b16,7,32,1,0.1,50,0.0005,16,0.009471,0.006859,0.012345,0.008877,0.002873,0.002018,1.303375,1.294132
LSTM_w7_h64_l1_d0.1_e50_lr0.0005_b16,7,64,1,0.1,50,0.0005,16,0.009291,0.006636,0.012367,0.009052,0.003076,0.002416,1.331073,1.364087
LSTM_w7_h32_l1_d0.1_e50_lr0.001_b16,7,32,1,0.1,50,0.001,16,0.009513,0.006863,0.012368,0.00889,0.002855,0.002027,1.300098,1.295365
LSTM_w5_h64_l2_d0.1_e50_lr0.001_b16,5,64,2,0.1,50,0.001,16,0.010027,0.007457,0.012371,0.009009,0.002344,0.001552,1.233797,1.208106
LSTM_w7_h64_l2_d0.1_e50_lr0.001_b8,7,64,2,0.1,50,0.001,8,0.00973,0.007172,0.012375,0.008887,0.002645,0.001714,1.271794,1.239017
LSTM_w5_h32_l1_d0.0_e50_lr0.001_b8,5,32,1,0.0,50,0.001,8,0.009841,0.007319,0.012378,0.009141,0.002538,0.001822,1.257888,1.248952
LSTM_w4_h16_l2_d0.0_e50_lr0.001_b16,4,16,2,0.0,50,0.001,16,0.009344,0.006662,0.012388,0.009071,0.003043,0.002408,1.325683,1.361452
LSTM_w5_h64_l1_d0.1_e50_lr0.001_b16,5,64,1,0.1,50,0.001,16,0.009957,0.00731,0.012391,0.009059,0.002434,0.001749,1.244397,1.239217
LSTM_w4_h32_l1_d0.1_e50_lr0.0005_b8,4,32,1,0.1,50,0.0005,8,0.009654,0.006877,0.012411,0.009098,0.002757,0.00222,1.285615,1.322849
LSTM_w7_h16_l1_d0.0_e50_lr0.001_b8,7,16,1,0.0,50,0.001,8,0.009705,0.007201,0.012414,0.009134,0.002709,0.001932,1.279099,1.268328
LSTM_w4_h64_l2_d0.0_e50_lr0.001_b16,4,64,2,0.0,50,0.001,16,0.009419,0.006734,0.01242,0.009099,0.003,0.002365,1.318545,1.35111
LSTM_w7_h16_l2_d0.0_e50_lr0.001_b8,7,16,2,0.0,50,0.001,8,0.009897,0.007283,0.012423,0.008888,0.002526,0.001606,1.255195,1.220477
LSTM_w5_h32_l1_d0.1_e50_lr0.0005_b8,5,32,1,0.1,50,0.0005,8,0.010522,0.007777,0.012443,0.009161,0.001922,0.001384,1.182624,1.177949
LSTM_w4_h16_l1_d0.0_e50_lr0.001_b8,4,16,1,0.0,50,0.001,8,0.009255,0.006562,0.012443,0.009202,0.003188,0.00264,1.344401,1.402385
LSTM_w4_h64_l2_d0.1_e50_lr0.001_b16,4,64,2,0.1,50,0.001,16,0.011762,0.00911,0.01245,0.009218,0.000687,0.000109,1.058412,1.011912
LSTM_w5_h64_l2_d0.0_e50_lr0.0005_b8,5,64,2,0.0,50,0.0005,8,0.009909,0.007329,0.012457,0.009232,0.002548,0.001903,1.25711,1.259668
LSTM_w4_h32_l1_d0.1_e50_lr0.001_b8,4,32,1,0.1,50,0.001,8,0.009829,0.007091,0.012458,0.009117,0.002629,0.002026,1.267468,1.285696
LSTM_w3_h32_l1_d0.1_e50_lr0.001_b8,3,32,1,0.1,50,0.001,8,0.010812,0.00778,0.012491,0.008909,0.00168,0.00113,1.155365,1.145198
LSTM_w5_h64_l1_d0.1_e50_lr0.0005_b8,5,64,1,0.1,50,0.0005,8,0.010441,0.007821,0.012491,0.009213,0.00205,0.001392,1.196306,1.177965
LSTM_w7_h16_l2_d0.0_e50_lr0.0005_b8,7,16,2,0.0,50,0.0005,8,0.010023,0.007452,0.012493,0.00914,0.00247,0.001689,1.246468,1.226612
LSTM_w5_h64_l1_d0.0_e50_lr0.001_b8,5,64,1,0.0,50,0.001,8,0.009924,0.007463,0.012503,0.009243,0.002579,0.00178,1.259852,1.238538
LSTM_w7_h64_l1_d0.0_e50_lr0.001_b16,7,64,1,0.0,50,0.001,16,0.009248,0.00666,0.012515,0.00918,0.003267,0.00252,1.353218,1.378297
LSTM_w7_h32_l1_d0.0_e50_lr0.001_b16,7,32,1,0.0,50,0.001,16,0.009258,0.006709,0.012526,0.00927,0.003268,0.002561,1.353025,1.381684
LSTM_w7_h16_l1_d0.0_e50_lr0.0005_b8,7,16,1,0.0,50,0.0005,8,0.009297,0.006732,0.012526,0.009284,0.003229,0.002552,1.347354,1.379139
LSTM_w3_h16_l1_d0.1_e50_lr0.0005_b8,3,16,1,0.1,50,0.0005,8,0.010541,0.007556,0.012552,0.009068,0.00201,0.001512,1.190717,1.200131
LSTM_w4_h32_l2_d0.0_e50_lr0.001_b16,4,32,2,0.0,50,0.001,16,0.009442,0.006744,0.012556,0.009322,0.003114,0.002578,1.329778,1.382222
LSTM_w5_h16_l2_d0.0_e50_lr0.001_b8,5,16,2,0.0,50,0.001,8,0.009587,0.007022,0.012561,0.009284,0.002975,0.002262,1.310304,1.322118
LSTM_w5_h32_l2_d0.0_e50_lr0.001_b8,5,32,2,0.0,50,0.001,8,0.009638,0.007061,0.012567,0.009307,0.002928,0.002246,1.30383,1.318087
LSTM_w7_h32_l1_d0.0_e50_lr0.0005_b8,7,32,1,0.0,50,0.0005,8,0.009557,0.007033,0.012576,0.009391,0.003019,0.002358,1.315858,1.335251
LSTM_w7_h64_l2_d0.1_e50_lr0.0005_b8,7,64,2,0.1,50,0.0005,8,0.009617,0.007061,0.012577,0.009066,0.00296,0.002006,1.307728,1.284061
LSTM_w7_h32_l1_d0.0_e50_lr0.001_b8,7,32,1,0.0,50,0.001,8,0.009714,0.007234,0.012583,0.0093,0.002869,0.002066,1.295353,1.285661
LSTM_w7_h64_l1_d0.1_e50_lr0.0005_b8,7,64,1,0.1,50,0.0005,8,0.009613,0.006869,0.012606,0.009181,0.002993,0.002311,1.311384,1.336446
LSTM_w5_h64_l2_d0.0_e50_lr0.001_b8,5,64,2,0.0,50,0.001,8,0.009797,0.007278,0.012619,0.009482,0.002822,0.002204,1.28808,1.302814
LSTM_w6_h32_l2_d0.1_e50_lr0.0005_b16,6,32,2,0.1,50,0.0005,16,0.010184,0.007642,0.01263,0.009349,0.002446,0.001708,1.240125,1.223485
LSTM_w7_h16_l1_d0.1_e50_lr0.001_b16,7,16,1,0.1,50,0.001,16,0.011109,0.008702,0.012674,0.009316,0.001565,0.000614,1.140916,1.07057
LSTM_w7_h64_l1_d0.1_e50_lr0.001_b8,7,64,1,0.1,50,0.001,8,0.009608,0.00689,0.012684,0.009254,0.003076,0.002364,1.320137,1.343076
LSTM_w3_h64_l2_d0.1_e50_lr0.001_b16,3,64,2,0.1,50,0.001,16,0.011299,0.008354,0.012706,0.009137,0.001406,0.000783,1.124458,1.093781
LSTM_w7_h64_l1_d0.1_e50_lr0.001_b16,7,64,1,0.1,50,0.001,16,0.009503,0.00683,0.012727,0.009312,0.003224,0.002481,1.339227,1.363264
LSTM_w7_h16_l1_d0.1_e50_lr0.0005_b8,7,16,1,0.1,50,0.0005,8,0.009565,0.006932,0.012731,0.009357,0.003166,0.002424,1.330963,1.349707
LSTM_w7_h16_l1_d0.1_e50_lr0.001_b8,7,16,1,0.1,50,0.001,8,0.009759,0.007052,0.012745,0.009268,0.002986,0.002216,1.306014,1.314227
LSTM_w3_h16_l1_d0.1_e50_lr0.001_b8,3,16,1,0.1,50,0.001,8,0.010965,0.007947,0.012756,0.009165,0.00179,0.001218,1.163272,1.153282
LSTM_w7_h16_l1_d0.0_e50_lr0.001_b16,7,16,1,0.0,50,0.001,16,0.00935,0.006763,0.012758,0.009483,0.003408,0.00272,1.364533,1.402228
LSTM_w3_h32_l2_d0.1_e50_lr0.0005_b16,3,32,2,0.1,50,0.0005,16,0.010537,0.007594,0.012766,0.009228,0.002229,0.001634,1.211545,1.215187
LSTM_w7_h64_l1_d0.0_e50_lr0.0005_b8,7,64,1,0.0,50,0.0005,8,0.009937,0.007471,0.012886,0.009685,0.002949,0.002214,1.296799,1.296305
LSTM_w6_h64_l1_d0.1_e50_lr0.0005_b8,6,64,1,0.1,50,0.0005,8,0.009856,0.007264,0.012889,0.009804,0.003033,0.002541,1.307725,1.349766
LSTM_w7_h16_l1_d0.0_e50_lr0.0005_b16,7,16,1,0.0,50,0.0005,16,0.009344,0.006724,0.012891,0.009567,0.003547,0.002843,1.379606,1.422794
LSTM_w7_h64_l1_d0.0_e50_lr0.001_b8,7,64,1,0.0,50,0.001,8,0.009692,0.007193,0.01291,0.009562,0.003218,0.002369,1.332047,1.329377
LSTM_w4_h32_l1_d0.1_e50_lr0.001_b16,4,32,1,0.1,50,0.001,16,0.011215,0.008542,0.012918,0.009721,0.001703,0.001179,1.151827,1.138041
LSTM_w5_h64_l1_d0.1_e50_lr0.001_b8,5,64,1,0.1,50,0.001,8,0.01088,0.008279,0.012929,0.009638,0.002049,0.001359,1.188305,1.164105
LSTM_w6_h16_l2_d0.1_e50_lr0.001_b16,6,16,2,0.1,50,0.001,16,0.010323,0.007752,0.013044,0.009552,0.002721,0.001801,1.263542,1.232309
LSTM_w5_h32_l2_d0.1_e50_lr0.001_b8,5,32,2,0.1,50,0.001,8,0.010385,0.007873,0.013053,0.0099,0.002668,0.002027,1.256913,1.257444
LSTM_w6_h16_l1_d0.1_e50_lr0.001_b16,6,16,1,0.1,50,0.001,16,0.00989,0.007228,0.013071,0.009727,0.003181,0.0025,1.321604,1.345834
LSTM_w5_h32_l2_d0.1_e50_lr0.0005_b16,5,32,2,0.1,50,0.0005,16,0.01108,0.008399,0.013077,0.009841,0.001997,0.001442,1.180215,1.171655
LSTM_w7_h32_l2_d0.0_e50_lr0.001_b16,7,32,2,0.0,50,0.001,16,0.009965,0.007491,0.013078,0.009926,0.003114,0.002435,1.312484,1.325068
LSTM_w7_h32_l1_d0.1_e50_lr0.0005_b8,7,32,1,0.1,50,0.0005,8,0.009696,0.006985,0.01308,0.009698,0.003384,0.002713,1.348966,1.388392
LSTM_w6_h64_l2_d0.1_e50_lr0.001_b16,6,64,2,0.1,50,0.001,16,0.010208,0.007681,0.013119,0.009915,0.002911,0.002234,1.285174,1.290903
LSTM_w7_h16_l2_d0.0_e50_lr0.001_b16,7,16,2,0.0,50,0.001,16,0.009552,0.00705,0.013151,0.010054,0.003598,0.003004,1.376714,1.426025
LSTM_w5_h16_l1_d0.1_e50_lr0.0005_b16,5,16,1,0.1,50,0.0005,16,0.010527,0.007763,0.013152,0.009685,0.002625,0.001922,1.249384,1.247623
LSTM_w6_h64_l2_d0.1_e50_lr0.0005_b16,6,64,2,0.1,50,0.0005,16,0.010067,0.007428,0.013169,0.009923,0.003102,0.002496,1.308101,1.335974
LSTM_w7_h32_l1_d0.0_e50_lr0.0005_b16,7,32,1,0.0,50,0.0005,16,0.009479,0.006917,0.013173,0.010009,0.003694,0.003093,1.389716,1.44712
LSTM_w6_h64_l1_d0.1_e50_lr0.001_b8,6,64,1,0.1,50,0.001,8,0.01011,0.007471,0.013196,0.010076,0.003086,0.002606,1.305237,1.348759
LSTM_w7_h64_l1_d0.0_e50_lr0.0005_b16,7,64,1,0.0,50,0.0005,16,0.009578,0.006986,0.013224,0.010074,0.003646,0.003089,1.380685,1.442141
LSTM_w4_h16_l1_d0.1_e50_lr0.0005_b8,4,16,1,0.1,50,0.0005,8,0.010188,0.007234,0.013244,0.009714,0.003056,0.00248,1.299947,1.342754
LSTM_w7_h64_l2_d0.0_e50_lr0.0005_b16,7,64,2,0.0,50,0.0005,16,0.010051,0.007569,0.013275,0.010179,0.003224,0.00261,1.32074,1.34487
LSTM_w7_h64_l2_d0.0_e50_lr0.001_b16,7,64,2,0.0,50,0.001,16,0.010704,0.008263,0.013288,0.010129,0.002584,0.001866,1.241409,1.225814
LSTM_w3_h64_l2_d0.1_e50_lr0.0005_b8,3,64,2,0.1,50,0.0005,8,0.01053,0.007519,0.013307,0.009851,0.002777,0.002332,1.263683,1.310115
LSTM_w6_h16_l2_d0.1_e50_lr0.0005_b16,6,16,2,0.1,50,0.0005,16,0.010885,0.008143,0.013321,0.009787,0.002436,0.001644,1.223794,1.201855
LSTM_w4_h32_l2_d0.0_e50_lr0.0005_b8,4,32,2,0.0,50,0.0005,8,0.010102,0.007376,0.01337,0.010151,0.003268,0.002774,1.323486,1.376096
LSTM_w7_h32_l2_d0.0_e50_lr0.0005_b16,7,32,2,0.0,50,0.0005,16,0.009732,0.007196,0.013372,0.010253,0.00364,0.003056,1.374009,1.424686
LSTM_w4_h16_l2_d0.0_e50_lr0.0005_b8,4,16,2,0.0,50,0.0005,8,0.009835,0.007102,0.013397,0.010136,0.003562,0.003034,1.362186,1.427194
LSTM_w7_h64_l2_d0.1_e50_lr0.0005_b16,7,64,2,0.1,50,0.0005,16,0.009915,0.007318,0.013474,0.010011,0.003559,0.002693,1.358966,1.368011
LSTM_w4_h32_l2_d0.1_e50_lr0.0005_b16,4,32,2,0.1,50,0.0005,16,0.011026,0.00813,0.013494,0.009977,0.002468,0.001847,1.223819,1.227224
LSTM_w6_h16_l1_d0.1_e50_lr0.0005_b16,6,16,1,0.1,50,0.0005,16,0.010308,0.007671,0.013524,0.010221,0.003216,0.00255,1.311969,1.332378
LSTM_w5_h16_l2_d0.1_e50_lr0.0005_b16,5,16,2,0.1,50,0.0005,16,0.013217,0.010269,0.013556,0.0101,0.000339,-0.000169,1.025667,0.983568
LSTM_w4_h64_l2_d0.0_e50_lr0.0005_b8,4,64,2,0.0,50,0.0005,8,0.010385,0.007627,0.013596,0.010271,0.003211,0.002643,1.309216,1.346529
LSTM_w5_h32_l1_d0.1_e50_lr0.001_b8,5,32,1,0.1,50,0.001,8,0.01148,0.008764,0.013651,0.010427,0.002171,0.001663,1.189097,1.189717
LSTM_w7_h16_l2_d0.0_e50_lr0.0005_b16,7,16,2,0.0,50,0.0005,16,0.009769,0.007238,0.013653,0.010482,0.003884,0.003244,1.397568,1.448274
LSTM_w7_h32_l2_d0.1_e50_lr0.0005_b16,7,32,2,0.1,50,0.0005,16,0.01066,0.008041,0.013664,0.010248,0.003003,0.002206,1.281744,1.27439
LSTM_w6_h16_l2_d0.1_e50_lr0.0005_b8,6,16,2,0.1,50,0.0005,8,0.010456,0.007827,0.013674,0.010566,0.003219,0.00274,1.307846,1.350018
LSTM_w7_h32_l2_d0.1_e50_lr0.001_b8,7,32,2,0.1,50,0.001,8,0.010771,0.008107,0.013846,0.010105,0.003075,0.001998,1.28547,1.246482
LSTM_w4_h16_l1_d0.1_e50_lr0.001_b8,4,16,1,0.1,50,0.001,8,0.010614,0.007542,0.013875,0.01037,0.003261,0.002828,1.307205,1.374947
LSTM_w7_h32_l1_d0.1_e50_lr0.001_b8,7,32,1,0.1,50,0.001,8,0.010222,0.007457,0.013892,0.010473,0.00367,0.003016,1.359014,1.404383
LSTM_w3_h16_l2_d0.1_e50_lr0.0005_b8,3,16,2,0.1,50,0.0005,8,0.011394,0.008525,0.0139,0.010376,0.002506,0.001852,1.219942,1.217198
LSTM_w5_h16_l1_d0.1_e50_lr0.001_b16,5,16,1,0.1,50,0.001,16,0.011104,0.008206,0.013908,0.010296,0.002804,0.002091,1.252533,1.254789
LSTM_w4_h32_l2_d0.0_e50_lr0.001_b8,4,32,2,0.0,50,0.001,8,0.010543,0.007851,0.013919,0.010493,0.003376,0.002642,1.320258,1.336539
LSTM_w7_h64_l2_d0.1_e50_lr0.001_b16,7,64,2,0.1,50,0.001,16,0.010776,0.008197,0.013953,0.010549,0.003177,0.002352,1.294841,1.286947
LSTM_w6_h16_l2_d0.1_e50_lr0.001_b8,6,16,2,0.1,50,0.001,8,0.010742,0.008087,0.013977,0.01097,0.003235,0.002883,1.301126,1.356463
LSTM_w7_h32_l2_d0.1_e50_lr0.0005_b8,7,32,2,0.1,50,0.0005,8,0.010649,0.007945,0.014021,0.010427,0.003372,0.002482,1.316617,1.312374
LSTM_w4_h16_l2_d0.0_e50_lr0.001_b8,4,16,2,0.0,50,0.001,8,0.010375,0.007669,0.014131,0.01076,0.003755,0.003091,1.361968,1.403069
LSTM_w3_h64_l2_d0.1_e50_lr0.001_b8,3,64,2,0.1,50,0.001,8,0.01102,0.008019,0.01417,0.010859,0.003151,0.00284,1.285896,1.354189
LSTM_w4_h64_l2_d0.0_e50_lr0.001_b8,4,64,2,0.0,50,0.001,8,0.010811,0.007993,0.014247,0.010772,0.003436,0.00278,1.317841,1.347775
LSTM_w4_h32_l2_d0.1_e50_lr0.0005_b8,4,32,2,0.1,50,0.0005,8,0.011375,0.008436,0.014526,0.011067,0.003151,0.002631,1.277054,1.311835
LSTM_w7_h32_l2_d0.1_e50_lr0.001_b16,7,32,2,0.1,50,0.001,16,0.011004,0.008436,0.014557,0.011357,0.003554,0.002921,1.32294,1.346275
LSTM_w6_h32_l2_d0.1_e50_lr0.0005_b8,6,32,2,0.1,50,0.0005,8,0.01096,0.008326,0.014623,0.011541,0.003663,0.003215,1.334192,1.386121
LSTM_w5_h32_l2_d0.1_e50_lr0.001_b16,5,32,2,0.1,50,0.001,16,0.011463,0.008535,0.014664,0.011554,0.003201,0.003019,1.279237,1.353692
LSTM_w4_h64_l2_d0.1_e50_lr0.0005_b8,4,64,2,0.1,50,0.0005,8,0.011182,0.008224,0.014757,0.011275,0.003575,0.003051,1.319659,1.37101
LSTM_w7_h16_l2_d0.1_e50_lr0.001_b8,7,16,2,0.1,50,0.001,8,0.011384,0.008615,0.014858,0.011259,0.003474,0.002644,1.305203,1.306959
LSTM_w7_h16_l2_d0.1_e50_lr0.0005_b16,7,16,2,0.1,50,0.0005,16,0.012896,0.009867,0.014861,0.011211,0.001966,0.001344,1.152434,1.136216
LSTM_w4_h16_l2_d0.1_e50_lr0.0005_b8,4,16,2,0.1,50,0.0005,8,0.011729,0.00887,0.014894,0.011564,0.003165,0.002694,1.269821,1.303675
LSTM_w5_h16_l2_d0.1_e50_lr0.0005_b8,5,16,2,0.1,50,0.0005,8,0.011452,0.008726,0.014934,0.011904,0.003482,0.003179,1.304045,1.364276
LSTM_w7_h16_l2_d0.1_e50_lr0.001_b16,7,16,2,0.1,50,0.001,16,0.012519,0.009725,0.015001,0.011714,0.002482,0.001989,1.198253,1.204502
LSTM_w6_h32_l2_d0.1_e50_lr0.001_b8,6,32,2,0.1,50,0.001,8,0.011165,0.008517,0.01511,0.011984,0.003945,0.003467,1.353341,1.4071
LSTM_w5_h16_l2_d0.1_e50_lr0.001_b16,5,16,2,0.1,50,0.001,16,0.013404,0.010565,0.015246,0.012032,0.001842,0.001467,1.137393,1.138813
LSTM_w3_h16_l2_d0.1_e50_lr0.001_b8,3,16,2,0.1,50,0.001,8,0.012239,0.009312,0.015467,0.011828,0.003228,0.002516,1.263794,1.270189
LSTM_w7_h16_l2_d0.1_e50_lr0.0005_b8,7,16,2,0.1,50,0.0005,8,0.011728,0.00896,0.015514,0.011862,0.003785,0.002902,1.322725,1.323871
LSTM_w5_h16_l2_d0.1_e50_lr0.001_b8,5,16,2,0.1,50,0.001,8,0.011967,0.009283,0.015526,0.012332,0.00356,0.003049,1.297465,1.32846
LSTM_w4_h64_l2_d0.1_e50_lr0.001_b8,4,64,2,0.1,50,0.001,8,0.012564,0.009426,0.01645,0.012933,0.003886,0.003506,1.30927,1.371979
LSTM_w4_h16_l2_d0.1_e50_lr0.001_b8,4,16,2,0.1,50,0.001,8,0.013562,0.010551,0.016988,0.013657,0.003426,0.003106,1.252649,1.294413
LSTM_w4_h32_l2_d0.1_e50_lr0.001_b8,4,32,2,0.1,50,0.001,8,0.013705,0.010348,0.017063,0.013267,0.003358,0.00292,1.244991,1.282157
