geocode,departamento,distrito,km_carreteras,area_utm_km2,densidad_carreteras_km_km2
250305,Ucayali,Alexander Von Humboldt,56.59997051585544,205.12593999026691,0.2759279032117589
220509,San Martin,Shanao,37.17819105940212,24.347695206635308,1.526969626647462
250304,Ucayali,Neshuya,145.74587593495065,623.3702441602967,0.23380306856204833
220501,San Martin,Lamas,69.23796886431367,129.42042912935193,0.5349848499969997
220902,San Martin,Alberto Leveau,6.671421345032846,51.77247253795632,0.12886039661601598
250102,Ucayali,Campoverde,420.80262215282767,1324.676230901178,0.3176645072483526
220702,San Martin,Buenos Aires,108.14695334444943,311.17853588157976,0.34753988747348946
220502,San Martin,Alonso De Alvarado,71.68538213239258,296.28767141294287,0.24194520747534928
220404,San Martin,Piscoyacu,77.06132909873502,179.75145890612757,0.42871045146275616
220708,San Martin,Shamboyacu,133.91747171996718,392.2988724893263,0.3413659357983773
220204,San Martin,Huallaga,41.758641954799515,256.29489046146585,0.16293201116733913
220605,San Martin,Pajarillo,106.38144732006845,454.31514348834213,0.23415782820542988
010703,Amazonas,Cumba,113.82251884179665,301.83529094134155,0.3771014266980359
220704,San Martin,Pilluana,23.09126393397399,68.34812652807737,0.3378477963765124
220104,San Martin,Jepelacio,122.61113313554755,386.1968468908214,0.3174835168196232
220505,San Martin,Cuñumbuqui,65.24370625398878,182.0479718620217,0.3583874381387696
220507,San Martin,Rumisapa,30.935811185846458,33.24432486598168,0.930559164926899
220913,San Martin,Sauce,17.91098706888234,100.79580658189283,0.17769575616551397
010608,Amazonas,Milpuc,21.534281465283975,42.983115807280825,0.5009939614856009
220405,San Martin,Sacanche,48.86120251968279,161.72974326145075,0.3021163673072444
220709,San Martin,Tingo De Ponasa,116.24606607725566,335.1977466456922,0.3467984711726868
220304,San Martin,Santa Rosa,97.15665490046466,249.21368058880364,0.38985281494546326
100903,Huanuco,Honoria,182.78714184616948,948.542425859834,0.19270318001904524
220203,San Martin,Bajo Biavo,233.7505772066128,1122.106368496657,0.20831409906333598
220710,San Martin,Tres Unidos,98.79026098690275,370.36766623514353,0.26673565214567513
220510,San Martin,Tabalosos,96.91472360949187,361.96238288567537,0.26774805391891254
100904,Huanuco,Tournavista,138.74724693119074,1739.5610777174172,0.07975991685974565
010701,Amazonas,Bagua Grande,255.32779596771584,729.4867024694049,0.35001021280223327
220701,San Martin,Picota,69.7410032167967,217.24095873889547,0.3210306363111721
220403,San Martin,El Eslabon,19.497859928011906,124.65613655236467,0.15641315756502194
250105,Ucayali,Yarinacocha,125.77240602604998,661.1835318305731,0.19022313770857635
220914,San Martin,Shapaja,28.269056954603982,237.66784402904216,0.11894354943174225
010707,Amazonas,Yamon,53.954417585014326,135.68929933822426,0.39763207451256355
010705,Amazonas,Jamalca,117.78287368190998,351.2171603715725,0.3353562609449402
220205,San Martin,San Pablo,128.83227333185192,347.99517120809065,0.3702128190014858
220705,San Martin,Pucacaca,75.97587213385641,202.9035790437305,0.37444323304657834
220601,San Martin,Juanjui,87.2540830018677,447.691909602845,0.19489760956205857
100905,Huanuco,Yuyapichis,175.63240489432957,2065.080020799099,0.08504871633321366
100608,Huanuco,Castillo Grande,50.59128811418498,104.31207555059086,0.4849993430496783
220302,San Martin,Agua Blanca,31.000428085901362,152.65118765341998,0.20308016309892649
250306,Ucayali,Huipoca,90.1147530443002,589.7172837340729,0.15281009312410884
010611,Amazonas,Totora,10.689398377951104,19.4660997954613,0.5491289210611894
010706,Amazonas,Lonya Grande,161.41454060091934,365.14916626882894,0.4420509630359754
220706,San Martin,San Cristobal,16.997448724472765,30.078780164966393,0.565097674548324
010303,Amazonas,Churuja,7.554557216281235,31.86102072825128,0.2371097046989013
220301,San Martin,San Jose De Sisa,94.4705063086623,308.50879835909603,0.30621657084379533
010204,Amazonas,El Parco,12.972931747590277,18.217571728944986,0.7121109190956683
010306,Amazonas,Florida,55.04176806935973,222.40537293962277,0.247483985399499
220303,San Martin,San Martin,74.75168883859098,520.7247035073095,0.14355318335217349
220106,San Martin,Yantalo,27.19307157237159,69.65109798685789,0.3904184192114604
220305,San Martin,Shatoja,25.637778233280933,62.02034500066292,0.413376904514267
010104,Amazonas,Cheto,18.14397016366745,70.38870266956128,0.2577682138686949
160201,Loreto,Yurimaguas,225.70943890446802,2234.637247198645,0.10100495692865531
060901,Cajamarca,San Ignacio,282.76421652939604,357.58958812342485,0.7907506983447118
220511,San Martin,Zapatero,64.86331844072222,174.4009589845579,0.3719206523770633
060811,Cajamarca,San Jose Del Alto,159.98138976085073,506.2022608744121,0.3160424243947457
010206,Amazonas,La Peca,41.8739765763989,138.45352286810026,0.30244067257350143
220401,San Martin,Saposoa,124.59735692043179,525.5455394530054,0.23708194165269547
060902,Cajamarca,Chirinos,258.1522777665929,357.1157433684856,0.7228812578565643
220908,San Martin,Juan Guerra,55.29901527286975,192.11798727779112,0.2878388226757273
060904,Cajamarca,La Coipa,311.32975668798014,406.1537461378945,0.7665317866655343
220808,San Martin,Yorongos,34.49663465527151,81.80643531677875,0.4216860754498142
120607,Junin,Rio Negro,405.1347415100895,488.1296776295428,0.8299735911930337
060812,Cajamarca,Santa Rosa,168.22618032087036,311.88852854047394,0.5393791849546642
250106,Ucayali,Nueva Requena,104.47381926454608,2059.982910936716,0.05071586696660494
220802,San Martin,Awajun,81.04195247618416,506.8900279879208,0.1598807394137874
250302,Ucayali,Irazola,132.1907909436629,1876.8509496375284,0.0704322263678917
010109,Amazonas,La Jalca,61.969969069235226,124.1966575624039,0.4989664801413659
220906,San Martin,El Porvenir,45.082787471612065,489.31067858617104,0.09213530267084222
220707,San Martin,San Hilarion,45.849573812928746,103.96379071012514,0.44101483314289547
220806,San Martin,Posic,28.09727207425158,52.59475802880956,0.5342219096979377
220406,San Martin,Tingo De Saposoa,18.63002027687382,46.94001934514918,0.39688991476308505
100901,Huanuco,Puerto Inca,195.24742838302004,2389.430614447735,0.08171295169755212
010105,Amazonas,Chiliquin,16.514044832136587,141.79353992680956,0.11646542459311435
220105,San Martin,Soritor,95.75188987516229,583.6924421759529,0.16404510827347338
220201,San Martin,Bellavista,113.54763101724444,259.38675716577006,0.4377541562180752
060803,Cajamarca,Chontali,49.64757395953082,464.28921274569814,0.10693243046920398
100605,Huanuco,Luyando,90.47250037482596,111.370964056425,0.8123526732604107
010307,Amazonas,Jazan,30.055018781650464,75.88576569976087,0.3960560785610571
010502,Amazonas,Camporredondo,48.04808193078132,219.27141980376928,0.21912605835170212
010515,Amazonas,Providencia,12.40378514445837,116.69289197318311,0.1062942646695983
010102,Amazonas,Asuncion,16.281915235317445,34.90294247360624,0.46649119189964866
010510,Amazonas,Luya Viejo,11.277102037915757,67.85993800356275,0.16618202682890298
100601,Huanuco,Rupa-Rupa,61.10236322562091,260.530149807674,0.23453087203430123
010514,Amazonas,Pisuquia,0.0,291.30718096018455,0.0
060810,Cajamarca,San Felipe,45.33253497816467,257.3615307363717,0.1761433997087974
010305,Amazonas,Cuispes,24.877719571356465,96.59903610092873,0.2575358986539337
060905,Cajamarca,Namballe,165.65161516569586,635.7675794770224,0.2605537314468907
010119,Amazonas,San Isidro De Maino,21.948194741353397,108.08418720400284,0.20306573337991995
060801,Cajamarca,Jaen,255.1221954798781,558.0183647773138,0.4571931885820437
010513,Amazonas,Ocumal,49.52378246384546,364.5391747353362,0.1358531151001833
220912,San Martin,San Antonio,11.666111613971358,78.28701300237218,0.14901720178821823
220903,San Martin,Cacatachi,34.45565743316455,52.4399063106058,0.6570503240238629
120602,Junin,Coviriali,100.02517449024963,97.54063039289605,1.025471888866678
120304,Junin,San Luis De Shuaro,181.41330947748173,192.3511894676437,0.9431358858739894
120601,Junin,Satipo,486.3917305056078,815.0776898883933,0.596742784816265
010203,Amazonas,Copallin,41.1674614073454,99.2052986053653,0.41497240556785087
010112,Amazonas,Magdalena,36.05625826480823,135.5578320374128,0.2659843236122057
220102,San Martin,Calzada,61.31070173118853,115.93533160572689,0.5288353505529625
060805,Cajamarca,Huabal,73.76432239460986,85.14691983485959,0.8663181538178245
010610,Amazonas,Santa Rosa,5.894339517579626,20.240172689632598,0.2912198234651831
220503,San Martin,Barranquita,52.33906109783897,1056.9732251783878,0.049517868429453916
220801,San Martin,Rioja,73.8975800849205,209.08320337113418,0.3534362344437025
220703,San Martin,Caspisapa,42.92239967975204,76.01217964167633,0.564677922434135
080904,Cusco,Maranura,123.0760644038403,164.74684845746472,0.7470617226138732
010117,Amazonas,Quinjalca,41.99413982669044,82.55626292069545,0.5086729745389581
250303,Ucayali,Curimana,111.46370036292059,1877.650983769895,0.059363375476270304
010308,Amazonas,Recta,16.48855854262639,28.08618617543805,0.5870700436019317
010115,Amazonas,Montevideo,28.575966473186945,123.13968235904973,0.23206139504132683
010114,Amazonas,Molinopampa,61.651788960510714,340.620093615022,0.18099868479923334
010503,Amazonas,Cocabamba,32.54681947582031,341.6399871271909,0.09526642284910075
060809,Cajamarca,Sallique,85.60169101078631,367.74270444060505,0.23277604144723973
010120,Amazonas,Soloco,13.435426632166855,74.84139475419542,0.17951865643730136
010521,Amazonas,Santo Tomas,28.866347103770554,90.09034525791962,0.3204155453187475
100113,Huanuco,San Pablo De Pillao,65.45649841334195,592.711987632442,0.1104355906058263
010602,Amazonas,Chirimoto,31.12525556634441,153.89245670524897,0.20225328929512623
100603,Huanuco,Hermilio Valdizan,122.57066297719547,285.5539288342109,0.4292382299819747
010111,Amazonas,Levanto,25.01637502092965,74.92199260810337,0.33389895476730747
010518,Amazonas,San Jeronimo,47.45852838428772,208.20722025177392,0.2279389174251433
010609,Amazonas,Omia,16.45954784516776,225.2821208951564,0.07306193576199434
100902,Huanuco,Codo Del Pozuzo,254.25598057759166,3221.259969070146,0.07893059952282759
010113,Amazonas,Mariscal Castilla,33.139813505827725,78.94581105193274,0.41977925192291
220101,San Martin,Moyobamba,194.40918499483118,2699.0740962939467,0.07202810225246174
010310,Amazonas,Shipasbamba,12.527308100034464,125.58193680968667,0.0997540603233329
100103,Huanuco,Chinchao,224.1441487115781,806.3725085222778,0.27796600993049064
010311,Amazonas,Valera,19.4323124048346,78.13542608981301,0.2487004087300691
060907,Cajamarca,Tabaconas,146.20573532555704,776.1743462663168,0.18836713172608738
160112,Loreto,Belen,0.15543246777390315,653.0257439860047,0.00023801889773159433
200307,Piura,Sondor,148.92930336403234,344.7332541230618,0.43201316259112044
220803,San Martin,Elias Soplin Vargas,23.06418506658107,169.46460057512064,0.13610031232662734
010506,Amazonas,Inguilpata,20.48272448659812,118.71519955298292,0.17253666391266623
220506,San Martin,Pinto Recodo,27.496620325977958,559.7571247735508,0.04912241239823734
120303,Junin,Pichanaqui,713.9982536072688,1242.381349108362,0.5747013621217788
010202,Amazonas,Aramango,100.60659926160879,773.8140723197029,0.13001391789117395
010606,Amazonas,Longar,9.479944518160293,82.30073925112669,0.11518662656521052
160101,Loreto,Iquitos,6.742095302433395,366.9135704938607,0.018375159287127556
010507,Amazonas,Longuita,18.07167289418875,58.76234427770372,0.3075383243524835
221001,San Martin,Tocache,222.08856541199657,1006.4661283797154,0.2206617382837626
010511,Amazonas,Maria,2.811797181918755,87.84410304210007,0.032008946355467666
080901,Cusco,Santa Ana,259.01499450037113,391.7952459520712,0.661097849390589
120302,Junin,Perene,808.7625542938896,1490.0235938218864,0.5427850657179372
050409,Ayacucho,Canayre,71.68064556261506,269.027344674239,0.26644371652782
221002,San Martin,Nuevo Progreso,148.3691795128464,824.6433710375592,0.17991920474200812
200303,Piura,El Carmen De La Frontera,119.84154370060487,660.183267600154,0.18152769023705098
100609,Huanuco,Pueblo Nuevo,73.87125737573012,320.1259174868183,0.23075687827984714
080903,Cusco,Huayopata,188.87666528000912,530.5958101190477,0.3559708947525078
010604,Amazonas,Huambo,35.80874097487014,77.70256208695218,0.4608437613009307
100505,Huanuco,Jircan,78.90448323823587,238.71392344872424,0.3305399287075291
010512,Amazonas,Ocalli,18.312413908357755,172.277723493434,0.1062958897820338
010101,Amazonas,Chachapoyas,112.57578800942771,153.3889745744202,0.7339235973235415
060903,Cajamarca,Huarango,265.38687805250794,910.7395442212659,0.2913971175803383
010116,Amazonas,Olleros,4.655297933927986,106.89308274630041,0.04355097462178025
010605,Amazonas,Limabamba,41.818920465690894,615.2410901472085,0.0679715986714816
100804,Huanuco,Umari,213.62034918534272,157.0648825307435,1.3600770951681653
220504,San Martin,Caynarachi,115.88073426530266,1271.3611422880551,0.09114698444908685
080905,Cusco,Ocobamba,173.42235443366334,863.5225850970647,0.20083128968094066
010517,Amazonas,San Francisco Del Yeso,39.81270833732562,182.01871358495856,0.21872865461573954
120609,Junin,Vizcatán Del Ene,33.636487566014,607.2476988730629,0.055391708570385646
060807,Cajamarca,Pomahuaca,85.51470260543759,816.0655603565059,0.10478901053988811
010304,Amazonas,Corosha,14.377880965545303,64.27194499625536,0.22370384102088392
221005,San Martin,Uchiza,137.73053628846037,603.4569601830459,0.22823588984156007
220807,San Martin,San Fernando,45.34264942326384,69.17108092017922,0.6555145419165492
050512,Ayacucho,Union Progreso,40.227630299959316,39.091650260704945,1.029059403521684
060804,Cajamarca,Colasay,207.21996154624264,604.5171760212695,0.3427858955308687
160503,Loreto,Capelo,0.0,800.6108788406436,0.0
220910,San Martin,Morales,43.634487646037506,50.67173509865692,0.8611208509257079
120604,Junin,Mazamari,441.6552600201912,1258.0455892779883,0.3510645908099912
120603,Junin,Llaylla,78.4750738989329,308.1774618593672,0.25464248237187437
010520,Amazonas,Santa Catalina,8.421512610969735,164.9991719613166,0.05103972650810712
010603,Amazonas,Cochamal,31.83978416144334,180.94631323914746,0.1759626023402993
120209,Junin,Mariscal Castilla,60.08085161042495,56.22632683405388,1.068553736183893
010601,Amazonas,San Nicolas,17.561164581572783,102.24691144118162,0.17175251881984707
010519,Amazonas,San Juan De Lopecancha,20.367110036135735,86.44138997486193,0.23561756748773596
160211,Loreto,Teniente Cesar Lopez Rojas,37.106247594249425,1319.7711555531384,0.02811566796116071
080408,Cusco,Yanatile,412.89226529481647,1995.904304599465,0.20686977043104032
050408,Ayacucho,Llochegua,148.65403511294204,515.6743692564535,0.2882711338306091
100507,Huanuco,Monzon,132.75079896653853,1403.418057898752,0.09459105803818556
081304,Cusco,Machupicchu,9.223161525806285,361.51240729208814,0.025512710877318035
220909,San Martin,La Banda De Shilcayo,74.12859835509612,266.5510248182154,0.2781028450580932
220103,San Martin,Habana,44.68490759157599,68.82802683644364,0.6492254630190248
100606,Huanuco,Mariano Damaso Beraun,138.2133132454207,746.1763353545031,0.1852287545138463
010508,Amazonas,Lonya Chico,35.456822716808624,69.62765364064137,0.509234777604406
170102,Madre De Dios,Inambari,281.6127613122655,4881.604869792275,0.0576885612055383
050502,Ayacucho,Anco,210.85175431353056,748.4385395672449,0.28172220318243807
010523,Amazonas,Trita,6.744877941134927,14.010772161219622,0.48140658227274985
010516,Amazonas,San Cristobal,10.464097592459193,35.59753415572679,0.2939556865563333
080918,Cusco,Union Ashaninka,53.229449397761755,307.04834584105095,0.17335852844918737
221006,San Martin,Santa Lucia,52.94871709122284,268.27874108439516,0.19736456521751095
100702,Huanuco,Cholon,150.84803893051338,2201.918127337634,0.0685075603210123
211205,Puno,Phara,47.094736774208286,435.70861237557716,0.1080876885068616
170204,Madre De Dios,Huepetuhe,128.53634532605852,1530.4343735300665,0.08398683899759739
010302,Amazonas,Chisquilla,9.549536324585624,162.00708691892777,0.058945176449993454
050507,Ayacucho,Santa Rosa,107.83277447160108,389.05480520560724,0.27716602655662803
220804,San Martin,Nueva Cajamarca,91.79604450173045,334.30703761015315,0.2745860367102919
220809,San Martin,Yuracyacu,55.23699972132453,62.10182436893999,0.8894585671616939
160603,Loreto,Padre Marquez,36.29805978899825,2434.919583357681,0.014907293052752206
010522,Amazonas,Tingo,36.910019157135494,109.17575982592447,0.33807888505641503
080906,Cusco,Quellouno,912.5711246355704,1966.819955909866,0.4639830513685265
010301,Amazonas,Jumbilla,8.641352998809479,158.86598236186447,0.05439397956905734
080917,Cusco,Manitea,75.50599647293622,142.64220767243648,0.5293383894220718
